# Time Energy
0.000000000000000000e+00 1.249983520612862747e-01
3.515625000000000087e-03 1.249967041397057332e-01
7.031250000000000173e-03 1.249950562313646985e-01
1.054687500000000069e-02 1.249934083320205502e-01
1.406250000000000035e-02 1.249917604374308766e-01
1.757812500000000000e-02 1.249901125433535154e-01
2.109375000000000139e-02 1.249884646455467208e-01
2.460937499999999931e-02 1.249868167397686636e-01
2.812500000000000069e-02 1.249851688217777923e-01
3.164062499999999861e-02 1.249835208873324999e-01
3.515625000000000000e-02 1.249818729321912625e-01
3.867187500000000139e-02 1.249802249521125841e-01
4.218750000000000278e-02 1.249785769428547882e-01
4.570312500000000416e-02 1.249769289001760875e-01
4.921874999999999861e-02 1.249752808198346388e-01
5.273437500000000000e-02 1.249736326975881967e-01
5.625000000000000139e-02 1.249719845291944464e-01
5.976562500000000278e-02 1.249703363104105597e-01
6.328124999999999722e-02 1.249686880369935138e-01
6.679687500000000555e-02 1.249670397046997866e-01
7.031250000000000000e-02 1.249653913092854673e-01
7.382812500000000833e-02 1.249637428465061040e-01
7.734375000000000278e-02 1.249620943121166616e-01
8.085937499999999722e-02 1.249604457018715920e-01
8.437500000000000555e-02 1.249587970115245694e-01
8.789062500000000000e-02 1.249571482368287412e-01
9.140625000000000833e-02 1.249554993735364078e-01
9.492187500000000278e-02 1.249538504173991205e-01
9.843749999999999722e-02 1.249522013641676671e-01
1.019531250000000056e-01 1.249505522095917254e-01
1.054687500000000000e-01 1.249489029494203485e-01
1.089843750000000083e-01 1.249472535794013961e-01
1.125000000000000028e-01 1.249456040952817981e-01
1.160156249999999972e-01 1.249439544928074852e-01
1.195312500000000056e-01 1.249423047677231668e-01
1.230468750000000000e-01 1.249406549157723312e-01
1.265624999999999944e-01 1.249390049326974256e-01
1.300781250000000167e-01 1.249373548142396345e-01
1.335937500000000111e-01 1.249357045561386714e-01
1.371093750000000056e-01 1.249340541541331118e-01
1.406250000000000000e-01 1.249324036039599906e-01
1.441406249999999944e-01 1.249307529013549134e-01
1.476562500000000167e-01 1.249291020420521259e-01
1.511718750000000111e-01 1.249274510217842360e-01
1.546875000000000056e-01 1.249257998362822836e-01
1.582031250000000000e-01 1.249241484812756986e-01
1.617187499999999944e-01 1.249224969524922457e-01
1.652343750000000167e-01 1.249208452456579826e-01
1.687500000000000111e-01 1.249191933564972323e-01
1.722656250000000056e-01 1.249175412807324165e-01
1.757812500000000000e-01 1.249158890140841804e-01
1.792968749999999944e-01 1.249142365522712128e-01
1.828125000000000167e-01 1.249125838910103148e-01
1.863281250000000111e-01 1.249109310260162475e-01
1.898437500000000056e-01 1.249092779530018293e-01
1.933593750000000000e-01 1.249076246676777135e-01
1.968749999999999944e-01 1.249059711657523886e-01
2.003906250000000167e-01 1.249043174429322611e-01
2.039062500000000111e-01 1.249026634949214482e-01
2.074218750000000056e-01 1.249010093174218183e-01
2.109375000000000000e-01 1.248993549061330061e-01
2.144531249999999944e-01 1.248977002567522032e-01
2.179687500000000167e-01 1.248960453649741731e-01
2.214843750000000111e-01 1.248943902264913752e-01
2.250000000000000056e-01 1.248927348369936602e-01
2.285156250000000000e-01 1.248910791921683527e-01
2.320312499999999944e-01 1.248894232877002242e-01
2.355468750000000167e-01 1.248877671192713812e-01
2.390625000000000111e-01 1.248861106825613354e-01
2.425781250000000056e-01 1.248844539732468228e-01
2.460937500000000000e-01 1.248827969870018595e-01
2.496093749999999944e-01 1.248811397194975747e-01
2.531249999999999889e-01 1.248794821664023780e-01
2.566406250000000111e-01 1.248778243233816809e-01
2.601562500000000333e-01 1.248761661860980088e-01
2.636718750000000000e-01 1.248745077502108614e-01
2.671875000000000222e-01 1.248728490113767131e-01
2.707031249999999889e-01 1.248711899652490548e-01
2.742187500000000111e-01 1.248695306074781575e-01
2.777343750000000333e-01 1.248678709337111975e-01
2.812500000000000000e-01 1.248662109395921177e-01
2.847656250000000222e-01 1.248645506207616551e-01
2.882812499999999889e-01 1.248628899728571884e-01
2.917968750000000111e-01 1.248612289915127793e-01
2.953125000000000333e-01 1.248595676723591175e-01
2.988281250000000000e-01 1.248579060110235062e-01
3.023437500000000222e-01 1.248562440031297516e-01
3.058593749999999889e-01 1.248545816442981626e-01
3.093750000000000111e-01 1.248529189301455788e-01
3.128906250000000333e-01 1.248512558562850094e-01
3.164062500000000000e-01 1.248495924183260497e-01
3.199218750000000222e-01 1.248479286118744924e-01
3.234374999999999889e-01 1.248462644325324944e-01
3.269531250000000111e-01 1.248445998758983544e-01
3.304687500000000333e-01 1.248429349375666242e-01
3.339843750000000000e-01 1.248412696131280530e-01
3.375000000000000222e-01 1.248396038981693101e-01
3.410156249999999889e-01 1.248379377882732760e-01
3.445312500000000111e-01 1.248362712790187512e-01
3.480468750000000333e-01 1.248346043659807059e-01
3.515625000000000000e-01 1.248329370447297942e-01
3.550781250000000222e-01 1.248312693108326599e-01
3.585937499999999889e-01 1.248296011598518940e-01
3.621093750000000111e-01 1.248279325873457579e-01
3.656250000000000333e-01 1.248262635888683358e-01
3.691406250000000000e-01 1.248245941599693820e-01
3.726562500000000222e-01 1.248229242961944596e-01
3.761718749999999889e-01 1.248212539930846909e-01
3.796875000000000111e-01 1.248195832461767019e-01
3.832031250000000333e-01 1.248179120510027884e-01
3.867187500000000000e-01 1.248162404030907502e-01
3.902343750000000222e-01 1.248145682979638349e-01
3.937499999999999889e-01 1.248128957311407383e-01
3.972656250000000111e-01 1.248112226981355211e-01
4.007812500000000333e-01 1.248095491944575530e-01
4.042968750000000000e-01 1.248078752156116106e-01
4.078125000000000222e-01 1.248062007570977239e-01
4.113281249999999889e-01 1.248045258144110659e-01
4.148437500000000111e-01 1.248028503830420077e-01
4.183593750000000333e-01 1.248011744584761051e-01
4.218750000000000000e-01 1.247994980361939871e-01
4.253906250000000222e-01 1.247978211116713837e-01
4.289062499999999889e-01 1.247961436803790014e-01
4.324218750000000111e-01 1.247944657377825228e-01
4.359375000000000333e-01 1.247927872793426485e-01
4.394531250000000000e-01 1.247911083005148747e-01
4.429687500000000222e-01 1.247894287967495908e-01
4.464843749999999889e-01 1.247877487634920790e-01
4.500000000000000111e-01 1.247860681961822787e-01
4.535156250000000333e-01 1.247843870902549668e-01
4.570312500000000000e-01 1.247827054411395353e-01
4.605468750000000222e-01 1.247810232442601031e-01
4.640624999999999889e-01 1.247793404950353902e-01
4.675781250000000111e-01 1.247776571888786490e-01
4.710937500000000333e-01 1.247759733211977751e-01
4.746093750000000000e-01 1.247742888873949740e-01
4.781250000000000222e-01 1.247726038828671780e-01
4.816406249999999889e-01 1.247709183030055596e-01
4.851562500000000111e-01 1.247692321431957130e-01
4.886718750000000333e-01 1.247675453988175559e-01
4.921875000000000000e-01 1.247658580652453858e-01
4.957031250000000222e-01 1.247641701378476575e-01
4.992187499999999889e-01 1.247624816119872054e-01
5.027343750000000666e-01 1.247607924830208270e-01
5.062499999999999778e-01 1.247591027462997271e-01
5.097656250000000000e-01 1.247574123971690319e-01
5.132812500000000222e-01 1.247557214309679696e-01
5.167968750000000444e-01 1.247540298430299122e-01
5.203125000000000666e-01 1.247523376286821251e-01
5.238281249999999778e-01 1.247506447832457954e-01
5.273437500000000000e-01 1.247489513020361707e-01
5.308593750000000222e-01 1.247472571803622809e-01
5.343750000000000444e-01 1.247455624135269392e-01
5.378906250000000666e-01 1.247438669968269354e-01
5.414062499999999778e-01 1.247421709255527311e-01
5.449218750000000000e-01 1.247404741949884321e-01
5.484375000000000222e-01 1.247387768004120379e-01
5.519531250000000444e-01 1.247370787370949974e-01
5.554687500000000666e-01 1.247353800003025148e-01
5.589843749999999778e-01 1.247336805852932995e-01
5.625000000000000000e-01 1.247319804873197324e-01
5.660156250000000222e-01 1.247302797016274778e-01
5.695312500000000444e-01 1.247285782234558438e-01
5.730468750000000666e-01 1.247268760480374772e-01
5.765624999999999778e-01 1.247251731705985300e-01
5.800781250000000000e-01 1.247234695863583681e-01
5.835937500000000222e-01 1.247217652905298069e-01
5.871093750000000444e-01 1.247200602783188339e-01
5.906250000000000666e-01 1.247183545449248032e-01
5.941406249999999778e-01 1.247166480855401438e-01
5.976562500000000000e-01 1.247149408953505539e-01
6.011718750000000222e-01 1.247132329695348485e-01
6.046875000000000444e-01 1.247115243032649590e-01
6.082031250000000666e-01 1.247098148917059057e-01
6.117187499999999778e-01 1.247081047300156453e-01
6.152343750000000000e-01 1.247063938133451955e-01
6.187500000000000222e-01 1.247046821368385100e-01
6.222656250000000444e-01 1.247029696956324374e-01
6.257812500000000666e-01 1.247012564848567762e-01
6.292968749999999778e-01 1.246995424996341917e-01
6.328125000000000000e-01 1.246978277350800912e-01
6.363281250000000222e-01 1.246961121863026656e-01
6.398437500000000444e-01 1.246943958484028336e-01
6.433593750000000666e-01 1.246926787164743811e-01
6.468749999999999778e-01 1.246909607856035440e-01
6.503906250000000000e-01 1.246892420508693561e-01
6.539062500000000222e-01 1.246875225073433568e-01
6.574218750000000444e-01 1.246858021500897029e-01
6.609375000000000666e-01 1.246840809741651124e-01
6.644531249999999778e-01 1.246823589746186844e-01
6.679687500000000000e-01 1.246806361464921631e-01
6.714843750000000222e-01 1.246789124848195485e-01
6.750000000000000444e-01 1.246771879846272912e-01
6.785156250000000666e-01 1.246754626409342925e-01
6.820312499999999778e-01 1.246737364487515987e-01
6.855468750000000000e-01 1.246720094030827064e-01
6.890625000000000222e-01 1.246702814989233132e-01
6.925781250000000444e-01 1.246685527312612896e-01
6.960937500000000666e-01 1.246668230950767620e-01
6.996093749999999778e-01 1.246650925853420022e-01
7.031250000000000000e-01 1.246633611970212885e-01
7.066406250000000222e-01 1.246616289250712106e-01
7.101562500000000444e-01 1.246598957644402261e-01
7.136718750000000666e-01 1.246581617100688544e-01
7.171874999999999778e-01 1.246564267568895656e-01
7.207031250000000000e-01 1.246546908998268643e-01
7.242187500000000222e-01 1.246529541337971225e-01
7.277343750000000444e-01 1.246512164537086076e-01
7.312500000000000666e-01 1.246494778544613713e-01
7.347656249999999778e-01 1.246477383309473885e-01
7.382812500000000000e-01 1.246459978780503908e-01
7.417968750000000222e-01 1.246442564906458245e-01
7.453125000000000444e-01 1.246425141636007816e-01
7.488281250000000666e-01 1.246407708917741664e-01
7.523437499999999778e-01 1.246390266700165006e-01
7.558593750000000000e-01 1.246372814931698547e-01
7.593750000000000222e-01 1.246355353560679724e-01
7.628906250000000444e-01 1.246337882535361319e-01
7.664062500000000666e-01 1.246320401803910349e-01
7.699218749999999778e-01 1.246302911314409734e-01
7.734375000000000000e-01 1.246285411014856348e-01
7.769531250000000222e-01 1.246267900853162136e-01
7.804687500000000444e-01 1.246250380777151612e-01
7.839843750000000666e-01 1.246232850734563524e-01
7.874999999999999778e-01 1.246215310673050303e-01
7.910156250000000000e-01 1.246197760540176391e-01
7.945312500000000222e-01 1.246180200283419637e-01
7.980468750000000444e-01 1.246162629850169346e-01
8.015625000000000666e-01 1.246145049187727255e-01
8.050781249999999778e-01 1.246127458243306285e-01
8.085937500000000000e-01 1.246109856964031648e-01
8.121093750000000222e-01 1.246092245296938350e-01
8.156250000000000444e-01 1.246074623188972580e-01
8.191406250000000666e-01 1.246056990586990876e-01
8.226562499999999778e-01 1.246039347437760125e-01
8.261718750000000000e-01 1.246021693687955900e-01
8.296875000000000222e-01 1.246004029284163983e-01
8.332031250000000444e-01 1.245986354172879396e-01
8.367187500000000666e-01 1.245968668300505566e-01
8.402343749999999778e-01 1.245950971613353775e-01
8.437500000000000000e-01 1.245933264057644263e-01
8.472656250000000222e-01 1.245915545579505124e-01
8.507812500000000444e-01 1.245897816124971469e-01
8.542968750000000666e-01 1.245880075639985429e-01
8.578124999999999778e-01 1.245862324070396432e-01
8.613281250000000000e-01 1.245844561361960368e-01
8.648437500000000222e-01 1.245826787460339868e-01
8.683593750000000444e-01 1.245809002311101810e-01
8.718750000000000666e-01 1.245791205859720918e-01
8.753906249999999778e-01 1.245773398051575470e-01
8.789062500000000000e-01 1.245755578831950205e-01
8.824218750000000222e-01 1.245737748146032997e-01
8.859375000000000444e-01 1.245719905938917627e-01
8.894531250000000666e-01 1.245702052155600592e-01
8.929687499999999778e-01 1.245684186740983190e-01
8.964843750000000000e-01 1.245666309639869573e-01
9.000000000000000222e-01 1.245648420796967859e-01
9.035156250000000444e-01 1.245630520156887910e-01
9.070312500000000666e-01 1.245612607664142724e-01
9.105468749999999778e-01 1.245594683263147318e-01
9.140625000000000000e-01 1.245576746898218734e-01
9.175781250000000222e-01 1.245558798513575482e-01
9.210937500000000444e-01 1.245540838053338234e-01
9.246093750000000666e-01 1.245522865461527878e-01
9.281249999999999778e-01 1.245504880682065663e-01
9.316406250000000000e-01 1.245486883658775135e-01
9.351562500000000222e-01 1.245468874335377563e-01
9.386718750000000444e-01 1.245450852655495128e-01
9.421875000000000666e-01 1.245432818562649813e-01
9.457031249999999778e-01 1.245414772000262293e-01
9.492187500000000000e-01 1.245396712911652493e-01
9.527343750000000222e-01 1.245378641240038331e-01
9.562500000000000444e-01 1.245360556928536699e-01
9.597656250000000666e-01 1.245342459920162903e-01
9.632812499999999778e-01 1.245324350157828719e-01
9.667968750000000000e-01 1.245306227584344061e-01
9.703125000000000222e-01 1.245288092142416425e-01
9.738281250000000444e-01 1.245269943774649224e-01
9.773437500000000666e-01 1.245251782423542619e-01
9.808593749999999778e-01 1.245233608031493522e-01
9.843750000000000000e-01 1.245215420540794204e-01
9.878906250000000222e-01 1.245197219893632856e-01
9.914062500000000444e-01 1.245179006032092750e-01
9.949218750000000666e-01 1.245160778898152659e-01
9.984374999999999778e-01 1.245142538433685608e-01
1.001953125000000000e+00 1.245124284580459151e-01
1.005468750000000133e+00 1.245106017280135646e-01
1.008984375000000044e+00 1.245087736474270179e-01
1.012499999999999956e+00 1.245069442104312640e-01
1.016015625000000089e+00 1.245051134111605368e-01
1.019531250000000000e+00 1.245032812437383840e-01
1.023046875000000133e+00 1.245014477022776400e-01
1.026562500000000044e+00 1.244996127808803421e-01
1.030078124999999956e+00 1.244977764736378556e-01
1.033593750000000089e+00 1.244959387746305823e-01
1.037109375000000000e+00 1.244940996779281411e-01
1.040625000000000133e+00 1.244922591775892151e-01
1.044140625000000044e+00 1.244904172676617182e-01
1.047656249999999956e+00 1.244885739421824900e-01
1.051171875000000089e+00 1.244867291951774202e-01
1.054687500000000000e+00 1.244848830206616019e-01
1.058203125000000133e+00 1.244830354126388594e-01
1.061718750000000044e+00 1.244811863651020534e-01
1.065234374999999956e+00 1.244793358720329701e-01
1.068750000000000089e+00 1.244774839274023492e-01
1.072265625000000000e+00 1.244756305251696615e-01
1.075781250000000133e+00 1.244737756592833450e-01
1.079296875000000044e+00 1.244719193236805688e-01
1.082812499999999956e+00 1.244700615122872889e-01
1.086328125000000089e+00 1.244682022190181925e-01
1.089843750000000000e+00 1.244663414377767396e-01
1.093359375000000133e+00 1.244644791624550662e-01
1.096875000000000044e+00 1.244626153869339558e-01
1.100390624999999956e+00 1.244607501050827986e-01
1.103906250000000089e+00 1.244588833107596326e-01
1.107421875000000000e+00 1.244570149978111023e-01
1.110937500000000133e+00 1.244551451600722780e-01
1.114453125000000044e+00 1.244532737913668363e-01
1.117968749999999956e+00 1.244514008855070186e-01
1.121484375000000089e+00 1.244495264362933951e-01
1.125000000000000000e+00 1.244476504375149617e-01
1.128515625000000133e+00 1.244457728829492793e-01
1.132031250000000044e+00 1.244438937663621680e-01
1.135546874999999956e+00 1.244420130815077769e-01
1.139062500000000089e+00 1.244401308221286528e-01
1.142578125000000000e+00 1.244382469819556025e-01
1.146093750000000133e+00 1.244363615547076640e-01
1.149609375000000044e+00 1.244344745340922181e-01
1.153124999999999956e+00 1.244325859138046830e-01
1.156640625000000089e+00 1.244306956875288195e-01
1.160156250000000000e+00 1.244288038489364256e-01
1.163671875000000133e+00 1.244269103916875174e-01
1.167187500000000044e+00 1.244250153094301065e-01
1.170703124999999956e+00 1.244231185958004082e-01
1.174218750000000089e+00 1.244212202444225368e-01
1.177734375000000000e+00 1.244193202489086991e-01
1.181250000000000133e+00 1.244174186028590146e-01
1.184765625000000044e+00 1.244155152998616953e-01
1.188281249999999956e+00 1.244136103334927412e-01
1.191796875000000089e+00 1.244117036973161200e-01
1.195312500000000000e+00 1.244097953848836147e-01
1.198828125000000133e+00 1.244078853897349346e-01
1.202343750000000044e+00 1.244059737053975073e-01
1.205859374999999956e+00 1.244040603253867283e-01
1.209375000000000089e+00 1.244021452432055030e-01
1.212890625000000000e+00 1.244002284523446633e-01
1.216406250000000133e+00 1.243983099462827036e-01
1.219921875000000044e+00 1.243963897184856837e-01
1.223437499999999956e+00 1.243944677624074929e-01
1.226953125000000089e+00 1.243925440714894609e-01
1.230468750000000000e+00 1.243906186391606356e-01
1.233984375000000133e+00 1.243886914588376580e-01
1.237500000000000044e+00 1.243867625239245683e-01
1.241015624999999956e+00 1.243848318278130693e-01
1.244531250000000089e+00 1.243828993638822211e-01
1.248046875000000000e+00 1.243809651254986770e-01
1.251562500000000133e+00 1.243790291060162950e-01
1.255078125000000044e+00 1.243770912987766097e-01
1.258593749999999956e+00 1.243751516971083326e-01
1.262109375000000089e+00 1.243732102943275880e-01
1.265625000000000000e+00 1.243712670837378853e-01
1.269140625000000133e+00 1.243693220586299247e-01
1.272656250000000044e+00 1.243673752122816945e-01
1.276171874999999956e+00 1.243654265379584567e-01
1.279687500000000089e+00 1.243634760289125951e-01
1.283203125000000000e+00 1.243615236783838229e-01
1.286718750000000133e+00 1.243595694795988638e-01
1.290234375000000044e+00 1.243576134257716598e-01
1.293749999999999956e+00 1.243556555101032191e-01
1.297265625000000089e+00 1.243536957257816433e-01
1.300781250000000000e+00 1.243517340659820447e-01
1.304296875000000133e+00 1.243497705238666290e-01
1.307812500000000044e+00 1.243478050925845013e-01
1.311328124999999956e+00 1.243458377652718605e-01
1.314843750000000089e+00 1.243438685350516659e-01
1.318359375000000000e+00 1.243418973950339013e-01
1.321875000000000133e+00 1.243399243383155051e-01
1.325390625000000044e+00 1.243379493579800793e-01
1.328906249999999956e+00 1.243359724470981670e-01
1.332421875000000089e+00 1.243339935987272105e-01
1.335937500000000000e+00 1.243320128059112600e-01
1.339453125000000133e+00 1.243300300616811960e-01
1.342968750000000044e+00 1.243280453590547008e-01
1.346484374999999956e+00 1.243260586910359955e-01
1.350000000000000089e+00 1.243240700506160756e-01
1.353515625000000000e+00 1.243220794307725308e-01
1.357031250000000133e+00 1.243200868244696000e-01
1.360546875000000044e+00 1.243180922246580888e-01
1.364062499999999956e+00 1.243160956242754245e-01
1.367578125000000089e+00 1.243140970162454617e-01
1.371093750000000000e+00 1.243120963934786771e-01
1.374609375000000133e+00 1.243100937488720026e-01
1.378125000000000044e+00 1.243080890753088252e-01
1.381640624999999956e+00 1.243060823656589181e-01
1.385156250000000089e+00 1.243040736127785650e-01
1.388671875000000000e+00 1.243020628095102831e-01
1.392187500000000133e+00 1.243000499486830723e-01
1.395703125000000044e+00 1.242980350231122078e-01
1.399218749999999956e+00 1.242960180255992114e-01
1.402734375000000089e+00 1.242939989489320329e-01
1.406250000000000000e+00 1.242919777858846608e-01
1.409765625000000133e+00 1.242899545292175806e-01
1.413281250000000044e+00 1.242879291716772194e-01
1.416796874999999956e+00 1.242859017059961824e-01
1.420312500000000089e+00 1.242838721248934603e-01
1.423828125000000000e+00 1.242818404210739303e-01
1.427343750000000133e+00 1.242798065872286473e-01
1.430859375000000044e+00 1.242777706160347745e-01
1.434374999999999956e+00 1.242757325001554031e-01
1.437890625000000089e+00 1.242736922322397464e-01
1.441406250000000000e+00 1.242716498049229457e-01
1.444921875000000133e+00 1.242696052108262506e-01
1.448437500000000044e+00 1.242675584425565749e-01
1.451953124999999956e+00 1.242655094927069548e-01
1.455468750000000089e+00 1.242634583538562987e-01
1.458984375000000000e+00 1.242614050185693042e-01
1.462500000000000133e+00 1.242593494793965414e-01
1.466015625000000044e+00 1.242572917288744250e-01
1.469531249999999956e+00 1.242552317595251032e-01
1.473046875000000089e+00 1.242531695638565137e-01
1.476562500000000000e+00 1.242511051343622719e-01
1.480078125000000133e+00 1.242490384635218659e-01
1.483593750000000044e+00 1.242469695438002675e-01
1.487109374999999956e+00 1.242448983676482654e-01
1.490625000000000089e+00 1.242428249275021601e-01
1.494140625000000000e+00 1.242407492157839854e-01
1.497656250000000133e+00 1.242386712249013148e-01
1.501171875000000044e+00 1.242365909472471774e-01
1.504687499999999956e+00 1.242345083752002532e-01
1.508203125000000089e+00 1.242324235011247890e-01
1.511718750000000000e+00 1.242303363173703767e-01
1.515234375000000133e+00 1.242282468162721754e-01
1.518750000000000044e+00 1.242261549901507167e-01
1.522265624999999956e+00 1.242240608313119610e-01
1.525781250000000089e+00 1.242219643320472966e-01
1.529296875000000000e+00 1.242198654846334294e-01
1.532812500000000133e+00 1.242177642813324101e-01
1.536328125000000044e+00 1.242156607143916902e-01
1.539843749999999956e+00 1.242135547760438719e-01
1.543359375000000089e+00 1.242114464585069439e-01
1.546875000000000000e+00 1.242093357539840875e-01
1.550390625000000133e+00 1.242072226546636626e-01
1.553906250000000044e+00 1.242051071527193740e-01
1.557421874999999956e+00 1.242029892403098690e-01
1.560937500000000089e+00 1.242008689095791818e-01
1.564453125000000000e+00 1.241987461526563030e-01
1.567968750000000133e+00 1.241966209616553879e-01
1.571484375000000044e+00 1.241944933286757424e-01
1.574999999999999956e+00 1.241923632458015736e-01
1.578515625000000089e+00 1.241902307051021837e-01
1.582031250000000000e+00 1.241880956986319284e-01
1.585546875000000133e+00 1.241859582184300925e-01
1.589062500000000044e+00 1.241838182565209725e-01
1.592578124999999956e+00 1.241816758049137381e-01
1.596093750000000089e+00 1.241795308556025296e-01
1.599609375000000000e+00 1.241773834005663601e-01
1.603125000000000133e+00 1.241752334317690609e-01
1.606640625000000044e+00 1.241730809411594194e-01
1.610156249999999956e+00 1.241709259206709159e-01
1.613671875000000089e+00 1.241687683622220151e-01
1.617187500000000000e+00 1.241666082577157215e-01
1.620703125000000133e+00 1.241644455990399548e-01
1.624218750000000044e+00 1.241622803780673551e-01
1.627734374999999956e+00 1.241601125866552136e-01
1.631250000000000089e+00 1.241579422166455837e-01
1.634765625000000000e+00 1.241557692598650731e-01
1.638281250000000133e+00 1.241535937081250374e-01
1.641796875000000044e+00 1.241514155532214003e-01
1.645312499999999956e+00 1.241492347869347646e-01
1.648828125000000089e+00 1.241470514010302173e-01
1.652343750000000000e+00 1.241448653872573582e-01
1.655859375000000133e+00 1.241426767373504658e-01
1.659375000000000044e+00 1.241404854430282756e-01
1.662890624999999956e+00 1.241382914959940076e-01
1.666406250000000089e+00 1.241360948879352416e-01
1.669921875000000000e+00 1.241338956105242086e-01
1.673437500000000133e+00 1.241316936554174299e-01
1.676953125000000044e+00 1.241294890142558838e-01
1.680468749999999956e+00 1.241272816786648386e-01
1.683984375000000089e+00 1.241250716402541310e-01
1.687500000000000000e+00 1.241228588906177210e-01
1.691015625000000133e+00 1.241206434213339982e-01
1.694531250000000044e+00 1.241184252239656560e-01
1.698046874999999956e+00 1.241162042900596230e-01
1.701562500000000089e+00 1.241139806111471178e-01
1.705078125000000000e+00 1.241117541787436218e-01
1.708593750000000133e+00 1.241095249843488235e-01
1.712109375000000044e+00 1.241072930194464519e-01
1.715624999999999956e+00 1.241050582755046927e-01
1.719140625000000089e+00 1.241028207439757169e-01
1.722656250000000000e+00 1.241005804162958748e-01
1.726171875000000133e+00 1.240983372838855847e-01
1.729687500000000044e+00 1.240960913381494585e-01
1.733203124999999956e+00 1.240938425704760928e-01
1.736718750000000089e+00 1.240915909722382360e-01
1.740234375000000000e+00 1.240893365347925381e-01
1.743750000000000133e+00 1.240870792494798425e-01
1.747265625000000044e+00 1.240848191076248663e-01
1.750781249999999956e+00 1.240825561005363675e-01
1.754296875000000089e+00 1.240802902195070612e-01
1.757812500000000000e+00 1.240780214558135919e-01
1.761328125000000133e+00 1.240757498007164783e-01
1.764843750000000044e+00 1.240734752454602796e-01
1.768359374999999956e+00 1.240711977812732902e-01
1.771875000000000089e+00 1.240689173993677341e-01
1.775390625000000000e+00 1.240666340909397647e-01
1.778906250000000133e+00 1.240643478471692429e-01
1.782421875000000044e+00 1.240620586592199176e-01
1.785937499999999956e+00 1.240597665182393422e-01
1.789453125000000089e+00 1.240574714153587499e-01
1.792968750000000000e+00 1.240551733416932756e-01
1.796484375000000133e+00 1.240528722883416646e-01
1.800000000000000044e+00 1.240505682463864529e-01
1.803515624999999956e+00 1.240482612068939394e-01
1.807031250000000089e+00 1.240459511609139920e-01
1.810546875000000000e+00 1.240436380994802135e-01
1.814062500000000133e+00 1.240413220136098449e-01
1.817578125000000044e+00 1.240390028943037931e-01
1.821093749999999956e+00 1.240366807325465337e-01
1.824609375000000089e+00 1.240343555193061942e-01
1.828125000000000000e+00 1.240320272455344708e-01
1.831640625000000133e+00 1.240296959021665868e-01
1.835156250000000044e+00 1.240273614801214314e-01
1.838671874999999956e+00 1.240250239703013235e-01
1.842187500000000089e+00 1.240226833635921788e-01
1.845703125000000000e+00 1.240203396508632872e-01
1.849218750000000133e+00 1.240179928229675765e-01
1.852734375000000044e+00 1.240156428707413494e-01
1.856249999999999956e+00 1.240132897850044491e-01
1.859765625000000089e+00 1.240109335565600657e-01
1.863281250000000000e+00 1.240085741761949023e-01
1.866796875000000133e+00 1.240062116346790089e-01
1.870312500000000044e+00 1.240038459227657541e-01
1.873828124999999956e+00 1.240014770311921033e-01
1.877343750000000089e+00 1.239991049506781740e-01
1.880859375000000000e+00 1.239967296719275275e-01
1.884375000000000133e+00 1.239943511856270997e-01
1.887890625000000044e+00 1.239919694824470064e-01
1.891406249999999956e+00 1.239895845530407936e-01
1.894921875000000089e+00 1.239871963880451733e-01
1.898437500000000000e+00 1.239848049780802597e-01
1.901953125000000133e+00 1.239824103137494027e-01
1.905468750000000044e+00 1.239800123856391184e-01
1.908984374999999956e+00 1.239776111843191586e-01
1.912500000000000089e+00 1.239752067003426217e-01
1.916015625000000000e+00 1.239727989242456196e-01
1.919531250000000133e+00 1.239703878465476250e-01
1.923046875000000044e+00 1.239679734577511794e-01
1.926562499999999956e+00 1.239655557483419768e-01
1.930078125000000089e+00 1.239631347087889746e-01
1.933593750000000000e+00 1.239607103295441159e-01
1.937109375000000133e+00 1.239582826010425798e-01
1.940625000000000044e+00 1.239558515137025585e-01
1.944140624999999956e+00 1.239534170579253969e-01
1.947656250000000089e+00 1.239509792240955366e-01
1.951171875000000000e+00 1.239485380025804051e-01
1.954687500000000133e+00 1.239460933837306100e-01
1.958203125000000044e+00 1.239436453578796477e-01
1.961718749999999956e+00 1.239411939153441944e-01
1.965234375000000089e+00 1.239387390464238015e-01
1.968750000000000000e+00 1.239362807414011031e-01
1.972265625000000133e+00 1.239338189905417886e-01
1.975781250000000044e+00 1.239313537840943946e-01
1.979296874999999956e+00 1.239288851122904711e-01
1.982812500000000089e+00 1.239264129653445956e-01
1.986328125000000000e+00 1.239239373334541233e-01
1.989843750000000133e+00 1.239214582067996173e-01
1.993359375000000044e+00 1.239189755755442379e-01
1.996874999999999956e+00 1.239164894298343672e-01
2.000390625000000089e+00 1.239139997597989984e-01
2.003906250000000000e+00 1.239115065555501383e-01
2.007421874999999911e+00 1.239090098071827240e-01
2.010937500000000266e+00 1.239065095047744702e-01
2.014453125000000178e+00 1.239040056383859667e-01
2.017968750000000089e+00 1.239014981980607055e-01
2.021484375000000000e+00 1.238989871738249149e-01
2.024999999999999911e+00 1.238964725556876562e-01
2.028515625000000266e+00 1.238939543336408100e-01
2.032031250000000178e+00 1.238914324976591042e-01
2.035546875000000089e+00 1.238889070377000023e-01
2.039062500000000000e+00 1.238863779437037599e-01
2.042578124999999911e+00 1.238838452055933959e-01
2.046093750000000266e+00 1.238813088132746376e-01
2.049609375000000178e+00 1.238787687566360318e-01
2.053125000000000089e+00 1.238762250255488057e-01
2.056640625000000000e+00 1.238736776098669778e-01
2.060156249999999911e+00 1.238711264994271644e-01
2.063671875000000266e+00 1.238685716840487866e-01
2.067187500000000178e+00 1.238660131535339604e-01
2.070703125000000089e+00 1.238634508976673709e-01
2.074218750000000000e+00 1.238608849062165090e-01
2.077734374999999911e+00 1.238583151689314210e-01
2.081250000000000266e+00 1.238557416755449170e-01
2.084765625000000178e+00 1.238531644157723766e-01
2.088281250000000089e+00 1.238505833793117628e-01
2.091796875000000000e+00 1.238479985558438301e-01
2.095312499999999911e+00 1.238454099350317361e-01
2.098828125000000266e+00 1.238428175065214021e-01
2.102343750000000178e+00 1.238402212599413188e-01
2.105859375000000089e+00 1.238376211849025604e-01
2.109375000000000000e+00 1.238350172709987290e-01
2.112890624999999911e+00 1.238324095078059406e-01
2.116406250000000266e+00 1.238297978848830055e-01
2.119921875000000178e+00 1.238271823917712205e-01
2.123437500000000089e+00 1.238245630179944379e-01
2.126953125000000000e+00 1.238219397530589960e-01
2.130468749999999911e+00 1.238193125864537614e-01
2.133984375000000266e+00 1.238166815076501837e-01
2.137500000000000178e+00 1.238140465061020462e-01
2.141015625000000089e+00 1.238114075712458129e-01
2.144531250000000000e+00 1.238087646925003504e-01
2.148046874999999911e+00 1.238061178592669564e-01
2.151562500000000266e+00 1.238034670609294285e-01
2.155078125000000178e+00 1.238008122868540228e-01
2.158593750000000089e+00 1.237981535263893706e-01
2.162109375000000000e+00 1.237954907688666728e-01
2.165624999999999911e+00 1.237928240035994221e-01
2.169140625000000266e+00 1.237901532198836252e-01
2.172656250000000178e+00 1.237874784069975809e-01
2.176171875000000089e+00 1.237847995542021295e-01
2.179687500000000000e+00 1.237821166507402926e-01
2.183203124999999911e+00 1.237794296858377163e-01
2.186718750000000266e+00 1.237767386487022003e-01
2.190234375000000178e+00 1.237740435285240026e-01
2.193750000000000089e+00 1.237713443144757008e-01
2.197265625000000000e+00 1.237686409957122480e-01
2.200781249999999911e+00 1.237659335613708056e-01
2.204296875000000266e+00 1.237632220005709660e-01
2.207812500000000178e+00 1.237605063024145857e-01
2.211328125000000089e+00 1.237577864559857854e-01
2.214843750000000000e+00 1.237550624503510610e-01
2.218359374999999911e+00 1.237523342745590893e-01
2.221875000000000266e+00 1.237496019176408113e-01
2.225390625000000178e+00 1.237468653686094322e-01
2.228906250000000089e+00 1.237441246164604491e-01
2.232421875000000000e+00 1.237413796501714569e-01
2.235937499999999911e+00 1.237386304587024533e-01
2.239453125000000266e+00 1.237358770309954503e-01
2.242968750000000178e+00 1.237331193559748077e-01
2.246484375000000089e+00 1.237303574225469965e-01
2.250000000000000000e+00 1.237275912196006133e-01
2.253515624999999911e+00 1.237248207360064634e-01
2.257031250000000266e+00 1.237220459606175049e-01
2.260546875000000178e+00 1.237192668822688080e-01
2.264062500000000089e+00 1.237164834897775123e-01
2.267578125000000000e+00 1.237136957719429803e-01
2.271093749999999911e+00 1.237109037175465609e-01
2.274609375000000266e+00 1.237081073153518118e-01
2.278125000000000178e+00 1.237053065541041663e-01
2.281640625000000089e+00 1.237025014225312247e-01
2.285156250000000000e+00 1.236996919093426295e-01
2.288671874999999911e+00 1.236968780032300097e-01
2.292187500000000266e+00 1.236940596928669811e-01
2.295703125000000178e+00 1.236912369669092016e-01
2.299218750000000089e+00 1.236884098139943156e-01
2.302734375000000000e+00 1.236855782227418155e-01
2.306249999999999911e+00 1.236827421817533051e-01
2.309765625000000266e+00 1.236799016796122364e-01
2.313281250000000178e+00 1.236770567048839642e-01
2.316796875000000089e+00 1.236742072461157194e-01
2.320312500000000000e+00 1.236713532918365943e-01
2.323828124999999911e+00 1.236684948305576126e-01
2.327343750000000266e+00 1.236656318507716457e-01
2.330859375000000178e+00 1.236627643409533295e-01
2.334375000000000089e+00 1.236598922895590924e-01
2.337890625000000000e+00 1.236570156850272106e-01
2.341406249999999911e+00 1.236541345157776972e-01
2.344921875000000266e+00 1.236512487702123020e-01
2.348437500000000178e+00 1.236483584367144561e-01
2.351953125000000089e+00 1.236454635036493832e-01
2.355468750000000000e+00 1.236425639593639325e-01
2.358984374999999911e+00 1.236396597921866902e-01
2.362500000000000266e+00 1.236367509904277295e-01
2.366015625000000178e+00 1.236338375423788466e-01
2.369531250000000089e+00 1.236309194363133801e-01
2.373046875000000000e+00 1.236279966604863223e-01
2.376562499999999911e+00 1.236250692031340970e-01
2.380078125000000266e+00 1.236221370524747121e-01
2.383593750000000178e+00 1.236192001967076348e-01
2.387109375000000089e+00 1.236162586240137640e-01
2.390625000000000000e+00 1.236133123225555408e-01
2.394140624999999911e+00 1.236103612804767410e-01
2.397656250000000266e+00 1.236074054859025162e-01
2.401171875000000178e+00 1.236044449269393802e-01
2.404687500000000089e+00 1.236014795916752229e-01
2.408203125000000000e+00 1.235985094681791019e-01
2.411718749999999911e+00 1.235955345445014786e-01
2.415234375000000266e+00 1.235925548086739684e-01
2.418750000000000178e+00 1.235895702487093684e-01
2.422265625000000089e+00 1.235865808526017129e-01
2.425781250000000000e+00 1.235835866083261070e-01
2.429296874999999911e+00 1.235805875038387819e-01
2.432812500000000266e+00 1.235775835270769840e-01
2.436328125000000178e+00 1.235745746659590028e-01
2.439843750000000089e+00 1.235715609083841426e-01
2.443359375000000000e+00 1.235685422422326679e-01
2.446874999999999911e+00 1.235655186553657470e-01
2.450390625000000266e+00 1.235624901356253136e-01
2.453906250000000178e+00 1.235594566708343167e-01
2.457421875000000089e+00 1.235564182487963181e-01
2.460937500000000000e+00 1.235533748572957558e-01
2.464453124999999911e+00 1.235503264840976806e-01
2.467968750000000266e+00 1.235472731169478533e-01
2.471484375000000178e+00 1.235442147435726890e-01
2.475000000000000089e+00 1.235411513516790349e-01
2.478515625000000000e+00 1.235380829289543236e-01
2.482031249999999911e+00 1.235350094630665307e-01
2.485546875000000266e+00 1.235319309416640227e-01
2.489062500000000178e+00 1.235288473523754316e-01
2.492578125000000089e+00 1.235257586828097665e-01
2.496093750000000000e+00 1.235226649205563437e-01
2.499609374999999911e+00 1.235195660531847317e-01
2.503125000000000266e+00 1.235164620682445424e-01
2.506640625000000178e+00 1.235133529532655150e-01
2.510156250000000089e+00 1.235102386957574599e-01
2.513671875000000000e+00 1.235071192832101761e-01
2.517187499999999911e+00 1.235039947030933949e-01
2.520703125000000266e+00 1.235008649428566002e-01
2.524218750000000178e+00 1.234977299899292641e-01
2.527734375000000089e+00 1.234945898317204027e-01
2.531250000000000000e+00 1.234914444556187985e-01
2.534765624999999911e+00 1.234882938489927917e-01
2.538281250000000266e+00 1.234851379991903364e-01
2.541796875000000178e+00 1.234819768935387363e-01
2.545312500000000089e+00 1.234788105193447838e-01
2.548828125000000000e+00 1.234756388638944824e-01
2.552343749999999911e+00 1.234724619144531993e-01
2.555859375000000266e+00 1.234692796582653462e-01
2.559375000000000178e+00 1.234660920825545738e-01
2.562890625000000089e+00 1.234628991745233828e-01
2.566406250000000000e+00 1.234597009213532909e-01
2.569921874999999911e+00 1.234564973102046381e-01
2.573437500000000266e+00 1.234532883282165316e-01
2.576953125000000178e+00 1.234500739625067345e-01
2.580468750000000089e+00 1.234468542001716795e-01
2.583984375000000000e+00 1.234436290282862059e-01
2.587499999999999911e+00 1.234403984339035032e-01
2.591015625000000266e+00 1.234371624040552506e-01
2.594531250000000178e+00 1.234339209257511866e-01
2.598046875000000089e+00 1.234306739859792751e-01
2.601562500000000000e+00 1.234274215717054146e-01
2.605078124999999911e+00 1.234241636698734934e-01
2.608593750000000266e+00 1.234209002674051814e-01
2.612109375000000178e+00 1.234176313511998746e-01
2.615625000000000089e+00 1.234143569081345565e-01
2.619140625000000000e+00 1.234110769250637007e-01
2.622656249999999911e+00 1.234077913888191602e-01
2.626171875000000266e+00 1.234045002862100837e-01
2.629687500000000178e+00 1.234012036040227356e-01
2.633203125000000089e+00 1.233979013290204818e-01
2.636718750000000000e+00 1.233945934479435541e-01
2.640234374999999911e+00 1.233912799475089528e-01
2.643750000000000266e+00 1.233879608144103496e-01
2.647265625000000178e+00 1.233846360353180460e-01
2.650781250000000089e+00 1.233813055968786127e-01
2.654296875000000000e+00 1.233779694857150000e-01
2.657812499999999911e+00 1.233746276884263027e-01
2.661328125000000266e+00 1.233712801915874818e-01
2.664843750000000178e+00 1.233679269817495455e-01
2.668359375000000089e+00 1.233645680454391047e-01
2.671875000000000000e+00 1.233612033691583731e-01
2.675390624999999911e+00 1.233578329393849871e-01
2.678906250000000266e+00 1.233544567425718386e-01
2.682421875000000178e+00 1.233510747651470341e-01
2.685937500000000089e+00 1.233476869935135611e-01
2.689453125000000000e+00 1.233442934140491498e-01
2.692968749999999911e+00 1.233408940131063003e-01
2.696484375000000266e+00 1.233374887770119777e-01
2.700000000000000178e+00 1.233340776920674176e-01
2.703515625000000089e+00 1.233306607445479042e-01
2.707031250000000000e+00 1.233272379207029090e-01
2.710546874999999911e+00 1.233238092067554525e-01
2.714062500000000266e+00 1.233203745889022707e-01
2.717578125000000178e+00 1.233169340533135372e-01
2.721093750000000089e+00 1.233134875861326557e-01
2.724609375000000000e+00 1.233100351734760236e-01
2.728124999999999911e+00 1.233065768014329072e-01
2.731640625000000266e+00 1.233031124560652614e-01
2.735156250000000178e+00 1.232996421234074241e-01
2.738671875000000089e+00 1.232961657894659779e-01
2.742187500000000000e+00 1.232926834402196525e-01
2.745703124999999911e+00 1.232891950616189503e-01
2.749218750000000266e+00 1.232857006395858546e-01
2.752734375000000178e+00 1.232822001600138995e-01
2.756250000000000089e+00 1.232786936087677948e-01
2.759765625000000000e+00 1.232751809716830377e-01
2.763281249999999911e+00 1.232716622345659541e-01
2.766796875000000266e+00 1.232681373831933935e-01
2.770312500000000178e+00 1.232646064033123268e-01
2.773828125000000089e+00 1.232610692806397762e-01
2.777343750000000000e+00 1.232575260008625384e-01
2.780859374999999911e+00 1.232539765496368095e-01
2.784375000000000266e+00 1.232504209125881156e-01
2.787890625000000178e+00 1.232468590753109938e-01
2.791406250000000089e+00 1.232432910233686174e-01
2.794921875000000000e+00 1.232397167422926293e-01
2.798437499999999911e+00 1.232361362175829478e-01
2.801953125000000266e+00 1.232325494347073225e-01
2.805468750000000178e+00 1.232289563791010567e-01
2.808984375000000089e+00 1.232253570361669104e-01
2.812500000000000000e+00 1.232217513912746143e-01
2.816015624999999911e+00 1.232181394297607313e-01
2.819531250000000266e+00 1.232145211369281290e-01
2.823046875000000178e+00 1.232108964980459798e-01
2.826562500000000089e+00 1.232072654983492055e-01
2.830078125000000000e+00 1.232036281230382835e-01
2.833593749999999911e+00 1.231999843572788716e-01
2.837109375000000266e+00 1.231963341862014755e-01
2.840625000000000178e+00 1.231926775949012398e-01
2.844140625000000089e+00 1.231890145684373661e-01
2.847656250000000000e+00 1.231853450918330706e-01
2.851171874999999911e+00 1.231816691500750571e-01
2.854687500000000266e+00 1.231779867281131702e-01
2.858203125000000178e+00 1.231742978108600339e-01
2.861718750000000089e+00 1.231706023831907748e-01
2.865234375000000000e+00 1.231669004299426329e-01
2.868749999999999911e+00 1.231631919359144622e-01
2.872265625000000266e+00 1.231594768858665229e-01
2.875781250000000178e+00 1.231557552645200365e-01
2.879296875000000089e+00 1.231520270565566455e-01
2.882812500000000000e+00 1.231482922466183016e-01
2.886328124999999911e+00 1.231445508193065724e-01
2.889843750000000266e+00 1.231408027591824605e-01
2.893359375000000178e+00 1.231370480507658349e-01
2.896875000000000089e+00 1.231332866785350699e-01
2.900390625000000000e+00 1.231295186269266428e-01
2.903906249999999911e+00 1.231257438803345927e-01
2.907421875000000266e+00 1.231219624231101872e-01
2.910937500000000178e+00 1.231181742395614787e-01
2.914453125000000089e+00 1.231143793139527626e-01
2.917968750000000000e+00 1.231105776305041200e-01
2.921484374999999911e+00 1.231067691733910563e-01
2.925000000000000266e+00 1.231029539267438772e-01
2.928515625000000178e+00 1.230991318746473828e-01
2.932031250000000089e+00 1.230953030011401883e-01
2.935546875000000000e+00 1.230914672902143486e-01
2.939062499999999911e+00 1.230876247258147760e-01
2.942578125000000266e+00 1.230837752918387817e-01
2.946093750000000178e+00 1.230799189721356324e-01
2.949609375000000089e+00 1.230760557505058000e-01
2.953125000000000000e+00 1.230721856107006296e-01
2.956640624999999911e+00 1.230683085364217555e-01
2.960156250000000266e+00 1.230644245113203805e-01
2.963671875000000178e+00 1.230605335189970118e-01
2.967187500000000089e+00 1.230566355430006559e-01
2.970703125000000000e+00 1.230527305668283056e-01
2.974218749999999911e+00 1.230488185739244122e-01
2.977734375000000266e+00 1.230448995476802199e-01
2.981250000000000178e+00 1.230409734714332515e-01
2.984765625000000089e+00 1.230370403284665876e-01
2.988281250000000000e+00 1.230331001020083526e-01
2.991796874999999911e+00 1.230291527752310210e-01
2.995312500000000266e+00 1.230251983312508068e-01
2.998828125000000178e+00 1.230212367531269974e-01
3.002343750000000089e+00 1.230172680238613148e-01
3.005859375000000000e+00 1.230132921263972640e-01
3.009374999999999911e+00 1.230093090436195080e-01
3.012890625000000266e+00 1.230053187583530216e-01
3.016406250000000178e+00 1.230013212533626332e-01
3.019921875000000089e+00 1.229973165113520117e-01
3.023437500000000000e+00 1.229933045149633475e-01
3.026953124999999911e+00 1.229892852467763115e-01
3.030468750000000266e+00 1.229852586893074445e-01
3.033984375000000178e+00 1.229812248250094775e-01
3.037500000000000089e+00 1.229771836362704013e-01
3.041015625000000000e+00 1.229731351054129673e-01
3.044531249999999911e+00 1.229690792146935913e-01
3.048046875000000266e+00 1.229650159463019088e-01
3.051562500000000178e+00 1.229609452823597071e-01
3.055078125000000089e+00 1.229568672049203837e-01
3.058593750000000000e+00 1.229527816959677666e-01
3.062109374999999911e+00 1.229486887374156845e-01
3.065625000000000266e+00 1.229445883111068838e-01
3.069140625000000178e+00 1.229404803988122796e-01
3.072656250000000089e+00 1.229363649822300397e-01
3.076171875000000000e+00 1.229322420429846963e-01
3.079687499999999911e+00 1.229281115626263965e-01
3.083203125000000266e+00 1.229239735226299035e-01
3.086718750000000178e+00 1.229198279043936665e-01
3.090234375000000089e+00 1.229156746892389185e-01
3.093750000000000000e+00 1.229115138584088718e-01
3.097265624999999911e+00 1.229073453930676352e-01
3.100781250000000266e+00 1.229031692742992010e-01
3.104296875000000178e+00 1.228989854831066680e-01
3.107812500000000089e+00 1.228947940004112005e-01
3.111328125000000000e+00 1.228905948070509180e-01
3.114843749999999911e+00 1.228863878837800072e-01
3.118359375000000266e+00 1.228821732112677090e-01
3.121875000000000178e+00 1.228779507700972495e-01
3.125390625000000089e+00 1.228737205407646749e-01
3.128906250000000000e+00 1.228694825036780736e-01
3.132421874999999911e+00 1.228652366391562167e-01
3.135937500000000266e+00 1.228609829274276977e-01
3.139453125000000178e+00 1.228567213486296827e-01
3.142968750000000089e+00 1.228524518828068568e-01
3.146484375000000000e+00 1.228481745099102018e-01
3.149999999999999911e+00 1.228438892097961366e-01
3.153515625000000266e+00 1.228395959622249622e-01
3.157031250000000178e+00 1.228352947468600020e-01
3.160546875000000089e+00 1.228309855432662551e-01
3.164062500000000000e+00 1.228266683309092722e-01
3.167578124999999911e+00 1.228223430891539347e-01
3.171093750000000266e+00 1.228180097972631502e-01
3.174609375000000178e+00 1.228136684343967000e-01
3.178125000000000089e+00 1.228093189796099771e-01
3.181640625000000000e+00 1.228049614118525840e-01
3.185156249999999911e+00 1.228005957099671808e-01
3.188671875000000266e+00 1.227962218526880700e-01
3.192187500000000178e+00 1.227918398186400306e-01
3.195703125000000089e+00 1.227874495863367638e-01
3.199218750000000000e+00 1.227830511341797548e-01
3.202734374999999911e+00 1.227786444404567051e-01
3.206250000000000266e+00 1.227742294833402831e-01
3.209765625000000178e+00 1.227698062408866808e-01
3.213281250000000089e+00 1.227653746910341709e-01
3.216796875000000000e+00 1.227609348116016352e-01
3.220312499999999911e+00 1.227564865802872607e-01
3.223828125000000266e+00 1.227520299746668597e-01
3.227343750000000178e+00 1.227475649721925799e-01
3.230859375000000089e+00 1.227430915501912523e-01
3.234375000000000000e+00 1.227386096858628511e-01
3.237890624999999911e+00 1.227341193562791755e-01
3.241406250000000266e+00 1.227296205383820171e-01
3.244921875000000178e+00 1.227251132089817592e-01
3.248437500000000089e+00 1.227205973447557386e-01
3.251953125000000000e+00 1.227160729222465940e-01
3.255468749999999911e+00 1.227115399178606847e-01
3.258984375000000266e+00 1.227069983078664661e-01
3.262500000000000178e+00 1.227024480683927138e-01
3.266015625000000089e+00 1.226978891754270107e-01
3.269531250000000000e+00 1.226933216048138459e-01
3.273046874999999911e+00 1.226887453322530463e-01
3.276562500000000266e+00 1.226841603332980563e-01
3.280078125000000178e+00 1.226795665833539661e-01
3.283593750000000089e+00 1.226749640576760836e-01
3.287109375000000000e+00 1.226703527313677544e-01
3.290624999999999911e+00 1.226657325793789610e-01
3.294140625000000266e+00 1.226611035765040880e-01
3.297656250000000178e+00 1.226564656973803402e-01
3.301171875000000089e+00 1.226518189164858275e-01
3.304687500000000000e+00 1.226471632081375385e-01
3.308203124999999911e+00 1.226424985464897033e-01
3.311718750000000266e+00 1.226378249055315450e-01
3.315234375000000178e+00 1.226331422590856146e-01
3.318750000000000089e+00 1.226284505808057784e-01
3.322265625000000000e+00 1.226237498441750395e-01
3.325781249999999911e+00 1.226190400225038446e-01
3.329296875000000266e+00 1.226143210889277524e-01
3.332812500000000178e+00 1.226095930164056436e-01
3.336328125000000089e+00 1.226048557777175418e-01
3.339843750000000000e+00 1.226001093454626711e-01
3.343359374999999911e+00 1.225953536920571935e-01
3.346875000000000266e+00 1.225905887897322244e-01
3.350390625000000178e+00 1.225858146105316682e-01
3.353906250000000089e+00 1.225810311263100527e-01
3.357421875000000000e+00 1.225762383087303786e-01
3.360937499999999911e+00 1.225714361292620236e-01
3.364453125000000266e+00 1.225666245591784526e-01
3.367968750000000178e+00 1.225618035695549418e-01
3.371484375000000089e+00 1.225569731312665667e-01
3.375000000000000000e+00 1.225521332149857728e-01
3.378515624999999911e+00 1.225472837911801005e-01
3.382031250000000266e+00 1.225424248301100194e-01
3.385546875000000178e+00 1.225375563018266112e-01
3.389062500000000089e+00 1.225326781761691686e-01
3.392578125000000000e+00 1.225277904227629333e-01
3.396093749999999911e+00 1.225228930110167508e-01
3.399609375000000266e+00 1.225179859101206137e-01
3.403125000000000178e+00 1.225130690890434970e-01
3.406640625000000089e+00 1.225081425165307769e-01
3.410156250000000000e+00 1.225032061611018713e-01
3.413671874999999911e+00 1.224982599910478809e-01
3.417187500000000266e+00 1.224933039744291463e-01
3.420703125000000178e+00 1.224883380790727783e-01
3.424218750000000089e+00 1.224833622725700621e-01
3.427734375000000000e+00 1.224783765222743348e-01
3.431249999999999911e+00 1.224733807952981257e-01
3.434765625000000266e+00 1.224683750585109643e-01
3.438281250000000178e+00 1.224633592785367431e-01
3.441796875000000089e+00 1.224583334217511366e-01
3.445312500000000000e+00 1.224532974542792418e-01
3.448828124999999911e+00 1.224482513419929419e-01
3.452343750000000266e+00 1.224431950505083799e-01
3.455859375000000178e+00 1.224381285451835166e-01
3.459375000000000089e+00 1.224330517911153549e-01
3.462890625000000000e+00 1.224279647531375803e-01
3.466406249999999911e+00 1.224228673958179525e-01
3.469921875000000266e+00 1.224177596834557236e-01
3.473437500000000178e+00 1.224126415800789736e-01
3.476953125000000089e+00 1.224075130494422237e-01
3.480468750000000000e+00 1.224023740550237022e-01
3.483984374999999911e+00 1.223972245600228048e-01
3.487500000000000266e+00 1.223920645273575414e-01
3.491015625000000178e+00 1.223868939196619265e-01
3.494531250000000089e+00 1.223817126992834403e-01
3.498046875000000000e+00 1.223765208282803357e-01
3.501562499999999911e+00 1.223713182684192102e-01
3.505078125000000266e+00 1.223661049811723689e-01
3.508593750000000178e+00 1.223608809277152432e-01
3.512109375000000089e+00 1.223556460689238790e-01
3.515625000000000000e+00 1.223504003653722860e-01
3.519140624999999911e+00 1.223451437773300232e-01
3.522656250000000266e+00 1.223398762647596172e-01
3.526171875000000178e+00 1.223345977873139256e-01
3.529687500000000089e+00 1.223293083043338059e-01
3.533203125000000000e+00 1.223240077748454502e-01
3.536718749999999911e+00 1.223186961575580822e-01
3.540234375000000266e+00 1.223133734108613063e-01
3.543750000000000178e+00 1.223080394928227344e-01
3.547265625000000089e+00 1.223026943611855433e-01
3.550781250000000000e+00 1.222973379733661159e-01
3.554296874999999911e+00 1.222919702864515012e-01
3.557812500000000266e+00 1.222865912571971803e-01
3.561328125000000178e+00 1.222812008420247065e-01
3.564843750000000089e+00 1.222757989970193054e-01
3.568359375000000000e+00 1.222703856779275428e-01
3.571874999999999911e+00 1.222649608401552013e-01
3.575390625000000266e+00 1.222595244387649771e-01
3.578906250000000178e+00 1.222540764284741760e-01
3.582421875000000089e+00 1.222486167636526178e-01
3.585937500000000000e+00 1.222431453983205685e-01
3.589453124999999911e+00 1.222376622861464368e-01
3.592968750000000266e+00 1.222321673804449144e-01
3.596484375000000178e+00 1.222266606341746720e-01
3.600000000000000089e+00 1.222211419999367221e-01
3.603515625000000000e+00 1.222156114299721430e-01
3.607031249999999911e+00 1.222100688761603993e-01
3.610546875000000266e+00 1.222045142900172743e-01
3.614062500000000178e+00 1.221989476226931770e-01
3.617578125000000089e+00 1.221933688249714489e-01
3.621093750000000000e+00 1.221877778472664350e-01
3.624609374999999911e+00 1.221821746396219155e-01
3.628125000000000266e+00 1.221765591517095240e-01
3.631640625000000178e+00 1.221709313328272484e-01
3.635156250000000089e+00 1.221652911318976409e-01
3.638671875000000000e+00 1.221596384974667215e-01
3.642187499999999911e+00 1.221539733777023545e-01
3.645703125000000266e+00 1.221482957203929298e-01
3.649218750000000178e+00 1.221426054729463362e-01
3.652734375000000089e+00 1.221369025823883792e-01
3.656250000000000000e+00 1.221311869953619345e-01
3.659765624999999911e+00 1.221254586581257823e-01
3.663281250000000266e+00 1.221197175165536219e-01
3.666796875000000178e+00 1.221139635161330173e-01
3.670312500000000089e+00 1.221081966019648135e-01
3.673828125000000000e+00 1.221024167187619858e-01
3.677343749999999911e+00 1.220966238108492363e-01
3.680859375000000266e+00 1.220908178221622176e-01
3.684375000000000178e+00 1.220849986962469630e-01
3.687890625000000089e+00 1.220791663762594292e-01
3.691406250000000000e+00 1.220733208049650936e-01
3.694921874999999911e+00 1.220674619247386627e-01
3.698437500000000266e+00 1.220615896775637671e-01
3.701953125000000178e+00 1.220557040050328779e-01
3.705468750000000089e+00 1.220498048483471265e-01
3.708984375000000000e+00 1.220438921483164435e-01
3.712499999999999911e+00 1.220379658453596416e-01
3.716015625000000266e+00 1.220320258795045687e-01
3.719531250000000178e+00 1.220260721903883017e-01
3.723046875000000089e+00 1.220201047172577435e-01
3.726562500000000000e+00 1.220141233989698315e-01
3.730078124999999911e+00 1.220081281739923695e-01
3.733593750000000266e+00 1.220021189804044170e-01
3.737109375000000178e+00 1.219960957558972048e-01
3.740625000000000089e+00 1.219900584377748565e-01
3.744140625000000000e+00 1.219840069629553603e-01
3.747656249999999911e+00 1.219779412679717345e-01
3.751171875000000266e+00 1.219718612889729992e-01
3.754687500000000178e+00 1.219657669617254664e-01
3.758203125000000089e+00 1.219596582216140035e-01
3.761718750000000000e+00 1.219535350036435595e-01
3.765234374999999911e+00 1.219473972424406638e-01
3.768750000000000266e+00 1.219412448722550502e-01
3.772265625000000178e+00 1.219350778269612801e-01
3.775781250000000089e+00 1.219288960400608524e-01
3.779296875000000000e+00 1.219226994446838686e-01
3.782812499999999911e+00 1.219164879735911422e-01
3.786328125000000266e+00 1.219102615591764194e-01
3.789843750000000178e+00 1.219040201334685714e-01
3.793359375000000089e+00 1.218977636281339538e-01
3.796875000000000000e+00 1.218914919744788217e-01
3.800390624999999911e+00 1.218852051034519102e-01
3.803906250000000266e+00 1.218789029456471551e-01
3.807421875000000178e+00 1.218725854313063850e-01
3.810937500000000089e+00 1.218662524903221522e-01
3.814453125000000000e+00 1.218599040522408139e-01
3.817968749999999911e+00 1.218535400462655571e-01
3.821484375000000266e+00 1.218471604012596465e-01
3.825000000000000178e+00 1.218407650457495051e-01
3.828515625000000089e+00 1.218343539079283222e-01
3.832031250000000000e+00 1.218279269156594402e-01
3.835546874999999911e+00 1.218214839964799900e-01
3.839062500000000266e+00 1.218150250776044718e-01
3.842578125000000178e+00 1.218085500859288073e-01
3.846093750000000089e+00 1.218020589480339755e-01
3.849609375000000000e+00 1.217955515901901486e-01
3.853124999999999911e+00 1.217890279383607444e-01
3.856640625000000266e+00 1.217824879182065889e-01
3.860156250000000178e+00 1.217759314550903582e-01
3.863671875000000089e+00 1.217693584740807966e-01
3.867187500000000000e+00 1.217627688999573798e-01
3.870703124999999911e+00 1.217561626572147837e-01
3.874218750000000266e+00 1.217495396700675470e-01
3.877734375000000178e+00 1.217428998624550118e-01
3.881250000000000089e+00 1.217362431580460425e-01
3.884765625000000000e+00 1.217295694802440209e-01
3.888281249999999911e+00 1.217228787521920375e-01
3.891796875000000266e+00 1.217161708967778450e-01
3.895312500000000178e+00 1.217094458366391879e-01
3.898828125000000089e+00 1.217027034941691593e-01
3.902343750000000000e+00 1.216959437915215714e-01
3.905859374999999911e+00 1.216891666506163955e-01
3.909375000000000266e+00 1.216823719931455217e-01
3.912890625000000178e+00 1.216755597405782541e-01
3.916406250000000089e+00 1.216687298141670703e-01
3.919921875000000000e+00 1.216618821349535751e-01
3.923437499999999911e+00 1.216550166237741898e-01
3.926953125000000266e+00 1.216481332012663702e-01
3.930468750000000178e+00 1.216412317878743932e-01
3.933984375000000089e+00 1.216343123038558516e-01
3.937500000000000000e+00 1.216273746692873858e-01
3.941015624999999911e+00 1.216204188040712619e-01
3.944531250000000266e+00 1.216134446279417136e-01
3.948046875000000178e+00 1.216064520604711874e-01
3.951562500000000089e+00 1.215994410210768373e-01
3.955078125000000000e+00 1.215924114290271862e-01
3.958593749999999911e+00 1.215853632034484821e-01
3.962109375000000266e+00 1.215782962633315256e-01
3.965625000000000178e+00 1.215712105275383037e-01
3.969140625000000089e+00 1.215641059148088177e-01
3.972656250000000000e+00 1.215569823437677166e-01
3.976171874999999911e+00 1.215498397329312363e-01
3.979687500000000266e+00 1.215426780007142216e-01
3.983203125000000178e+00 1.215354970654368982e-01
3.986718750000000089e+00 1.215282968453320345e-01
3.990234375000000000e+00 1.215210772585518378e-01
3.993749999999999911e+00 1.215138382231751024e-01
3.997265625000000266e+00 1.215065796572143281e-01
4.000781250000000178e+00 1.214993014786228953e-01
4.004296875000000533e+00 1.214920036053022817e-01
4.007812500000000000e+00 1.214846859551091951e-01
4.011328125000000355e+00 1.214773484458629427e-01
4.014843749999999822e+00 1.214699909953527446e-01
4.018359375000000178e+00 1.214626135213448810e-01
4.021875000000000533e+00 1.214552159415903387e-01
4.025390625000000000e+00 1.214477981738319168e-01
4.028906250000000355e+00 1.214403601358118590e-01
4.032421874999999822e+00 1.214329017452791953e-01
4.035937500000000178e+00 1.214254229199971669e-01
4.039453125000000533e+00 1.214179235777508858e-01
4.042968750000000000e+00 1.214104036363546080e-01
4.046484375000000355e+00 1.214028630136596010e-01
4.049999999999999822e+00 1.213953016275613472e-01
4.053515625000000178e+00 1.213877193960074541e-01
4.057031250000000533e+00 1.213801162370050646e-01
4.060546875000000000e+00 1.213724920686286568e-01
4.064062500000000355e+00 1.213648468090276350e-01
4.067578124999999822e+00 1.213571803764339208e-01
4.071093750000000178e+00 1.213494926891699188e-01
4.074609375000000533e+00 1.213417836656561083e-01
4.078125000000000000e+00 1.213340532244188696e-01
4.081640625000000355e+00 1.213263012840982563e-01
4.085156249999999822e+00 1.213185277634559467e-01
4.088671875000000178e+00 1.213107325813830850e-01
4.092187500000000533e+00 1.213029156569080946e-01
4.095703125000000000e+00 1.212950769092048797e-01
4.099218750000000355e+00 1.212872162576006663e-01
4.102734374999999822e+00 1.212793336215840789e-01
4.106250000000000178e+00 1.212714289208133150e-01
4.109765625000000533e+00 1.212635020751242632e-01
4.113281250000000000e+00 1.212555530045387464e-01
4.116796875000000355e+00 1.212475816292727382e-01
4.120312499999999822e+00 1.212395878697447860e-01
4.123828125000000178e+00 1.212315716465845183e-01
4.127343750000000533e+00 1.212235328806408885e-01
4.130859375000000000e+00 1.212154714929908894e-01
4.134375000000000355e+00 1.212073874049483246e-01
4.137890624999999822e+00 1.211992805380722737e-01
4.141406250000000178e+00 1.211911508141762100e-01
4.144921875000000533e+00 1.211829981553367575e-01
4.148437500000000000e+00 1.211748224839027527e-01
4.151953125000000355e+00 1.211666237225044185e-01
4.155468749999999822e+00 1.211584017940625646e-01
4.158984375000000178e+00 1.211501566217981218e-01
4.162500000000000533e+00 1.211418881292414124e-01
4.166015625000000000e+00 1.211335962402419197e-01
4.169531250000000355e+00 1.211252808789779756e-01
4.173046874999999822e+00 1.211169419699667515e-01
4.176562500000000178e+00 1.211085794380741404e-01
4.180078125000000533e+00 1.211001932085251087e-01
4.183593750000000000e+00 1.210917832069138833e-01
4.187109375000000355e+00 1.210833493592145815e-01
4.190624999999999822e+00 1.210748915917917168e-01
4.194140625000000178e+00 1.210664098314110648e-01
4.197656250000000533e+00 1.210579040052506827e-01
4.201171875000000000e+00 1.210493740409120111e-01
4.204687500000000355e+00 1.210408198664310875e-01
4.208203124999999822e+00 1.210322414102901478e-01
4.211718750000000178e+00 1.210236386014291454e-01
4.215234375000000533e+00 1.210150113692575746e-01
4.218750000000000000e+00 1.210063596436663780e-01
4.222265625000000355e+00 1.209976833550400616e-01
4.225781249999999822e+00 1.209889824342687825e-01
4.229296875000000178e+00 1.209802568127608946e-01
4.232812500000000533e+00 1.209715064224551051e-01
4.236328125000000000e+00 1.209627311958334228e-01
4.239843750000000355e+00 1.209539310659334121e-01
4.243359374999999822e+00 1.209451059663612799e-01
4.246875000000000178e+00 1.209362558313044067e-01
4.250390625000000533e+00 1.209273805955443370e-01
4.253906250000000000e+00 1.209184801944696852e-01
4.257421875000000355e+00 1.209095545640890834e-01
4.260937499999999822e+00 1.209006036410439355e-01
4.264453125000000178e+00 1.208916273626215732e-01
4.267968750000000533e+00 1.208826256667681065e-01
4.271484375000000000e+00 1.208735984921011503e-01
4.275000000000000355e+00 1.208645457779227855e-01
4.278515624999999822e+00 1.208554674642320081e-01
4.282031250000000178e+00 1.208463634917376905e-01
4.285546875000000533e+00 1.208372338018706971e-01
4.289062500000000000e+00 1.208280783367963324e-01
4.292578125000000355e+00 1.208188970394264705e-01
4.296093749999999822e+00 1.208096898534312819e-01
4.299609375000000178e+00 1.208004567232509319e-01
4.303125000000000533e+00 1.207911975941070026e-01
4.306640625000000000e+00 1.207819124120133591e-01
4.310156250000000355e+00 1.207726011237869601e-01
4.313671874999999822e+00 1.207632636770581414e-01
4.317187500000000178e+00 1.207539000202804969e-01
4.320703125000000533e+00 1.207445101027403156e-01
4.324218750000000000e+00 1.207350938745657409e-01
4.327734375000000355e+00 1.207256512867352777e-01
4.331249999999999822e+00 1.207161822910856608e-01
4.334765625000000178e+00 1.207066868403195437e-01
4.338281250000000533e+00 1.206971648880123538e-01
4.341796875000000000e+00 1.206876163886187875e-01
4.345312500000000355e+00 1.206780412974782779e-01
4.348828124999999822e+00 1.206684395708204904e-01
4.352343750000000178e+00 1.206588111657695694e-01
4.355859375000000533e+00 1.206491560403482460e-01
4.359375000000000000e+00 1.206394741534808912e-01
4.362890625000000355e+00 1.206297654649961526e-01
4.366406249999999822e+00 1.206200299356289529e-01
4.369921875000000178e+00 1.206102675270216140e-01
4.373437500000000533e+00 1.206004782017244953e-01
4.376953125000000000e+00 1.205906619231961741e-01
4.380468750000000355e+00 1.205808186558026129e-01
4.383984374999999822e+00 1.205709483648160774e-01
4.387500000000000178e+00 1.205610510164134563e-01
4.391015625000000533e+00 1.205511265776738339e-01
4.394531250000000000e+00 1.205411750165758522e-01
4.398046875000000355e+00 1.205311963019944227e-01
4.401562499999999822e+00 1.205211904036970483e-01
4.405078125000000178e+00 1.205111572923397850e-01
4.408593750000000533e+00 1.205010969394626485e-01
4.412109375000000000e+00 1.204910093174848540e-01
4.415625000000000355e+00 1.204808943996995008e-01
4.419140624999999822e+00 1.204707521602679798e-01
4.422656250000000178e+00 1.204605825742139924e-01
4.426171875000000533e+00 1.204503856174174437e-01
4.429687500000000000e+00 1.204401612666075039e-01
4.433203125000000355e+00 1.204299094993557806e-01
4.436718749999999822e+00 1.204196302940689356e-01
4.440234375000000178e+00 1.204093236299809550e-01
4.443750000000000533e+00 1.203989894871452526e-01
4.447265625000000000e+00 1.203886278464262327e-01
4.450781250000000355e+00 1.203782386894906853e-01
4.454296874999999822e+00 1.203678219987990017e-01
4.457812500000000178e+00 1.203573777575959181e-01
4.461328125000000533e+00 1.203469059499012311e-01
4.464843750000000000e+00 1.203364065605001532e-01
4.468359375000000355e+00 1.203258795749337084e-01
4.471874999999999822e+00 1.203153249794889357e-01
4.475390625000000178e+00 1.203047427611889097e-01
4.478906250000000533e+00 1.202941329077828470e-01
4.482421875000000000e+00 1.202834954077362795e-01
4.485937500000000355e+00 1.202728302502210356e-01
4.489453124999999822e+00 1.202621374251055530e-01
4.492968750000000178e+00 1.202514169229451785e-01
4.496484375000000533e+00 1.202406687349725917e-01
4.500000000000000000e+00 1.202298928530885630e-01
4.503515625000000355e+00 1.202190892698526137e-01
4.507031249999999822e+00 1.202082579784742311e-01
4.510546875000000178e+00 1.201973989728040149e-01
4.514062500000000533e+00 1.201865122473251835e-01
4.517578125000000000e+00 1.201755977971450950e-01
4.521093750000000355e+00 1.201646556179873093e-01
4.524609374999999822e+00 1.201536857061834968e-01
4.528125000000000178e+00 1.201426880586655144e-01
4.531640625000000533e+00 1.201316626729578008e-01
4.535156250000000000e+00 1.201206095471696877e-01
4.538671875000000355e+00 1.201095286799879758e-01
4.542187499999999822e+00 1.200984200706693983e-01
4.545703125000000178e+00 1.200872837190332665e-01
4.549218750000000533e+00 1.200761196254541280e-01
4.552734375000000000e+00 1.200649277908547308e-01
4.556250000000000355e+00 1.200537082166986680e-01
4.559765624999999822e+00 1.200424609049836611e-01
4.563281250000000178e+00 1.200311858582345237e-01
4.566796875000000533e+00 1.200198830794968335e-01
4.570312500000000000e+00 1.200085525723302016e-01
4.573828125000000355e+00 1.199971943408024710e-01
4.577343749999999822e+00 1.199858083894838334e-01
4.580859375000000178e+00 1.199743947234412633e-01
4.584375000000000533e+00 1.199629533482335086e-01
4.587890625000000000e+00 1.199514842699064970e-01
4.591406250000000355e+00 1.199399874949889783e-01
4.594921874999999822e+00 1.199284630304888188e-01
4.598437500000000178e+00 1.199169108838896852e-01
4.601953125000000533e+00 1.199053310631483238e-01
4.605468750000000000e+00 1.198937235766922571e-01
4.608984375000000355e+00 1.198820884334180353e-01
4.612499999999999822e+00 1.198704256426899872e-01
4.616015625000000178e+00 1.198587352143394846e-01
4.619531250000000533e+00 1.198470171586646232e-01
4.623046875000000000e+00 1.198352714864304724e-01
4.626562500000000355e+00 1.198234982088695333e-01
4.630078124999999822e+00 1.198116973376829597e-01
4.633593750000000178e+00 1.197998688850417520e-01
4.637109375000000533e+00 1.197880128635887276e-01
4.640625000000000000e+00 1.197761292864406579e-01
4.644140625000000355e+00 1.197642181671909334e-01
4.647656249999999822e+00 1.197522795199124357e-01
4.651171875000000178e+00 1.197403133591610491e-01
4.654687500000000533e+00 1.197283196999794491e-01
4.658203125000000000e+00 1.197162985579013211e-01
4.661718750000000355e+00 1.197042499489561762e-01
4.665234374999999822e+00 1.196921738896740695e-01
4.668750000000000178e+00 1.196800703970916091e-01
4.672265625000000533e+00 1.196679394887573272e-01
4.675781250000000000e+00 1.196557811827381468e-01
4.679296875000000355e+00 1.196435954976259597e-01
4.682812499999999822e+00 1.196313824525445102e-01
4.686328125000000178e+00 1.196191420671565697e-01
4.689843750000000533e+00 1.196068743616715557e-01
4.693359375000000000e+00 1.195945793568532201e-01
4.696875000000000355e+00 1.195822570740276702e-01
4.700390624999999822e+00 1.195699075350916962e-01
4.703906250000000178e+00 1.195575307625212358e-01
4.707421875000000533e+00 1.195451267793800898e-01
4.710937500000000000e+00 1.195326956093286097e-01
4.714453125000000355e+00 1.195202372766328847e-01
4.717968749999999822e+00 1.195077518061736788e-01
4.721484375000000178e+00 1.194952392234556737e-01
4.725000000000000533e+00 1.194826995546164339e-01
4.728515625000000000e+00 1.194701328264356488e-01
4.732031250000000355e+00 1.194575390663440151e-01
4.735546874999999822e+00 1.194449183024322292e-01
4.739062500000000178e+00 1.194322705634594528e-01
4.742578125000000533e+00 1.194195958788618617e-01
4.746093750000000000e+00 1.194068942787606530e-01
4.749609375000000355e+00 1.193941657939699141e-01
4.753124999999999822e+00 1.193814104560039641e-01
4.756640625000000178e+00 1.193686282970843615e-01
4.760156250000000533e+00 1.193558193501464415e-01
4.763671875000000000e+00 1.193429836488454632e-01
4.767187500000000355e+00 1.193301212275622303e-01
4.770703124999999822e+00 1.193172321214081288e-01
4.774218750000000178e+00 1.193043163662298456e-01
4.777734375000000533e+00 1.192913739986131982e-01
4.781250000000000000e+00 1.192784050558868408e-01
4.784765625000000355e+00 1.192654095761249838e-01
4.788281249999999822e+00 1.192523875981497811e-01
4.791796875000000178e+00 1.192393391615329395e-01
4.795312500000000533e+00 1.192262643065967326e-01
4.798828125000000000e+00 1.192131630744145271e-01
4.802343750000000355e+00 1.192000355068103534e-01
4.805859374999999822e+00 1.191868816463580172e-01
4.809375000000000178e+00 1.191737015363794616e-01
4.812890625000000533e+00 1.191604952209423390e-01
4.816406250000000000e+00 1.191472627448570687e-01
4.819921875000000355e+00 1.191340041536729788e-01
4.823437499999999822e+00 1.191207194936739489e-01
4.826953125000000178e+00 1.191074088118731500e-01
4.830468750000000533e+00 1.190940721560071469e-01
4.833984375000000000e+00 1.190807095745294725e-01
4.837500000000000355e+00 1.190673211166032863e-01
4.841015624999999822e+00 1.190539068320935756e-01
4.844531250000000178e+00 1.190404667715585785e-01
4.848046875000000533e+00 1.190270009862406386e-01
4.851562500000000000e+00 1.190135095280566574e-01
4.855078125000000355e+00 1.189999924495874911e-01
4.858593749999999822e+00 1.189864498040675012e-01
4.862109375000000178e+00 1.189728816453729798e-01
4.865625000000000533e+00 1.189592880280104514e-01
4.869140625000000000e+00 1.189456690071046541e-01
4.872656250000000355e+00 1.189320246383856333e-01
4.876171874999999822e+00 1.189183549781759747e-01
4.879687500000000178e+00 1.189046600833774670e-01
4.883203125000000533e+00 1.188909400114574882e-01
4.886718750000000000e+00 1.188771948204352669e-01
4.890234375000000355e+00 1.188634245688677260e-01
4.893749999999999822e+00 1.188496293158353145e-01
4.897265625000000178e+00 1.188358091209274492e-01
4.900781250000000533e+00 1.188219640442280262e-01
4.904296875000000000e+00 1.188080941463009188e-01
4.907812500000000355e+00 1.187941994881749619e-01
4.911328124999999822e+00 1.187802801313292966e-01
4.914843750000000178e+00 1.187663361376785909e-01
4.918359375000000533e+00 1.187523675695581482e-01
4.921875000000000000e+00 1.187383744897090310e-01
4.925390625000000355e+00 1.187243569612633498e-01
4.928906249999999822e+00 1.187103150477296643e-01
4.932421875000000178e+00 1.186962488129780779e-01
4.935937500000000533e+00 1.186821583212260001e-01
4.939453125000000000e+00 1.186680436370237679e-01
4.942968750000000355e+00 1.186539048252403528e-01
4.946484374999999822e+00 1.186397419510493711e-01
4.950000000000000178e+00 1.186255550799153458e-01
4.953515625000000533e+00 1.186113442775801052e-01
4.957031250000000000e+00 1.185971096100495170e-01
4.960546875000000355e+00 1.185828511435804422e-01
4.964062499999999822e+00 1.185685689446678709e-01
4.967578125000000178e+00 1.185542630800326680e-01
4.971093750000000533e+00 1.185399336166090695e-01
4.974609375000000000e+00 1.185255806215333163e-01
4.978125000000000355e+00 1.185112041621316781e-01
4.981640624999999822e+00 1.184968043059095033e-01
4.985156250000000178e+00 1.184823811205403254e-01
4.988671875000000533e+00 1.184679346738552186e-01
4.992187500000000000e+00 1.184534650338326667e-01
4.995703125000000355e+00 1.184389722685888074e-01
4.999218749999999822e+00 1.184244564463675931e-01
5.002734375000000178e+00 1.184099176355319638e-01
5.006250000000000533e+00 1.183953559045546611e-01
5.009765625000000000e+00 1.183807713220098728e-01
5.013281250000000355e+00 1.183661639565650736e-01
5.016796874999999822e+00 1.183515338769730862e-01
5.020312500000000178e+00 1.183368811520646158e-01
5.023828125000000533e+00 1.183222058507409497e-01
5.027343750000000000e+00 1.183075080419673242e-01
5.030859375000000355e+00 1.182927877947660966e-01
5.034374999999999822e+00 1.182780451782106945e-01
5.037890625000000178e+00 1.182632802614196066e-01
5.041406250000000533e+00 1.182484931135508177e-01
5.044921875000000000e+00 1.182336838037962579e-01
5.048437500000000355e+00 1.182188524013771391e-01
5.051953124999999822e+00 1.182039989755387099e-01
5.055468750000000178e+00 1.181891235955460362e-01
5.058984375000000533e+00 1.181742263306796159e-01
5.062500000000000000e+00 1.181593072502314101e-01
5.066015625000000355e+00 1.181443664235009711e-01
5.069531249999999822e+00 1.181294039197918755e-01
5.073046875000000178e+00 1.181144198084085606e-01
5.076562500000000533e+00 1.180994141586529655e-01
5.080078125000000000e+00 1.180843870398217699e-01
5.083593750000000355e+00 1.180693385212034374e-01
5.087109374999999822e+00 1.180542686720757600e-01
5.090625000000000178e+00 1.180391775617034567e-01
5.094140625000000533e+00 1.180240652593356476e-01
5.097656250000000000e+00 1.180089318342038424e-01
5.101171875000000355e+00 1.179937773555197744e-01
5.104687499999999822e+00 1.179786018924733615e-01
5.108203125000000178e+00 1.179634055142307764e-01
5.111718750000000533e+00 1.179481882899325040e-01
5.115234375000000000e+00 1.179329502886914682e-01
5.118750000000000355e+00 1.179176915795910885e-01
5.122265624999999822e+00 1.179024122316835177e-01
5.125781250000000178e+00 1.178871123139875465e-01
5.129296875000000533e+00 1.178717918954867161e-01
5.132812500000000000e+00 1.178564510451272362e-01
5.136328125000000355e+00 1.178410898318159317e-01
5.139843749999999822e+00 1.178257083244180770e-01
5.143359375000000178e+00 1.178103065917549541e-01
5.146875000000000533e+00 1.177948847026016321e-01
5.150390625000000000e+00 1.177794427256843024e-01
5.153906250000000355e+00 1.177639807296777530e-01
5.157421874999999822e+00 1.177484987832023711e-01
5.160937500000000178e+00 1.177329969548213118e-01
5.164453125000000533e+00 1.177174753130373897e-01
5.167968750000000000e+00 1.177019339262896230e-01
5.171484375000000355e+00 1.176863728629498895e-01
5.174999999999999822e+00 1.176707921913191235e-01
5.178515625000000178e+00 1.176551919796234857e-01
5.182031250000000533e+00 1.176395722960100754e-01
5.185546875000000000e+00 1.176239332085427802e-01
5.189062500000000355e+00 1.176082747851975308e-01
5.192578124999999822e+00 1.175925970938574150e-01
5.196093750000000178e+00 1.175769002023077658e-01
5.199609375000000533e+00 1.175611841782305406e-01
5.203125000000000000e+00 1.175454490891988807e-01
5.206640625000000355e+00 1.175296950026711446e-01
5.210156249999999822e+00 1.175139219859845929e-01
5.213671875000000178e+00 1.174981301063491024e-01
5.217187500000000533e+00 1.174823194308403235e-01
5.220703125000000000e+00 1.174664900263926448e-01
5.224218750000000355e+00 1.174506419597918933e-01
5.227734374999999822e+00 1.174347752976677012e-01
5.231250000000000178e+00 1.174188901064856794e-01
5.234765625000000533e+00 1.174029864525392153e-01
5.238281250000000000e+00 1.173870644019411047e-01
5.241796875000000355e+00 1.173711240206147810e-01
5.245312499999999822e+00 1.173551653742854473e-01
5.248828125000000178e+00 1.173391885284707781e-01
5.252343750000000533e+00 1.173231935484715383e-01
5.255859375000000000e+00 1.173071804993618128e-01
5.259375000000000355e+00 1.172911494459791260e-01
5.262890624999999822e+00 1.172751004529141439e-01
5.266406250000000178e+00 1.172590335845004744e-01
5.269921875000000533e+00 1.172429489048038981e-01
5.273437500000000000e+00 1.172268464776116681e-01
5.276953125000000355e+00 1.172107263664213528e-01
5.280468749999999822e+00 1.171945886344298166e-01
5.283984375000000178e+00 1.171784333445217707e-01
5.287500000000000533e+00 1.171622605592582966e-01
5.291015625000000000e+00 1.171460703408650772e-01
5.294531250000000355e+00 1.171298627512206980e-01
5.298046874999999822e+00 1.171136378518446014e-01
5.301562500000000178e+00 1.170973957038851654e-01
5.305078125000000533e+00 1.170811363681072831e-01
5.308593750000000000e+00 1.170648599048804694e-01
5.312109375000000355e+00 1.170485663741662463e-01
5.315624999999999822e+00 1.170322558355058606e-01
5.319140625000000178e+00 1.170159283480078916e-01
5.322656250000000533e+00 1.169995839703356633e-01
5.326171875000000000e+00 1.169832227606949215e-01
5.329687500000000355e+00 1.169668447768211217e-01
5.333203124999999822e+00 1.169504500759670496e-01
5.336718750000000178e+00 1.169340387148903593e-01
5.340234375000000533e+00 1.169176107498410555e-01
5.343750000000000000e+00 1.169011662365490312e-01
5.347265625000000355e+00 1.168847052302118272e-01
5.350781249999999822e+00 1.168682277854822260e-01
5.354296875000000178e+00 1.168517339564560525e-01
5.357812500000000533e+00 1.168352237966600871e-01
5.361328125000000000e+00 1.168186973590400191e-01
5.364843750000000355e+00 1.168021546959484014e-01
5.368359374999999822e+00 1.167855958591330345e-01
5.371875000000000178e+00 1.167690208997250456e-01
5.375390625000000533e+00 1.167524298682276473e-01
5.378906250000000000e+00 1.167358228145045640e-01
5.382421875000000355e+00 1.167191997877687626e-01
5.385937499999999822e+00 1.167025608365715172e-01
5.389453125000000178e+00 1.166859060087915290e-01
5.392968750000000533e+00 1.166692353516240871e-01
5.396484375000000000e+00 1.166525489115707026e-01
5.400000000000000355e+00 1.166358467344287830e-01
5.403515624999999822e+00 1.166191288652814739e-01
5.407031250000000178e+00 1.166023953484878473e-01
5.410546875000000533e+00 1.165856462276730898e-01
5.414062500000000000e+00 1.165688815457193023e-01
5.417578125000000355e+00 1.165521013447560483e-01
5.421093749999999822e+00 1.165353056661515424e-01
5.424609375000000178e+00 1.165184945505036984e-01
5.428125000000000533e+00 1.165016680376319003e-01
5.431640625000000000e+00 1.164848261665684392e-01
5.435156250000000355e+00 1.164679689755507286e-01
5.438671874999999822e+00 1.164510965020133515e-01
5.442187500000000178e+00 1.164342087825805672e-01
5.445703125000000533e+00 1.164173058530591498e-01
5.449218750000000000e+00 1.164003877484310889e-01
5.452734375000000355e+00 1.163834545028469558e-01
5.456249999999999822e+00 1.163665061496192976e-01
5.459765625000000178e+00 1.163495427212162953e-01
5.463281250000000533e+00 1.163325642492557266e-01
5.466796875000000000e+00 1.163155707644990544e-01
5.470312500000000355e+00 1.162985622968458199e-01
5.473828124999999822e+00 1.162815388753282997e-01
5.477343750000000178e+00 1.162645005281063293e-01
5.480859375000000533e+00 1.162474472824623628e-01
5.484375000000000000e+00 1.162303791647966988e-01
5.487890625000000355e+00 1.162132962006231507e-01
5.491406249999999822e+00 1.161961984145646054e-01
5.494921875000000178e+00 1.161790858303490687e-01
5.498437500000000533e+00 1.161619584708055986e-01
5.501953125000000000e+00 1.161448163578609194e-01
5.505468750000000355e+00 1.161276595125357025e-01
5.508984374999999822e+00 1.161104879549414021e-01
5.512500000000000178e+00 1.160933017042771187e-01
5.516015625000000533e+00 1.160761007788266297e-01
5.519531250000000000e+00 1.160588851959557244e-01
5.523046875000000355e+00 1.160416549721096091e-01
5.526562499999999822e+00 1.160244101228103952e-01
5.530078125000000178e+00 1.160071506626549620e-01
5.533593750000000533e+00 1.159898766053128472e-01
5.537109375000000000e+00 1.159725879635240819e-01
5.540625000000000355e+00 1.159552847490977201e-01
5.544140624999999822e+00 1.159379669729099505e-01
5.547656250000000178e+00 1.159206346449025704e-01
5.551171875000000533e+00 1.159032877740816536e-01
5.554687500000000000e+00 1.158859263685162178e-01
5.558203125000000355e+00 1.158685504353371143e-01
5.561718749999999822e+00 1.158511599807359738e-01
5.565234375000000178e+00 1.158337550099641927e-01
5.568750000000000533e+00 1.158163355273322814e-01
5.572265625000000000e+00 1.157989015362089480e-01
5.575781250000000355e+00 1.157814530390206265e-01
5.579296874999999822e+00 1.157639900372509634e-01
5.582812500000000178e+00 1.157465125314402210e-01
5.586328125000000533e+00 1.157290205211850831e-01
5.589843750000000000e+00 1.157115140051383217e-01
5.593359375000000355e+00 1.156939929810087142e-01
5.596874999999999822e+00 1.156764574455607791e-01
5.600390625000000178e+00 1.156589073946148738e-01
5.603906250000000533e+00 1.156413428230470969e-01
5.607421875000000000e+00 1.156237637247895106e-01
5.610937500000000355e+00 1.156061700928302516e-01
5.614453124999999822e+00 1.155885619192137392e-01
5.617968750000000178e+00 1.155709391950409115e-01
5.621484375000000533e+00 1.155533019104696413e-01
5.625000000000000000e+00 1.155356500547150000e-01
5.628515625000000355e+00 1.155179836160498130e-01
5.632031249999999822e+00 1.155003025818049922e-01
5.635546875000000178e+00 1.154826069383701193e-01
5.639062500000000533e+00 1.154648966711939867e-01
5.642578125000000000e+00 1.154471717647851392e-01
5.646093750000000355e+00 1.154294322027125952e-01
5.649609374999999822e+00 1.154116779676063187e-01
5.653125000000000178e+00 1.153939090411580659e-01
5.656640625000000533e+00 1.153761254041220929e-01
5.660156250000000000e+00 1.153583270363158775e-01
5.663671875000000355e+00 1.153405139166207849e-01
5.667187499999999822e+00 1.153226860229830120e-01
5.670703125000000178e+00 1.153048433324144334e-01
5.674218750000000533e+00 1.152869858209932957e-01
5.677734375000000000e+00 1.152691134638652304e-01
5.681250000000000355e+00 1.152512262352441141e-01
5.684765624999999822e+00 1.152333241084130544e-01
5.688281250000000178e+00 1.152154070557251664e-01
5.691796875000000533e+00 1.151974750486048360e-01
5.695312500000000000e+00 1.151795280575484137e-01
5.698828125000000355e+00 1.151615660521255469e-01
5.702343749999999822e+00 1.151435890009800123e-01
5.705859375000000178e+00 1.151255968718309375e-01
5.709375000000000533e+00 1.151075896314738833e-01
5.712890625000000000e+00 1.150895672457820235e-01
5.716406250000000355e+00 1.150715296797074072e-01
5.719921874999999822e+00 1.150534768972820560e-01
5.723437500000000178e+00 1.150354088616193649e-01
5.726953125000000533e+00 1.150173255349154766e-01
5.730468750000000000e+00 1.149992268784505167e-01
5.733984375000000355e+00 1.149811128525902726e-01
5.737499999999999822e+00 1.149629834167874010e-01
5.741015625000000178e+00 1.149448385295833430e-01
5.744531250000000533e+00 1.149266781486097261e-01
5.748046875000000000e+00 1.149085022305901677e-01
5.751562500000000355e+00 1.148903107313421351e-01
5.755078124999999822e+00 1.148721036057787914e-01
5.758593750000000178e+00 1.148538808079109796e-01
5.762109375000000533e+00 1.148356422908494157e-01
5.765625000000000000e+00 1.148173880068067421e-01
5.769140625000000355e+00 1.147991179071000400e-01
5.772656249999999822e+00 1.147808319421531748e-01
5.776171875000000178e+00 1.147625300614994043e-01
5.779687500000000533e+00 1.147442122137840026e-01
5.783203125000000000e+00 1.147258783467673821e-01
5.786718750000000355e+00 1.147075284073278412e-01
5.790234374999999822e+00 1.146891623414649508e-01
5.793750000000000178e+00 1.146707800943028155e-01
5.797265625000000533e+00 1.146523816100936122e-01
5.800781250000000000e+00 1.146339668322214622e-01
5.804296875000000355e+00 1.146155357032060951e-01
5.807812499999999822e+00 1.145970881647071643e-01
5.811328125000000178e+00 1.145786241575285358e-01
5.814843750000000533e+00 1.145601436216228952e-01
5.818359375000000000e+00 1.145416464960963832e-01
5.821875000000000355e+00 1.145231327192136883e-01
5.825390624999999822e+00 1.145046022284034182e-01
5.828906250000000178e+00 1.144860549602633448e-01
5.832421875000000533e+00 1.144674908505663447e-01
5.835937500000000000e+00 1.144489098342664213e-01
5.839453125000000355e+00 1.144303118455048673e-01
5.842968749999999822e+00 1.144116968176168425e-01
5.846484375000000178e+00 1.143930646831382708e-01
5.850000000000000533e+00 1.143744153738129044e-01
5.853515625000000000e+00 1.143557488205996925e-01
5.857031250000000355e+00 1.143370649536805117e-01
5.860546874999999822e+00 1.143183637024680899e-01
5.864062500000000178e+00 1.142996449956143190e-01
5.867578125000000533e+00 1.142809087610188318e-01
5.871093750000000000e+00 1.142621549258378832e-01
5.874609375000000355e+00 1.142433834164935103e-01
5.878124999999999822e+00 1.142245941586829960e-01
5.881640625000000178e+00 1.142057870773887929e-01
5.885156250000000533e+00 1.141869620968884447e-01
5.888671875000000000e+00 1.141681191407650509e-01
5.892187500000000355e+00 1.141492581319180077e-01
5.895703124999999822e+00 1.141303789925739443e-01
5.899218750000000178e+00 1.141114816442980462e-01
5.902734375000000533e+00 1.140925660080056303e-01
5.906250000000000000e+00 1.140736320039739821e-01
5.909765625000000355e+00 1.140546795518545264e-01
5.913281249999999822e+00 1.140357085706852902e-01
5.916796875000000178e+00 1.140167189789035446e-01
5.920312500000000533e+00 1.139977106943586560e-01
5.923828125000000000e+00 1.139786836343254922e-01
5.927343750000000355e+00 1.139596377155177309e-01
5.930859374999999822e+00 1.139405728541015017e-01
5.934375000000000178e+00 1.139214889657094026e-01
5.937890625000000533e+00 1.139023859654545168e-01
5.941406250000000000e+00 1.138832637679446091e-01
5.944921875000000355e+00 1.138641222872968928e-01
5.948437499999999822e+00 1.138449614371523366e-01
5.951953125000000178e+00 1.138257811306906675e-01
5.955468750000000533e+00 1.138065812806452609e-01
5.958984375000000000e+00 1.137873617993182263e-01
5.962500000000000355e+00 1.137681225985954503e-01
5.966015624999999822e+00 1.137488635899620293e-01
5.969531250000000178e+00 1.137295846845175762e-01
5.973046875000000533e+00 1.137102857929916389e-01
5.976562500000000000e+00 1.136909668257590766e-01
5.980078125000000355e+00 1.136716276928558256e-01
5.983593749999999822e+00 1.136522683039942472e-01
5.987109375000000178e+00 1.136328885685787826e-01
5.990625000000000533e+00 1.136134883957214681e-01
5.994140625000000000e+00 1.135940676942576444e-01
5.997656250000000355e+00 1.135746263727613337e-01
6.001171874999999822e+00 1.135551643395608379e-01
6.004687500000000178e+00 1.135356815027540600e-01
6.008203125000000533e+00 1.135161777702239361e-01
6.011718750000000000e+00 1.134966530496537424e-01
6.015234375000000355e+00 1.134771072485421806e-01
6.018749999999999822e+00 1.134575402742183103e-01
6.022265625000000178e+00 1.134379520338566760e-01
6.025781250000000533e+00 1.134183424344917535e-01
6.029296875000000000e+00 1.133987113830326326e-01
6.032812500000000355e+00 1.133790587862773258e-01
6.036328124999999822e+00 1.133593845509268672e-01
6.039843750000000178e+00 1.133396885835991075e-01
6.043359375000000533e+00 1.133199707908425363e-01
6.046875000000000000e+00 1.133002310791493827e-01
6.050390625000000355e+00 1.132804693549689656e-01
6.053906249999999822e+00 1.132606855247203226e-01
6.057421875000000178e+00 1.132408794948046304e-01
6.060937500000000533e+00 1.132210511716175705e-01
6.064453125000000000e+00 1.132012004615608608e-01
6.067968750000000355e+00 1.131813272710539831e-01
6.071484374999999822e+00 1.131614315065451598e-01
6.075000000000000178e+00 1.131415130745221098e-01
6.078515625000000533e+00 1.131215718815224702e-01
6.082031250000000000e+00 1.131016078341436359e-01
6.085546875000000355e+00 1.130816208390525157e-01
6.089062499999999822e+00 1.130616108029945249e-01
6.092578125000000178e+00 1.130415776328024813e-01
6.096093750000000533e+00 1.130215212354048759e-01
6.099609375000000000e+00 1.130014415178337839e-01
6.103125000000000355e+00 1.129813383872323718e-01
6.106640624999999822e+00 1.129612117508618507e-01
6.110156250000000178e+00 1.129410615161081655e-01
6.113671875000000533e+00 1.129208875904881143e-01
6.117187500000000000e+00 1.129006898816549143e-01
6.120703125000000355e+00 1.128804682974036133e-01
6.124218749999999822e+00 1.128602227456756701e-01
6.127734375000000178e+00 1.128399531345634088e-01
6.131250000000000533e+00 1.128196593723138075e-01
6.134765625000000000e+00 1.127993413673318013e-01
6.138281250000000355e+00 1.127789990281832799e-01
6.141796874999999822e+00 1.127586322635974747e-01
6.145312500000000178e+00 1.127382409824690679e-01
6.148828125000000533e+00 1.127178250938594556e-01
6.152343750000000000e+00 1.126973845069980107e-01
6.155859375000000355e+00 1.126769191312826657e-01
6.159374999999999822e+00 1.126564288762799959e-01
6.162890625000000178e+00 1.126359136517250947e-01
6.166406250000000533e+00 1.126153733675205881e-01
6.169921875000000000e+00 1.125948079337357466e-01
6.173437500000000355e+00 1.125742172606048197e-01
6.176953124999999822e+00 1.125536012585250101e-01
6.180468750000000178e+00 1.125329598380541973e-01
6.183984375000000533e+00 1.125122929099081348e-01
6.187500000000000000e+00 1.124916003849572577e-01
6.191015625000000355e+00 1.124708821742232967e-01
6.194531249999999822e+00 1.124501381888754203e-01
6.198046875000000178e+00 1.124293683402260435e-01
6.201562500000000533e+00 1.124085725397263313e-01
6.205078125000000000e+00 1.123877506989615360e-01
6.208593750000000355e+00 1.123669027296457512e-01
6.212109374999999822e+00 1.123460285436169437e-01
6.215625000000000178e+00 1.123251280528311802e-01
6.219140625000000533e+00 1.123042011693570208e-01
6.222656250000000000e+00 1.122832478053695654e-01
6.226171875000000355e+00 1.122622678731444446e-01
6.229687499999999822e+00 1.122412612850516855e-01
6.233203125000000178e+00 1.122202279535492730e-01
6.236718750000000533e+00 1.121991677911770291e-01
6.240234375000000000e+00 1.121780807105500766e-01
6.243750000000000355e+00 1.121569666243525387e-01
6.247265624999999822e+00 1.121358254453312109e-01
6.250781250000000178e+00 1.121146570862891906e-01
6.254296875000000533e+00 1.120934614600798546e-01
6.257812500000000000e+00 1.120722384796007665e-01
6.261328125000000355e+00 1.120509880577878065e-01
6.264843749999999822e+00 1.120297101076096341e-01
6.268359375000000178e+00 1.120084045420623731e-01
6.271875000000000533e+00 1.119870712741645041e-01
6.275390625000000000e+00 1.119657102169523133e-01
6.278906250000000355e+00 1.119443212834754925e-01
6.282421874999999822e+00 1.119229043867935314e-01
6.285937500000000178e+00 1.119014594399723450e-01
6.289453125000000533e+00 1.118799863560814845e-01
6.292968750000000000e+00 1.118584850481921106e-01
6.296484375000000355e+00 1.118369554293756063e-01
6.299999999999999822e+00 1.118153974127026190e-01
6.303515625000000178e+00 1.117938109112435047e-01
6.307031250000000533e+00 1.117721958380688274e-01
6.310546875000000000e+00 1.117505521062515106e-01
6.314062500000000355e+00 1.117288796288694874e-01
6.317578124999999822e+00 1.117071783190096146e-01
6.321093750000000178e+00 1.116854480897725571e-01
6.324609375000000533e+00 1.116636888542790473e-01
6.328125000000000000e+00 1.116419005256772123e-01
6.331640625000000355e+00 1.116200830171513586e-01
6.335156249999999822e+00 1.115982362419322416e-01
6.338671875000000178e+00 1.115763601133086813e-01
6.342187500000000533e+00 1.115544545446409408e-01
6.345703125000000000e+00 1.115325194493757832e-01
6.349218750000000355e+00 1.115105547410631393e-01
6.352734374999999822e+00 1.114885603333749808e-01
6.356250000000000178e+00 1.114665361401259991e-01
6.359765625000000533e+00 1.114444820752965581e-01
6.363281250000000000e+00 1.114223980530576891e-01
6.366796875000000355e+00 1.114002839877986650e-01
6.370312499999999822e+00 1.113781397941569773e-01
6.373828125000000178e+00 1.113559653870509897e-01
6.377343750000000533e+00 1.113337606817153685e-01
6.380859375000000000e+00 1.113115255937394965e-01
6.384375000000000355e+00 1.112892600391089948e-01
6.387890624999999822e+00 1.112669639342503125e-01
6.391406250000000178e+00 1.112446371960791047e-01
6.394921875000000533e+00 1.112222797420520104e-01
6.398437500000000000e+00 1.111998914902222191e-01
6.401953125000000355e+00 1.111774723592992009e-01
6.405468749999999822e+00 1.111550222687124889e-01
6.408984375000000178e+00 1.111325411386799855e-01
6.412500000000000533e+00 1.111100288902808209e-01
6.416015625000000000e+00 1.110874854455331795e-01
6.419531250000000355e+00 1.110649107274769981e-01
6.423046874999999822e+00 1.110423046602623531e-01
6.426562500000000178e+00 1.110196671692428999e-01
6.430078125000000533e+00 1.109969981810755707e-01
6.433593750000000000e+00 1.109742976238260598e-01
6.437109375000000355e+00 1.109515654270806506e-01
6.440624999999999822e+00 1.109288015220646767e-01
6.444140625000000178e+00 1.109060058417677130e-01
6.447656250000000533e+00 1.108831783210758315e-01
6.451171875000000000e+00 1.108603188969111975e-01
6.454687500000000355e+00 1.108374275083793686e-01
6.458203124999999822e+00 1.108145040969240741e-01
6.461718750000000178e+00 1.107915486064904725e-01
6.465234375000000533e+00 1.107685609836964735e-01
6.468750000000000000e+00 1.107455411780126492e-01
6.472265625000000355e+00 1.107224891419509583e-01
6.475781249999999822e+00 1.106994048312623519e-01
6.479296875000000178e+00 1.106762882051435526e-01
6.482812500000000533e+00 1.106531392264532287e-01
6.486328125000000000e+00 1.106299578619374391e-01
6.489843750000000355e+00 1.106067440824648473e-01
6.493359374999999822e+00 1.105834978632713878e-01
6.496875000000000178e+00 1.105602191842147419e-01
6.500390625000000533e+00 1.105369080300384887e-01
6.503906250000000000e+00 1.105135643906457743e-01
6.507421875000000355e+00 1.104901882613827102e-01
6.510937499999999822e+00 1.104667796433309312e-01
6.514453125000000178e+00 1.104433385436094650e-01
6.517968750000000533e+00 1.104198649756852890e-01
6.521484375000000000e+00 1.103963589596926309e-01
6.525000000000000355e+00 1.103728205227597209e-01
6.528515624999999822e+00 1.103492496993437461e-01
6.532031250000000178e+00 1.103256465315719803e-01
6.535546875000000533e+00 1.103020110695891731e-01
6.539062500000000000e+00 1.102783433719103090e-01
6.542578125000000355e+00 1.102546435057773500e-01
6.546093749999999822e+00 1.102309115475192391e-01
6.549609375000000178e+00 1.102071475829137781e-01
6.553125000000000533e+00 1.101833517075501978e-01
6.556640625000000000e+00 1.101595240271906750e-01
6.560156250000000355e+00 1.101356646581295035e-01
6.563671874999999822e+00 1.101117737275479347e-01
6.567187500000000178e+00 1.100878513738626496e-01
6.570703125000000533e+00 1.100638977470662083e-01
6.574218750000000000e+00 1.100399130090566335e-01
6.577734375000000355e+00 1.100158973339543794e-01
6.581249999999999822e+00 1.099918509084034102e-01
6.584765625000000178e+00 1.099677739318543068e-01
6.588281250000000533e+00 1.099436666168261412e-01
6.591796875000000000e+00 1.099195291891440773e-01
6.595312500000000355e+00 1.098953618881498284e-01
6.598828124999999822e+00 1.098711649668816792e-01
6.602343750000000178e+00 1.098469386922202723e-01
6.605859375000000533e+00 1.098226833449977430e-01
6.609375000000000000e+00 1.097983992200656927e-01
6.612890625000000355e+00 1.097740866263196280e-01
6.616406249999999822e+00 1.097497458866758535e-01
6.619921875000000178e+00 1.097253773379979480e-01
6.623437500000000533e+00 1.097009813309696435e-01
6.626953125000000000e+00 1.096765582299112779e-01
6.630468750000000355e+00 1.096521084125371692e-01
6.633984374999999822e+00 1.096276322696516647e-01
6.637500000000000178e+00 1.096031302047816847e-01
6.641015625000000533e+00 1.095786026337448038e-01
6.644531250000000000e+00 1.095540499841509696e-01
6.648046875000000355e+00 1.095294726948381203e-01
6.651562499999999822e+00 1.095048712152412035e-01
6.655078125000000178e+00 1.094802460046953863e-01
6.658593750000000533e+00 1.094555975316747753e-01
6.662109375000000000e+00 1.094309262729684928e-01
6.665625000000000355e+00 1.094062327127965223e-01
6.669140624999999822e+00 1.093815173418688502e-01
6.672656250000000178e+00 1.093567806563915668e-01
6.676171875000000533e+00 1.093320231570243661e-01
6.679687500000000000e+00 1.093072453477948458e-01
6.683203125000000355e+00 1.092824477349750439e-01
6.686718749999999822e+00 1.092576308259264051e-01
6.690234375000000178e+00 1.092327951279199183e-01
6.693750000000000533e+00 1.092079411469382699e-01
6.697265625000000000e+00 1.091830693864673796e-01
6.700781250000000355e+00 1.091581803462848554e-01
6.704296874999999822e+00 1.091332745212528627e-01
6.707812500000000178e+00 1.091083524001233152e-01
6.711328125000000533e+00 1.090834144643627879e-01
6.714843750000000000e+00 1.090584611870046849e-01
6.718359375000000355e+00 1.090334930315361162e-01
6.721874999999999822e+00 1.090085104508259350e-01
6.725390625000000178e+00 1.089835138861009883e-01
6.728906250000000533e+00 1.089585037659764055e-01
6.732421875000000000e+00 1.089334805055451327e-01
6.735937500000000355e+00 1.089084445055323314e-01
6.739453124999999822e+00 1.088833961515179583e-01
6.742968750000000178e+00 1.088583358132318157e-01
6.746484375000000533e+00 1.088332638439237360e-01
6.750000000000000000e+00 1.088081805798106483e-01
6.753515625000000355e+00 1.087830863396022918e-01
6.757031249999999822e+00 1.087579814241060872e-01
6.760546875000000178e+00 1.087328661159111254e-01
6.764062500000000533e+00 1.087077406791504691e-01
6.767578125000000000e+00 1.086826053593405728e-01
6.771093750000000355e+00 1.086574603832956842e-01
6.774609374999999822e+00 1.086323059591149109e-01
6.778125000000000178e+00 1.086071422762386468e-01
6.781640625000000533e+00 1.085819695055710299e-01
6.785156250000000000e+00 1.085567877996645447e-01
6.788671875000000355e+00 1.085315972929620232e-01
6.792187499999999822e+00 1.085063981020920332e-01
6.795703125000000178e+00 1.084811903262118266e-01
6.799218750000000533e+00 1.084559740473936829e-01
6.802734375000000000e+00 1.084307493310486120e-01
6.806250000000000355e+00 1.084055162263829752e-01
6.809765624999999822e+00 1.083802747668823480e-01
6.813281250000000178e+00 1.083550249708182811e-01
6.816796875000000533e+00 1.083297668417728954e-01
6.820312500000000000e+00 1.083045003691774921e-01
6.823828125000000355e+00 1.082792255288604899e-01
6.827343749999999822e+00 1.082539422836013843e-01
6.830859375000000178e+00 1.082286505836868307e-01
6.834375000000000533e+00 1.082033503674652009e-01
6.837890625000000000e+00 1.081780415618966013e-01
6.841406250000000355e+00 1.081527240830948144e-01
6.844921874999999822e+00 1.081273978368582078e-01
6.848437500000000178e+00 1.081020627191868616e-01
6.851953125000000533e+00 1.080767186167836819e-01
6.855468750000000000e+00 1.080513654075371671e-01
6.858984375000000355e+00 1.080260029609849542e-01
6.862499999999999822e+00 1.080006311387564505e-01
6.866015625000000178e+00 1.079752497949945378e-01
6.869531250000000533e+00 1.079498587767555307e-01
6.873046875000000000e+00 1.079244579243876512e-01
6.876562500000000355e+00 1.078990470718873967e-01
6.880078124999999822e+00 1.078736260472338282e-01
6.883593750000000178e+00 1.078481946727001956e-01
6.887109375000000533e+00 1.078227527651428874e-01
6.890625000000000000e+00 1.077973001362673433e-01
6.894140625000000355e+00 1.077718365928712341e-01
6.897656249999999822e+00 1.077463619370654935e-01
6.901171875000000178e+00 1.077208759664748938e-01
6.904687500000000533e+00 1.076953784744200393e-01
6.908203125000000000e+00 1.076698692500832472e-01
6.911718750000000355e+00 1.076443480786618001e-01
6.915234374999999822e+00 1.076188147415113178e-01
6.918750000000000178e+00 1.075932690162824112e-01
6.922265625000000533e+00 1.075677106770533409e-01
6.925781250000000000e+00 1.075421394944605924e-01
6.929296875000000355e+00 1.075165552358288978e-01
6.932812499999999822e+00 1.074909576653014509e-01
6.936328125000000178e+00 1.074653465439709410e-01
6.939843750000000533e+00 1.074397216300110869e-01
6.943359375000000000e+00 1.074140826788091974e-01
6.946875000000000355e+00 1.073884294430992870e-01
6.950390624999999822e+00 1.073627616730961909e-01
6.953906250000000178e+00 1.073370791166307903e-01
6.957421875000000533e+00 1.073113815192872078e-01
6.960937500000000000e+00 1.072856686245417107e-01
6.964453125000000355e+00 1.072599401739051661e-01
6.967968749999999822e+00 1.072341959070684247e-01
6.971484375000000178e+00 1.072084355620517848e-01
6.975000000000000533e+00 1.071826588753586329e-01
6.978515625000000000e+00 1.071568655821333871e-01
6.982031250000000355e+00 1.071310554163233120e-01
6.985546874999999822e+00 1.071052281108439974e-01
6.989062500000000178e+00 1.070793833977475018e-01
6.992578125000000533e+00 1.070535210083921052e-01
6.996093750000000000e+00 1.070276406736123953e-01
6.999609375000000355e+00 1.070017421238880911e-01
7.003124999999999822e+00 1.069758250895102292e-01
7.006640625000000178e+00 1.069498893007429230e-01
7.010156250000000533e+00 1.069239344879796827e-01
7.013671875000000000e+00 1.068979603818926288e-01
7.017187500000000355e+00 1.068719667135738099e-01
7.020703124999999822e+00 1.068459532146676383e-01
7.024218750000000178e+00 1.068199196174940413e-01
7.027734375000000533e+00 1.067938656551610799e-01
7.031250000000000000e+00 1.067677910616672277e-01
7.034765625000000355e+00 1.067416955719921734e-01
7.038281249999999822e+00 1.067155789221766460e-01
7.041796875000000178e+00 1.066894408493895968e-01
7.045312500000000533e+00 1.066632810919841134e-01
7.048828125000000000e+00 1.066370993895405517e-01
7.052343750000000355e+00 1.066108954828978023e-01
7.055859374999999822e+00 1.065846691141721508e-01
7.059375000000000178e+00 1.065584200267643417e-01
7.062890625000000533e+00 1.065321479653548176e-01
7.066406250000000000e+00 1.065058526758878715e-01
7.069921875000000355e+00 1.064795339055451262e-01
7.073437499999999822e+00 1.064531914027094378e-01
7.076953125000000178e+00 1.064268249169195851e-01
7.080468750000000533e+00 1.064004341988174784e-01
7.083984375000000000e+00 1.063740190000882491e-01
7.087500000000000355e+00 1.063475790733946075e-01
7.091015624999999822e+00 1.063211141723059833e-01
7.094531250000000178e+00 1.062946240512234880e-01
7.098046875000000533e+00 1.062681084653011310e-01
7.101562500000000000e+00 1.062415671703642317e-01
7.105078125000000355e+00 1.062149999228255148e-01
7.108593749999999822e+00 1.061884064796006777e-01
7.112109375000000178e+00 1.061617865980234304e-01
7.115625000000000533e+00 1.061351400357626595e-01
7.119140625000000000e+00 1.061084665507422975e-01
7.122656250000000355e+00 1.060817659010652447e-01
7.126171874999999822e+00 1.060550378449427039e-01
7.129687500000000178e+00 1.060282821406287601e-01
7.133203125000000533e+00 1.060014985463611364e-01
7.136718750000000000e+00 1.059746868203077508e-01
7.140234375000000355e+00 1.059478467205186986e-01
7.143749999999999822e+00 1.059209780048845084e-01
7.147265625000000178e+00 1.058940804311003653e-01
7.150781250000000533e+00 1.058671537566377441e-01
7.154296875000000000e+00 1.058401977387244397e-01
7.157812500000000355e+00 1.058132121343340615e-01
7.161328124999999822e+00 1.057861967001856307e-01
7.164843750000000178e+00 1.057591511927533368e-01
7.168359375000000533e+00 1.057320753682851749e-01
7.171875000000000000e+00 1.057049689828292727e-01
7.175390625000000355e+00 1.056778317922657667e-01
7.178906249999999822e+00 1.056506635523429827e-01
7.182421875000000178e+00 1.056234640187176943e-01
7.185937500000000533e+00 1.055962329470000877e-01
7.189453125000000000e+00 1.055689700928054975e-01
7.192968750000000355e+00 1.055416752118147894e-01
7.196484374999999822e+00 1.055143480598451367e-01
7.200000000000000178e+00 1.054869883929308860e-01
7.203515625000000533e+00 1.054595959674131944e-01
7.207031250000000000e+00 1.054321705400345643e-01
7.210546875000000355e+00 1.054047118680341566e-01
7.214062499999999822e+00 1.053772197092408269e-01
7.217578125000000178e+00 1.053496938221620272e-01
7.221093750000000533e+00 1.053221339660697919e-01
7.224609375000000000e+00 1.052945399010877525e-01
7.228125000000000355e+00 1.052669113882845620e-01
7.231640624999999822e+00 1.052392481897785198e-01
7.235156250000000178e+00 1.052115500688570460e-01
7.238671875000000533e+00 1.051838167901102405e-01
7.242187500000000000e+00 1.051560481195749075e-01
7.245703125000000355e+00 1.051282438248823253e-01
7.249218749999999822e+00 1.051004036754021043e-01
7.252734375000000178e+00 1.050725274423767730e-01
7.256250000000000533e+00 1.050446148990448747e-01
7.259765625000000000e+00 1.050166658207551396e-01
7.263281250000000355e+00 1.049886799850787977e-01
7.266796874999999822e+00 1.049606571719293724e-01
7.270312500000000178e+00 1.049325971636987931e-01
7.273828125000000533e+00 1.049044997454158523e-01
7.277343750000000000e+00 1.048763647049278103e-01
7.280859375000000355e+00 1.048481918330998464e-01
7.284374999999999822e+00 1.048199809240235869e-01
7.287890625000000178e+00 1.047917317752228156e-01
7.291406250000000533e+00 1.047634441878466383e-01
7.294921875000000000e+00 1.047351179668443433e-01
7.298437500000000355e+00 1.047067529211216097e-01
7.301953124999999822e+00 1.046783488636843784e-01
7.305468750000000178e+00 1.046499056117806137e-01
7.308984375000000533e+00 1.046214229870512935e-01
7.312500000000000000e+00 1.045929008157015505e-01
7.316015625000000355e+00 1.045643389286958214e-01
7.319531249999999822e+00 1.045357371619775461e-01
7.323046875000000178e+00 1.045070953567050487e-01
7.326562500000000533e+00 1.044784133594929554e-01
7.330078125000000000e+00 1.044496910226456465e-01
7.333593750000000355e+00 1.044209282043709330e-01
7.337109374999999822e+00 1.043921247689663934e-01
7.340625000000000178e+00 1.043632805869761371e-01
7.344140625000000533e+00 1.043343955353218111e-01
7.347656250000000000e+00 1.043054694974162311e-01
7.351171875000000355e+00 1.042765023632696020e-01
7.354687499999999822e+00 1.042474940295991803e-01
7.358203125000000178e+00 1.042184443999490256e-01
7.361718750000000533e+00 1.041893533848232967e-01
7.365234375000000000e+00 1.041602209018307745e-01
7.368750000000000355e+00 1.041310468758337437e-01
7.372265624999999822e+00 1.041018312390920020e-01
7.375781250000000178e+00 1.040725739313906051e-01
7.379296875000000533e+00 1.040432749001422713e-01
7.382812500000000000e+00 1.040139341004567286e-01
7.386328125000000355e+00 1.039845514951743544e-01
7.389843749999999822e+00 1.039551270548647460e-01
7.393359375000000178e+00 1.039256607577953573e-01
7.396875000000000533e+00 1.038961525898770832e-01
7.400390625000000000e+00 1.038666025445950936e-01
7.403906250000000355e+00 1.038370106229327544e-01
7.407421874999999822e+00 1.038073768332942182e-01
7.410937500000000178e+00 1.037777011914284286e-01
7.414453125000000533e+00 1.037479837203542921e-01
7.417968750000000000e+00 1.037182244502835859e-01
7.421484375000000355e+00 1.036884234185358744e-01
7.424999999999999822e+00 1.036585806694391154e-01
7.428515625000000178e+00 1.036286962542086465e-01
7.432031250000000533e+00 1.035987702307998304e-01
7.435546875000000000e+00 1.035688026637307801e-01
7.439062500000000355e+00 1.035387936238743867e-01
7.442578124999999822e+00 1.035087431882224518e-01
7.446093750000000178e+00 1.034786514396257295e-01
7.449609375000000533e+00 1.034485184665171059e-01
7.453125000000000000e+00 1.034183443626241206e-01
7.456640625000000355e+00 1.033881292266784768e-01
7.460156249999999822e+00 1.033578731621276059e-01
7.463671875000000178e+00 1.033275762768522399e-01
7.467187500000000533e+00 1.032972386828913680e-01
7.470703125000000000e+00 1.032668604961735348e-01
7.474218750000000355e+00 1.032364418362523573e-01
7.477734374999999822e+00 1.032059828260421808e-01
7.481250000000000178e+00 1.031754835915499602e-01
7.484765625000000533e+00 1.031449442616004936e-01
7.488281250000000000e+00 1.031143649675523577e-01
7.491796875000000355e+00 1.030837458430038933e-01
7.495312499999999822e+00 1.030530870234906415e-01
7.498828125000000178e+00 1.030223886461755084e-01
7.502343750000000533e+00 1.029916508495355154e-01
7.505859375000000000e+00 1.029608737730483559e-01
7.509375000000000355e+00 1.029300575568825316e-01
7.512890624999999822e+00 1.028992023415945534e-01
7.516406250000000178e+00 1.028683082678365501e-01
7.519921875000000533e+00 1.028373754760761039e-01
7.523437500000000000e+00 1.028064041063307954e-01
7.526953125000000355e+00 1.027753942979173774e-01
7.530468749999999822e+00 1.027443461892160181e-01
7.533984375000000178e+00 1.027132599174478134e-01
7.537500000000000533e+00 1.026821356184642320e-01
7.541015625000000000e+00 1.026509734265448476e-01
7.544531250000000355e+00 1.026197734742011342e-01
7.548046874999999822e+00 1.025885358919828017e-01
7.551562500000000178e+00 1.025572608082846726e-01
7.555078125000000533e+00 1.025259483491521018e-01
7.558593750000000000e+00 1.024945986380846608e-01
7.562109375000000355e+00 1.024632117958385324e-01
7.565624999999999822e+00 1.024317879402284054e-01
7.569140625000000178e+00 1.024003271859313946e-01
7.572656250000000533e+00 1.023688296442941958e-01
7.576171875000000000e+00 1.023372954231461796e-01
7.579687500000000355e+00 1.023057246266193543e-01
7.583203124999999822e+00 1.022741173549764904e-01
7.586718750000000178e+00 1.022424737044482224e-01
7.590234375000000533e+00 1.022107937670789918e-01
7.593750000000000000e+00 1.021790776305815940e-01
7.597265625000000355e+00 1.021473253781997048e-01
7.600781249999999822e+00 1.021155370885777069e-01
7.604296875000000178e+00 1.020837128356365253e-01
7.607812500000000533e+00 1.020518526884537092e-01
7.611328125000000000e+00 1.020199567111471084e-01
7.614843750000000355e+00 1.019880249627595770e-01
7.618359374999999822e+00 1.019560574971433153e-01
7.621875000000000178e+00 1.019240543628422979e-01
7.625390625000000533e+00 1.018920156029716473e-01
7.628906250000000000e+00 1.018599412550928729e-01
7.632421875000000355e+00 1.018278313510853905e-01
7.635937499999999822e+00 1.017956859170146555e-01
7.639453125000000178e+00 1.017635049729987279e-01
7.642968750000000533e+00 1.017312885330750594e-01
7.646484375000000000e+00 1.016990366050700978e-01
7.650000000000000355e+00 1.016667491904746368e-01
7.653515624999999822e+00 1.016344262843271173e-01
7.657031250000000178e+00 1.016020678751073658e-01
7.660546875000000533e+00 1.015696739446420721e-01
7.664062500000000000e+00 1.015372444680232855e-01
7.667578125000000355e+00 1.015047794135397474e-01
7.671093749999999822e+00 1.014722787426212136e-01
7.674609375000000178e+00 1.014397424097947253e-01
7.678125000000000533e+00 1.014071703626520382e-01
7.681640625000000000e+00 1.013745625418273066e-01
7.685156250000000355e+00 1.013419188809838861e-01
7.688671874999999822e+00 1.013092393068094899e-01
7.692187500000000178e+00 1.012765237390195472e-01
7.695703125000000533e+00 1.012437720903677785e-01
7.699218750000000000e+00 1.012109842666648329e-01
7.702734375000000355e+00 1.011781601668045316e-01
7.706249999999999822e+00 1.011452996827995471e-01
7.709765625000000178e+00 1.011124026998266590e-01
7.713281250000000533e+00 1.010794690962840969e-01
7.716796875000000000e+00 1.010464987438621232e-01
7.720312500000000355e+00 1.010134915076292550e-01
7.723828124999999822e+00 1.009804472461359182e-01
7.727343750000000178e+00 1.009473658115378619e-01
7.730859375000000533e+00 1.009142470497403493e-01
7.734375000000000000e+00 1.008810908005648432e-01
7.737890625000000355e+00 1.008478968979386048e-01
7.741406249999999822e+00 1.008146651701073981e-01
7.744921875000000178e+00 1.007813954398708300e-01
7.748437500000000533e+00 1.007480875248392416e-01
7.751953125000000000e+00 1.007147412377107365e-01
7.755468750000000355e+00 1.006813563865665978e-01
7.758984374999999822e+00 1.006479327751826913e-01
7.762500000000000178e+00 1.006144702033548444e-01
7.766015625000000533e+00 1.005809684672358539e-01
7.769531250000000000e+00 1.005474273596815987e-01
7.773046875000000355e+00 1.005138466706046452e-01
7.776562499999999822e+00 1.004802261873324609e-01
7.780078125000000178e+00 1.004465656949691810e-01
7.783593750000000533e+00 1.004128649767586645e-01
7.787109375000000000e+00 1.003791238144468578e-01
7.790625000000000355e+00 1.003453419886424502e-01
7.794140624999999822e+00 1.003115192791739219e-01
7.797656250000000178e+00 1.002776554654411512e-01
7.801171875000000533e+00 1.002437503267610691e-01
7.804687500000000000e+00 1.002098036427055971e-01
7.808203125000000355e+00 1.001758151934311336e-01
7.811718749999999822e+00 1.001417847599989641e-01
7.815234375000000178e+00 1.001077121246856660e-01
7.818750000000000533e+00 1.000735970712835210e-01
7.822265625000000000e+00 1.000394393853903663e-01
7.825781250000000355e+00 1.000052388546888715e-01
7.829296874999999822e+00 9.997099526921524038e-02
7.832812500000000178e+00 9.993670842161744838e-02
7.836328125000000533e+00 9.990237810740346114e-02
7.839843750000000000e+00 9.986800412517921055e-02
7.843359375000000355e+00 9.983358627687728692e-02
7.846874999999999822e+00 9.979912436797627739e-02
7.850390625000000178e+00 9.976461820771115319e-02
7.853906250000000533e+00 9.973006760927546899e-02
7.857421875000000000e+00 9.969547239001552708e-02
7.860937500000000355e+00 9.966083237161726949e-02
7.864453124999999822e+00 9.962614738028641170e-02
7.867968750000000178e+00 9.959141724692284481e-02
7.871484375000000533e+00 9.955664180728954205e-02
7.875000000000000000e+00 9.952182090217684407e-02
7.878515625000000355e+00 9.948695437756224780e-02
7.882031249999999822e+00 9.945204208476576824e-02
7.885546875000000178e+00 9.941708388060119250e-02
7.889062500000000533e+00 9.938207962752229618e-02
7.892578125000000000e+00 9.934702919376431351e-02
7.896093750000000355e+00 9.931193245348081400e-02
7.899609374999999822e+00 9.927678928687579119e-02
7.903125000000000178e+00 9.924159958033224038e-02
7.906640625000000533e+00 9.920636322653766936e-02
7.910156250000000000e+00 9.917108012460761068e-02
7.913671875000000355e+00 9.913575018020720497e-02
7.917187499999999822e+00 9.910037330567034175e-02
7.920703125000000178e+00 9.906494942011472016e-02
7.924218750000000533e+00 9.902947844955010959e-02
7.927734375000000000e+00 9.899396032697693748e-02
7.931250000000000355e+00 9.895839499247216509e-02
7.934765624999999822e+00 9.892278239326042499e-02
7.938281250000000178e+00 9.888712248377085068e-02
7.941796875000000533e+00 9.885141522568073602e-02
7.945312500000000000e+00 9.881566058795054897e-02
7.948828125000000355e+00 9.877985854685401856e-02
7.952343749999999822e+00 9.874400908600755589e-02
7.955859375000000178e+00 9.870811219640082679e-02
7.959375000000000533e+00 9.867216787642701936e-02
7.962890625000000000e+00 9.863617613190818478e-02
7.966406250000000355e+00 9.860013697610833794e-02
7.969921874999999822e+00 9.856405042972543606e-02
7.973437500000000178e+00 9.852791652085546303e-02
7.976953125000000533e+00 9.849173528492422003e-02
7.980468750000000000e+00 9.845550676458783568e-02
7.983984375000000355e+00 9.841923100960785209e-02
7.987499999999999822e+00 9.838290807671028204e-02
7.991015625000000178e+00 9.834653802943937873e-02
7.994531250000000533e+00 9.831012093801490270e-02
7.998046875000000000e+00 9.827365687919750736e-02
8.001562500000000355e+00 9.823714593616045265e-02
8.005078125000000711e+00 9.820058819836130493e-02
8.008593750000001066e+00 9.816398376140228477e-02
8.012109374999999645e+00 9.812733272686903485e-02
8.015625000000000000e+00 9.809063520213970322e-02
8.019140625000000355e+00 9.805389130016196886e-02
8.022656250000000711e+00 9.801710113920278356e-02
8.026171875000001066e+00 9.798026484258068325e-02
8.029687499999999645e+00 9.794338253839379727e-02
8.033203125000000000e+00 9.790645435925643403e-02
8.036718750000000355e+00 9.786948044205259767e-02
8.040234375000000711e+00 9.783246092771039071e-02
8.043750000000001066e+00 9.779539596099404153e-02
8.047265624999999645e+00 9.775828569030670101e-02
8.050781250000000000e+00 9.772113026749597309e-02
8.054296875000000355e+00 9.768392984765483789e-02
8.057812500000000711e+00 9.764668458891595515e-02
8.061328125000001066e+00 9.760939465224119371e-02
8.064843749999999645e+00 9.757206020121332590e-02
8.068359375000000000e+00 9.753468140183876867e-02
8.071875000000000355e+00 9.749725842236948992e-02
8.075390625000000711e+00 9.745979143314997817e-02
8.078906250000001066e+00 9.742228060648988608e-02
8.082421874999999645e+00 9.738472611655978051e-02
8.085937500000000000e+00 9.734712813930301856e-02
8.089453125000000355e+00 9.730948685235650542e-02
8.092968750000000711e+00 9.727180243497413059e-02
8.096484375000001066e+00 9.723407506794902455e-02
8.099999999999999645e+00 9.719630493353484391e-02
8.103515625000000000e+00 9.715849221536931868e-02
8.107031250000000355e+00 9.712063709840465520e-02
8.110546875000000711e+00 9.708273976885054002e-02
8.114062500000001066e+00 9.704480041413318658e-02
8.117578124999999645e+00 9.700681922287217318e-02
8.121093750000000000e+00 9.696879638487448938e-02
8.124609375000000355e+00 9.693073209114250188e-02
8.128125000000000711e+00 9.689262653389299484e-02
8.131640625000001066e+00 9.685447990658398176e-02
8.135156249999999645e+00 9.681629240394729052e-02
8.138671875000000000e+00 9.677806422202681058e-02
8.142187500000000355e+00 9.673979555822341536e-02
8.145703125000000711e+00 9.670148661134753132e-02
8.149218750000001066e+00 9.666313758168076919e-02
8.152734374999999645e+00 9.662474867104675624e-02
8.156250000000000000e+00 9.658632008288903226e-02
8.159765625000000355e+00 9.654785202235377506e-02
8.163281250000000711e+00 9.650934469637234558e-02
8.166796875000001066e+00 9.647079831373875369e-02
8.170312499999999645e+00 9.643221308517616053e-02
8.173828125000000000e+00 9.639358922338664426e-02
8.177343750000000355e+00 9.635492694307834505e-02
8.180859375000000711e+00 9.631622646096538176e-02
8.184375000000001066e+00 9.627748799573623839e-02
8.187890624999999645e+00 9.623871176798884375e-02
8.191406250000000000e+00 9.619989800013052650e-02
8.194921875000000355e+00 9.616104691624491330e-02
8.198437500000000711e+00 9.612215874192647780e-02
8.201953125000001066e+00 9.608323370408530795e-02
8.205468749999999645e+00 9.604427203072259112e-02
8.208984375000000000e+00 9.600527395067640080e-02
8.212500000000000355e+00 9.596623969333425985e-02
8.216015625000000711e+00 9.592716948830889989e-02
8.219531250000001066e+00 9.588806356507176276e-02
8.223046874999999645e+00 9.584892215254098291e-02
8.226562500000000000e+00 9.580974547862354529e-02
8.230078125000000355e+00 9.577053376971392251e-02
8.233593750000000711e+00 9.573128725015667140e-02
8.237109375000001066e+00 9.569200614168171803e-02
8.240624999999999645e+00 9.565269066282369725e-02
8.244140625000000000e+00 9.561334102833471404e-02
8.247656250000000355e+00 9.557395744859886744e-02
8.251171875000000711e+00 9.553454012905368553e-02
8.254687500000001066e+00 9.549508926962138600e-02
8.258203124999999645e+00 9.545560506415101676e-02
8.261718750000000000e+00 9.541608769987194871e-02
8.265234375000000355e+00 9.537653735685994172e-02
8.268750000000000711e+00 9.533695420751753247e-02
8.272265625000001066e+00 9.529733841607133937e-02
8.275781249999999645e+00 9.525769013809004537e-02
8.279296875000000000e+00 9.521800952002662521e-02
8.282812500000000355e+00 9.517829669878852261e-02
8.286328125000000711e+00 9.513855180133934386e-02
8.289843750000001066e+00 9.509877494433574552e-02
8.293359374999999645e+00 9.505896623380238886e-02
8.296875000000000000e+00 9.501912576484779216e-02
8.300390625000000355e+00 9.497925362142178862e-02
8.303906250000000711e+00 9.493934987611339638e-02
8.307421875000001066e+00 9.489941458998527035e-02
8.310937499999999645e+00 9.485944781243804691e-02
8.314453125000000000e+00 9.481944958109680965e-02
8.317968750000000355e+00 9.477941992171112773e-02
8.321484375000000711e+00 9.473935884806199137e-02
8.325000000000001066e+00 9.469926636187023239e-02
8.328515624999999645e+00 9.465914245270265481e-02
8.332031250000000000e+00 9.461898709787180950e-02
8.335546875000000355e+00 9.457880026232452775e-02
8.339062500000000711e+00 9.453858189851108151e-02
8.342578125000001066e+00 9.449833194622647703e-02
8.346093749999999645e+00 9.445805033241630455e-02
8.349609375000000000e+00 9.441773697094546502e-02
8.353125000000000355e+00 9.437739176233511662e-02
8.356640625000000711e+00 9.433701459348331486e-02
8.360156250000001066e+00 9.429660533738992712e-02
8.363671874999999645e+00 9.425616385290783161e-02
8.367187500000000000e+00 9.421568998453705435e-02
8.370703125000000355e+00 9.417518356226682597e-02
8.374218750000000711e+00 9.413464440146063206e-02
8.377734375000001066e+00 9.409407230276919942e-02
8.381249999999999645e+00 9.405346705205612501e-02
8.384765625000000000e+00 9.401282842032721021e-02
8.388281250000000355e+00 9.397215616366688673e-02
8.391796875000000711e+00 9.393145002319867876e-02
8.395312500000001066e+00 9.389070972509586110e-02
8.398828124999999645e+00 9.384993498066870887e-02
8.402343750000000000e+00 9.380912548654735117e-02
8.405859375000000355e+00 9.376828092496594658e-02
8.409375000000000711e+00 9.372740096414092226e-02
8.412890625000001066e+00 9.368648525872937116e-02
8.416406249999999645e+00 9.364553345035479814e-02
8.419921875000000000e+00 9.360454516819549653e-02
8.423437500000000355e+00 9.356352002964157810e-02
8.426953125000000711e+00 9.352245764103293835e-02
8.430468750000001066e+00 9.348135759848982818e-02
8.433984374999999645e+00 9.344021948883893258e-02
8.437500000000000000e+00 9.339904289062445075e-02
8.441015625000000355e+00 9.335782737518144581e-02
8.444531250000000711e+00 9.331657250774193224e-02
8.448046875000001066e+00 9.327527784854706960e-02
8.451562499999999645e+00 9.323394295394729636e-02
8.455078125000000000e+00 9.319256737748536634e-02
8.458593750000000355e+00 9.315115067096896295e-02
8.462109375000000711e+00 9.310969238554547833e-02
8.465625000000001066e+00 9.306819207279151684e-02
8.469140624999999645e+00 9.302664928582288217e-02
8.472656250000000000e+00 9.298506358042354925e-02
8.476171875000000355e+00 9.294343451618330976e-02
8.479687500000000711e+00 9.290176165763255889e-02
8.483203125000001066e+00 9.286004457536478629e-02
8.486718749999999645e+00 9.281828284714460642e-02
8.490234375000000000e+00 9.277647605900843364e-02
8.493750000000000355e+00 9.273462380637173541e-02
8.497265625000000711e+00 9.269272569515905891e-02
8.500781250000001066e+00 9.265078134297155543e-02
8.504296874999999645e+00 9.260879038029889987e-02
8.507812500000000000e+00 9.256675245177461986e-02
8.511328125000000355e+00 9.252466721746582801e-02
8.514843750000000711e+00 9.248253435418357649e-02
8.518359375000001066e+00 9.244035355679799948e-02
8.521874999999999645e+00 9.239812453954446281e-02
8.525390625000000000e+00 9.235584703730889689e-02
8.528906250000000355e+00 9.231352080688390305e-02
8.532421875000000711e+00 9.227114562818844457e-02
8.535937500000001066e+00 9.222872130544455815e-02
8.539453124999999645e+00 9.218624766830207928e-02
8.542968750000000000e+00 9.214372457290218033e-02
8.546484375000000355e+00 9.210115190286810583e-02
8.550000000000000711e+00 9.205852957021365413e-02
8.553515625000001066e+00 9.201585751616075948e-02
8.557031249999999645e+00 9.197313571186258030e-02
8.560546875000000000e+00 9.193036415903124703e-02
8.564062500000000355e+00 9.188754289047232349e-02
8.567578125000000711e+00 9.184467197052914589e-02
8.571093750000001066e+00 9.180175149543906565e-02
8.574609374999999645e+00 9.175878159360292829e-02
8.578125000000000000e+00 9.171576242576730265e-02
8.581640625000000355e+00 9.167269418511878043e-02
8.585156250000000711e+00 9.162957709728930533e-02
8.588671875000001066e+00 9.158641142027250381e-02
8.592187499999999645e+00 9.154319744425065686e-02
8.595703125000000000e+00 9.149993549133389470e-02
8.599218750000000355e+00 9.145662591521233620e-02
8.602734375000000711e+00 9.141326910072300471e-02
8.606250000000001066e+00 9.136986546333354664e-02
8.609765624999999645e+00 9.132641544854275262e-02
8.613281250000000000e+00 9.128291953119783975e-02
8.616796875000000355e+00 9.123937821472602461e-02
8.620312500000000711e+00 9.119579203027819436e-02
8.623828125000001066e+00 9.115216153578376002e-02
8.627343749999999645e+00 9.110848731491827390e-02
8.630859375000000000e+00 9.106476997598988987e-02
8.634375000000000355e+00 9.102101015075239610e-02
8.637890625000000711e+00 9.097720849315549252e-02
8.641406250000001066e+00 9.093336567804186088e-02
8.644921874999999645e+00 9.088948239979988131e-02
8.648437500000000000e+00 9.084555937097740785e-02
8.651953125000000355e+00 9.080159732086098834e-02
8.655468750000000711e+00 9.075759699402269343e-02
8.658984375000001066e+00 9.071355914883608151e-02
8.662499999999999645e+00 9.066948455596443579e-02
8.666015625000000000e+00 9.062537399682432659e-02
8.669531250000000355e+00 9.058122826203048039e-02
8.673046875000000711e+00 9.053704814982851956e-02
8.676562500000001066e+00 9.049283446452310864e-02
8.680078124999999645e+00 9.044858801490937572e-02
8.683593750000000000e+00 9.040430961271692101e-02
8.687109375000000355e+00 9.036000007107597431e-02
8.690625000000000711e+00 9.031566020301676212e-02
8.694140625000001066e+00 9.027129082001181248e-02
8.697656249999999645e+00 9.022689273056841430e-02
8.701171875000000000e+00 9.018246673887275744e-02
8.704687500000000355e+00 9.013801364348325573e-02
8.708203125000000711e+00 9.009353423606908384e-02
8.711718750000001066e+00 9.004902930019323404e-02
8.715234374999999645e+00 9.000449961014765632e-02
8.718750000000000000e+00 8.995994592985559479e-02
8.722265625000000355e+00 8.991536901186156228e-02
8.725781250000000711e+00 8.987076959642573137e-02
8.729296875000001066e+00 8.982614841073108258e-02
8.732812499999999645e+00 8.978150616819773056e-02
8.736328125000000000e+00 8.973684356789082828e-02
8.739843750000000355e+00 8.969216129400346682e-02
8.743359375000000711e+00 8.964746001540144227e-02
8.746875000000001066e+00 8.960274038522494933e-02
8.750390624999999645e+00 8.955800304054924166e-02
8.753906250000000000e+00 8.951324860210842227e-02
8.757421875000000355e+00 8.946847767408014351e-02
8.760937500000000711e+00 8.942369084391885159e-02
8.764453125000001066e+00 8.937888868221446903e-02
8.767968749999999645e+00 8.933407174254764938e-02
8.771484375000000000e+00 8.928924056131556930e-02
8.775000000000000355e+00 8.924439565751203507e-02
8.778515625000000711e+00 8.919953753246012695e-02
8.782031250000001066e+00 8.915466666950871977e-02
8.785546874999999645e+00 8.910978353371384886e-02
8.789062500000000000e+00 8.906488857152566885e-02
8.792578125000000355e+00 8.901998221049858828e-02
8.796093750000000711e+00 8.897506485903330931e-02
8.799609375000001066e+00 8.893013690615288180e-02
8.803124999999999645e+00 8.888519872131420141e-02
8.806640625000000000e+00 8.884025065425896206e-02
8.810156250000000355e+00 8.879529303491645598e-02
8.813671875000000711e+00 8.875032617337830221e-02
8.817187500000001066e+00 8.870535035996976458e-02
8.820703124999999645e+00 8.866036586544276399e-02
8.824218750000000000e+00 8.861537294130977793e-02
8.827734375000000355e+00 8.857037182033219991e-02
8.831250000000000711e+00 8.852536271716976435e-02
8.834765625000001066e+00 8.848034582919531155e-02
8.838281249999999645e+00 8.843532133747727952e-02
8.841796875000000000e+00 8.839028940793136613e-02
8.845312500000000355e+00 8.834525019263776702e-02
8.848828125000000711e+00 8.830020383130834927e-02
8.852343750000001066e+00 8.825515045287588012e-02
8.855859374999999645e+00 8.821009017716244238e-02
8.859375000000000000e+00 8.816502311657889446e-02
8.862890625000000355e+00 8.811994937781139625e-02
8.866406250000000711e+00 8.807486906346601030e-02
8.869921875000001066e+00 8.802978227366153874e-02
8.873437499999999645e+00 8.798468910757775707e-02
8.876953125000000000e+00 8.793958966497281149e-02
8.880468750000000355e+00 8.789448404767985501e-02
8.883984375000000711e+00 8.784937236107787095e-02
8.887500000000001066e+00 8.780425471551661643e-02
8.891015624999999645e+00 8.775913122766115793e-02
8.894531250000000000e+00 8.771400202171616978e-02
8.898046875000000355e+00 8.766886723049205354e-02
8.901562500000000711e+00 8.762372699628483141e-02
8.905078125000001066e+00 8.757858147155520023e-02
8.908593749999999645e+00 8.753343081940900827e-02
8.912109375000000000e+00 8.748827521389732076e-02
8.915625000000000355e+00 8.744311484016770164e-02
8.919140625000000711e+00 8.739794989450400120e-02
8.922656250000001066e+00 8.735278058429271630e-02
8.926171874999999645e+00 8.730760712794505274e-02
8.929687500000000000e+00 8.726242975479331365e-02
8.933203125000000355e+00 8.721724870496860849e-02
8.936718750000000711e+00 8.717206422925963261e-02
8.940234375000001066e+00 8.712687658894982534e-02
8.943749999999999645e+00 8.708168605563407216e-02
8.947265625000000000e+00 8.703649291102472096e-02
8.950781250000000355e+00 8.699129744676728504e-02
8.954296875000000711e+00 8.694609996429671084e-02
8.957812500000001066e+00 8.690090077476993191e-02
8.961328124999999645e+00 8.685570019910840434e-02
8.964843750000000000e+00 8.681049856817124599e-02
8.968359375000000355e+00 8.676529622306131118e-02
8.971875000000000711e+00 8.672009351554235690e-02
8.975390625000001066e+00 8.667489080852858185e-02
8.978906249999999645e+00 8.662968847659557881e-02
8.982421875000000000e+00 8.658448690646389223e-02
8.985937500000000355e+00 8.653928649741550461e-02
8.989453125000000711e+00 8.649408766161853501e-02
8.992968750000001066e+00 8.644889082435153194e-02
8.996484374999999645e+00 8.640369642412837337e-02
9.000000000000000000e+00 8.635850491272997753e-02
9.003515625000000355e+00 8.631331675514694601e-02
9.007031250000000711e+00 8.626813242943244531e-02
9.010546875000001066e+00 8.622295242646024760e-02
9.014062499999999645e+00 8.617777724958143593e-02
9.017578125000000000e+00 8.613260741417769206e-02
9.021093750000000355e+00 8.608744344711788399e-02
9.024609375000000711e+00 8.604228588613421769e-02
9.028125000000001066e+00 8.599713527914409905e-02
9.031640624999999645e+00 8.595199218354683535e-02
9.035156250000000000e+00 8.590685716552201590e-02
9.038671875000000355e+00 8.586173079934705799e-02
9.042187500000000711e+00 8.581661366674053770e-02
9.045703125000001066e+00 8.577150635622654562e-02
9.049218749999999645e+00 8.572640946250992267e-02
9.052734375000000000e+00 8.568132358585260622e-02
9.056250000000000355e+00 8.563624933144953211e-02
9.059765625000000711e+00 8.559118730881118409e-02
9.063281250000001066e+00 8.554613813116970777e-02
9.066796874999999645e+00 8.550110241492803187e-02
9.070312500000000000e+00 8.545608077916699852e-02
9.073828125000000355e+00 8.541107384521390289e-02
9.077343750000000711e+00 8.536608223626099279e-02
9.080859375000001066e+00 8.532110657700903156e-02
9.084374999999999645e+00 8.527614749330397759e-02
9.087890625000000000e+00 8.523120561173827547e-02
9.091406250000000355e+00 8.518628155920011935e-02
9.094921875000000711e+00 8.514137596237369987e-02
9.098437500000001066e+00 8.509648944721318053e-02
9.101953124999999645e+00 8.505162263842791504e-02
9.105468750000000000e+00 8.500677615902117734e-02
9.108984375000000355e+00 8.496195062991694635e-02
9.112500000000000711e+00 8.491714666969119030e-02
9.116015625000001066e+00 8.487236489440078135e-02
9.119531249999999645e+00 8.482760591748014778e-02
9.123046875000000000e+00 8.478287034966140723e-02
9.126562500000000355e+00 8.473815879887061642e-02
9.130078125000000711e+00 8.469347187006276423e-02
9.133593750000001066e+00 8.464881016497788346e-02
9.137109374999999645e+00 8.460417428182466504e-02
9.140625000000000000e+00 8.455956481492002408e-02
9.144140625000000355e+00 8.451498235432522432e-02
9.147656250000000711e+00 8.447042748552209546e-02
9.151171875000001066e+00 8.442590078916090146e-02
9.154687499999999645e+00 8.438140284089373777e-02
9.158203125000000000e+00 8.433693421128432566e-02
9.161718750000000355e+00 8.429249546576562946e-02
9.165234375000000711e+00 8.424808716460494007e-02
9.168750000000001066e+00 8.420370986283398640e-02
9.172265624999999645e+00 8.415936411010972729e-02
9.175781250000000000e+00 8.411505045048719986e-02
9.179296875000000355e+00 8.407076942210373049e-02
9.182812500000000711e+00 8.402652155679146695e-02
9.186328125000001066e+00 8.398230737964576531e-02
9.189843749999999645e+00 8.393812740858169752e-02
9.193359375000000000e+00 8.389398215390622693e-02
9.196875000000000355e+00 8.384987211792283013e-02
9.200390625000000711e+00 8.380579779457175693e-02
9.203906250000001066e+00 8.376175966909321646e-02
9.207421874999999645e+00 8.371775821769067427e-02
9.210937500000000000e+00 8.367379390716422893e-02
9.214453125000000355e+00 8.362986719448606276e-02
9.217968750000000711e+00 8.358597852629665037e-02
9.221484375000001066e+00 8.354212833831223262e-02
9.224999999999999645e+00 8.349831705464677567e-02
9.228515625000000000e+00 8.345454508706240393e-02
9.232031250000000355e+00 8.341081283416801329e-02
9.235546875000000711e+00 8.336712068058464709e-02
9.239062500000001066e+00 8.332346899609047175e-02
9.242578124999999645e+00 8.327985813474703125e-02
9.246093750000000000e+00 8.323628843399846766e-02
9.249609375000000355e+00 8.319276021372576380e-02
9.253125000000000711e+00 8.314927377523748109e-02
9.256640625000001066e+00 8.310582940017996467e-02
9.260156249999999645e+00 8.306242734936170047e-02
9.263671875000000000e+00 8.301906786149881867e-02
9.267187500000000355e+00 8.297575115190417017e-02
9.270703125000000711e+00 8.293247741115528093e-02
9.274218750000001066e+00 8.288924680378362275e-02
9.277734374999999645e+00 8.284605946703091361e-02
9.281250000000000000e+00 8.280291550971211056e-02
9.284765625000000355e+00 8.275981501121550121e-02
9.288281250000000711e+00 8.271675802065636685e-02
9.291796875000001066e+00 8.267374455618582696e-02
9.295312499999999645e+00 8.263077460444440137e-02
9.298828125000000000e+00 8.258784812014115240e-02
9.302343750000000355e+00 8.254496502573711869e-02
9.305859375000000711e+00 8.250212521121516596e-02
9.309375000000001066e+00 8.245932853392623496e-02
9.312890624999999645e+00 8.241657481851311084e-02
9.316406250000000000e+00 8.237386385692324620e-02
9.319921875000000355e+00 8.233119540852879004e-02
9.323437500000000711e+00 8.228856920037602718e-02
9.326953125000001066e+00 8.224598492758170010e-02
9.330468749999999645e+00 8.220344225388637183e-02
9.333984375000000000e+00 8.216094081236377522e-02
9.337500000000000355e+00 8.211848020627303402e-02
9.341015625000000711e+00 8.207606001003273088e-02
9.344531250000001066e+00 8.203367977029099589e-02
9.348046874999999645e+00 8.199133900706906397e-02
9.351562500000000000e+00 8.194903721496146765e-02
9.355078125000000355e+00 8.190677386438846574e-02
9.358593750000000711e+00 8.186454840290480206e-02
9.362109375000001066e+00 8.182236025657840806e-02
9.365624999999999645e+00 8.178020883145389885e-02
9.369140625000000000e+00 8.173809351511299170e-02
9.372656250000000355e+00 8.169601367833434491e-02
9.376171875000000711e+00 8.165396867684421300e-02
9.379687500000001066e+00 8.161195785313755946e-02
9.383203124999999645e+00 8.156998053834071949e-02
9.386718750000000000e+00 8.152803605408431853e-02
9.390234375000000355e+00 8.148612371435831614e-02
9.393750000000000711e+00 8.144424282732989906e-02
9.397265625000001066e+00 8.140239269711599390e-02
9.400781249999999645e+00 8.136057262551291136e-02
9.404296875000000000e+00 8.131878191369298903e-02
9.407812500000000355e+00 8.127701986387969590e-02
9.411328125000000711e+00 8.123528578100838726e-02
9.414843750000001066e+00 8.119357897437243232e-02
9.418359374999999645e+00 8.115189875924316842e-02
9.421875000000000000e+00 8.111024445844483566e-02
9.425390625000000355e+00 8.106861540385984499e-02
9.428906250000000711e+00 8.102701093783995501e-02
9.432421875000001066e+00 8.098543041450387281e-02
9.435937499999999645e+00 8.094387320090888627e-02
9.439453125000000000e+00 8.090233867809165647e-02
9.442968750000000355e+00 8.086082624198032143e-02
9.446484375000000711e+00 8.081933530418351774e-02
9.450000000000001066e+00 8.077786529266151039e-02
9.453515624999999645e+00 8.073641565228489858e-02
9.457031250000000000e+00 8.069498584528267404e-02
9.460546875000000355e+00 8.065357535158082514e-02
9.464062500000000711e+00 8.061218366903230570e-02
9.467578125000001066e+00 8.057081031354107470e-02
9.471093749999999645e+00 8.052945481908513337e-02
9.474609375000000000e+00 8.048811673764674768e-02
9.478125000000000355e+00 8.044679563906019515e-02
9.481640625000000711e+00 8.040549111078845734e-02
9.485156250000001066e+00 8.036420275764052934e-02
9.488671874999999645e+00 8.032293020143957407e-02
9.492187500000000000e+00 8.028167308065090046e-02
9.495703125000000355e+00 8.024043104997630182e-02
9.499218750000000711e+00 8.019920377992056926e-02
9.502734375000001066e+00 8.015799095633474591e-02
9.506249999999999645e+00 8.011679227994034092e-02
9.509765625000000000e+00 8.007560746584023448e-02
9.513281250000000355e+00 8.003443624302200576e-02
9.516796875000000711e+00 7.999327835386110808e-02
9.520312500000001066e+00 7.995213355363142704e-02
9.523828124999999645e+00 7.991100161003027169e-02
9.527343750000000000e+00 7.986988230272323852e-02
9.530859375000000355e+00 7.982877542291100248e-02
9.534375000000000711e+00 7.978768077291781280e-02
9.537890625000001066e+00 7.974659816579687810e-02
9.541406249999999645e+00 7.970552742494729781e-02
9.544921875000000000e+00 7.966446838373522632e-02
9.548437500000000355e+00 7.962342088511410731e-02
9.551953125000000711e+00 7.958238478124179949e-02
9.555468750000001066e+00 7.954135993309549568e-02
9.558984374999999645e+00 7.950034621008952862e-02
9.562500000000000000e+00 7.945934348970409844e-02
9.566015625000000355e+00 7.941835165713359568e-02
9.569531250000000711e+00 7.937737060496344310e-02
9.573046875000001066e+00 7.933640023288215937e-02
9.576562499999999645e+00 7.929544044743205844e-02
9.580078125000000000e+00 7.925449116179891784e-02
9.583593750000000355e+00 7.921355229563678546e-02
9.587109375000000711e+00 7.917262377492111092e-02
9.590625000000001066e+00 7.913170553182152789e-02
9.594140624999999645e+00 7.909079750458455904e-02
9.597656250000000000e+00 7.904989963741726466e-02
9.601171875000000355e+00 7.900901188036482670e-02
9.604687500000000711e+00 7.896813418917787708e-02
9.608203125000001066e+00 7.892726652516857122e-02
9.611718749999999645e+00 7.888640885505676659e-02
9.615234375000000000e+00 7.884556115080904037e-02
9.618750000000000355e+00 7.880472338947352995e-02
9.622265625000000711e+00 7.876389555301224754e-02
9.625781250000001066e+00 7.872307762813171572e-02
9.629296874999999645e+00 7.868226960611021670e-02
9.632812500000000000e+00 7.864147148262080889e-02
9.636328125000000355e+00 7.860068325754797358e-02
9.639843750000000711e+00 7.855990493479816927e-02
9.643359375000001066e+00 7.851913652210565364e-02
9.646874999999999645e+00 7.847837803083673736e-02
9.650390625000000000e+00 7.843762947579731304e-02
9.653906250000000355e+00 7.839689087504816967e-02
9.657421875000000711e+00 7.835616224973263044e-02
9.660937500000001066e+00 7.831544362391887337e-02
9.664453124999999645e+00 7.827473502445747577e-02
9.667968750000000000e+00 7.823403648085258677e-02
9.671484375000000355e+00 7.819334802514346650e-02
9.675000000000000711e+00 7.815266969179315848e-02
9.678515625000001066e+00 7.811200151758097843e-02
9.682031249999999645e+00 7.807134354149736222e-02
9.685546875000000000e+00 7.803069580464114252e-02
9.689062500000000355e+00 7.799005835012021159e-02
9.692578125000000711e+00 7.794943122295802662e-02
9.696093750000001066e+00 7.790881447000697069e-02
9.699609374999999645e+00 7.786820813986902734e-02
9.703125000000000000e+00 7.782761228282239485e-02
9.706640625000000355e+00 7.778702695074991846e-02
9.710156250000000711e+00 7.774645219706508015e-02
9.713671875000001066e+00 7.770588807662906494e-02
9.717187499999999645e+00 7.766533464565389400e-02
9.720703125000000000e+00 7.762479196158614259e-02
9.724218750000000355e+00 7.758426008296863408e-02
9.727734375000000711e+00 7.754373906927813920e-02
9.731250000000001066e+00 7.750322898073921940e-02
9.734765624999999645e+00 7.746272987811533839e-02
9.738281250000000000e+00 7.742224182247935127e-02
9.741796875000000355e+00 7.738176487496553624e-02
9.745312500000000711e+00 7.734129909650538925e-02
9.748828125000001066e+00 7.730084454754920786e-02
9.752343749999999645e+00 7.726040128777436622e-02
9.755859375000000000e+00 7.721996937578168296e-02
9.759375000000000355e+00 7.717954886877936849e-02
9.762890625000000711e+00 7.713913982225428789e-02
9.766406250000001066e+00 7.709874228962995679e-02
9.769921874999999645e+00 7.705835632190988216e-02
9.773437500000000000e+00 7.701798196730602619e-02
9.776953125000000355e+00 7.697761927085217115e-02
9.780468750000000711e+00 7.693726827400383661e-02
9.783984375000001066e+00 7.689692901422748306e-02
9.787499999999999645e+00 7.685660152458401173e-02
9.791015625000000000e+00 7.681628583331305549e-02
9.794531250000000355e+00 7.677598196342638737e-02
9.798046875000000711e+00 7.673568993231999480e-02
9.801562500000001066e+00 7.669540975141525552e-02
9.805078124999999645e+00 7.665514142583887414e-02
9.808593750000000000e+00 7.661488495415245958e-02
9.812109375000000355e+00 7.657464032813993127e-02
9.815625000000000711e+00 7.653440753266099739e-02
9.819140625000001066e+00 7.649418654557693653e-02
9.822656249999999645e+00 7.645397733775435856e-02
9.826171875000000000e+00 7.641377987315084441e-02
9.829687500000000355e+00 7.637359410898719725e-02
9.833203125000000711e+00 7.633341999600951056e-02
9.836718750000001066e+00 7.629325747884577180e-02
9.840234374999999645e+00 7.625310649646152572e-02
9.843750000000000000e+00 7.621296698271917691e-02
9.847265625000000355e+00 7.617283886704612206e-02
9.850781250000000711e+00 7.613272207521577795e-02
9.854296875000001066e+00 7.609261653024526617e-02
9.857812499999999645e+00 7.605252215341232191e-02
9.861328125000000000e+00 7.601243886539318928e-02
9.864843750000000355e+00 7.597236658752208605e-02
9.868359375000000711e+00 7.593230524317262642e-02
9.871875000000001066e+00 7.589225475925984177e-02
9.875390624999999645e+00 7.585221506786121726e-02
9.878906250000000000e+00 7.581218610795162349e-02
9.882421875000000355e+00 7.577216782724360833e-02
9.885937500000000711e+00 7.573216018411810246e-02
9.889453125000001066e+00 7.569216314962159964e-02
9.892968749999999645e+00 7.565217670949458961e-02
9.896484375000000000e+00 7.561220086618279657e-02
9.900000000000000355e+00 7.557223564076798183e-02
9.903515625000000711e+00 7.553228107474251052e-02
9.907031250000001066e+00 7.549233723153928044e-02
9.910546874999999645e+00 7.545240419772272777e-02
9.914062500000000000e+00 7.541248208374420892e-02
9.917578125000000355e+00 7.537257102416938803e-02
9.921093750000000711e+00 7.533267117729475215e-02
9.924609375000001066e+00 7.529278272408378159e-02
9.928124999999999645e+00 7.525290586636823598e-02
9.931640625000000000e+00 7.521304082427576754e-02
9.935156250000000355e+00 7.517318783285648065e-02
9.938671875000000711e+00 7.513334713789238117e-02
9.942187500000001066e+00 7.509351899088123616e-02
9.945703124999999645e+00 7.505370364319714771e-02
9.949218750000000000e+00 7.501390133944688121e-02
9.952734375000000355e+00 7.497411231006925747e-02
9.956250000000000711e+00 7.493433676326941018e-02
9.959765625000001066e+00 7.489457487644310407e-02
9.963281249999999645e+00 7.485482678732378881e-02
9.966796875000000000e+00 7.481509258517407557e-02
9.970312500000000355e+00 7.477537230242839450e-02
9.973828125000000711e+00 7.473566590726188341e-02
9.977343750000001066e+00 7.469597329759511406e-02
9.980859374999999645e+00 7.465629429703354858e-02
9.984375000000000000e+00 7.461662865317529592e-02
9.987890625000000355e+00 7.457697603860447000e-02
9.991406250000000711e+00 7.453733605472628865e-02
9.994921875000001066e+00 7.449770823841184164e-02
9.998437499999999645e+00 7.445809207122051909e-02
1.000195312500000000e+01 7.441848699077976970e-02
1.000546875000000036e+01 7.437889240374115363e-02
1.000898437500000071e+01 7.433930769961918927e-02
1.001250000000000107e+01 7.429973226476568882e-02
1.001601562499999964e+01 7.426016549574589176e-02
1.001953125000000000e+01 7.422060681146266936e-02
1.002304687500000036e+01 7.418105566350816082e-02
1.002656250000000071e+01 7.414151154439403701e-02
1.003007812500000107e+01 7.410197399349446878e-02
1.003359374999999964e+01 7.406244260070705965e-02
1.003710937500000000e+01 7.402291700797739016e-02
1.004062500000000036e+01 7.398339690893185328e-02
1.004414062500000071e+01 7.394388204691841604e-02
1.004765625000000107e+01 7.390437221177864613e-02
1.005117187499999964e+01 7.386486723567417534e-02
1.005468750000000000e+01 7.382536698828098820e-02
1.005820312500000036e+01 7.378587137165132370e-02
1.006171875000000071e+01 7.374638031502256386e-02
1.006523437500000107e+01 7.370689376982635099e-02
1.006874999999999964e+01 7.366741170510726633e-02
1.007226562500000000e+01 7.362793410350582102e-02
1.007578125000000036e+01 7.358846095789126074e-02
1.007929687500000071e+01 7.354899226866198902e-02
1.008281250000000107e+01 7.350952804167046328e-02
1.008632812499999964e+01 7.347006828668706246e-02
1.008984375000000000e+01 7.343061301629580373e-02
1.009335937500000036e+01 7.339116224511235687e-02
1.009687500000000071e+01 7.335171598922712866e-02
1.010039062500000107e+01 7.331227426579622897e-02
1.010390624999999964e+01 7.327283709272630619e-02
1.010742187500000000e+01 7.323340448842136086e-02
1.011093750000000036e+01 7.319397647157785403e-02
1.011445312500000071e+01 7.315455306102963684e-02
1.011796875000000107e+01 7.311513427565122236e-02
1.012148437499999964e+01 7.307572013433052960e-02
1.012500000000000000e+01 7.303631065601788597e-02
1.012851562500000036e+01 7.299690585985096902e-02
1.013203125000000071e+01 7.295750576534619503e-02
1.013554687500000107e+01 7.291811039264056715e-02
1.013906249999999964e+01 7.287871976276405483e-02
1.014257812500000000e+01 7.283933389792207613e-02
1.014609375000000036e+01 7.279995282177159632e-02
1.014960937500000071e+01 7.276057655967871352e-02
1.015312500000000107e+01 7.272120513895125038e-02
1.015664062499999964e+01 7.268183858904492256e-02
1.016015625000000000e+01 7.264247694174462422e-02
1.016367187500000036e+01 7.260312023132428627e-02
1.016718750000000071e+01 7.256376849468917922e-02
1.017070312500000107e+01 7.252442177150342228e-02
1.017421874999999964e+01 7.248508010430468329e-02
1.017773437500000000e+01 7.244574353860754046e-02
1.018125000000000036e+01 7.240641212299558926e-02
1.018476562500000071e+01 7.236708590920355733e-02
1.018828125000000107e+01 7.232776495219017665e-02
1.019179687499999964e+01 7.228844931020388109e-02
1.019531250000000000e+01 7.224913904484306371e-02
1.019882812500000036e+01 7.220983422111373895e-02
1.020234375000000071e+01 7.217053490748623346e-02
1.020585937500000107e+01 7.213124117595334783e-02
1.020937499999999964e+01 7.209195310209083607e-02
1.021289062500000000e+01 7.205267076512106295e-02
1.021640625000000036e+01 7.201339424797997824e-02
1.021992187500000071e+01 7.197412363738636687e-02
1.022343750000000107e+01 7.193485902391277831e-02
1.022695312499999964e+01 7.189560050205567876e-02
1.023046875000000000e+01 7.185634817030323029e-02
1.023398437500000036e+01 7.181710213119746333e-02
1.023750000000000071e+01 7.177786249138874697e-02
1.024101562500000107e+01 7.173862936167924031e-02
1.024453124999999964e+01 7.169940285705342364e-02
1.024804687500000000e+01 7.166018309669383579e-02
1.025156250000000036e+01 7.162097020398031089e-02
1.025507812500000071e+01 7.158176430647328337e-02
1.025859375000000107e+01 7.154256553588050904e-02
1.026210937499999964e+01 7.150337402800858999e-02
1.026562500000000000e+01 7.146418992270006654e-02
1.026914062500000036e+01 7.142501336375797760e-02
1.027265625000000071e+01 7.138584449885868044e-02
1.027617187500000107e+01 7.134668347945472000e-02
1.027968749999999964e+01 7.130753046066812262e-02
1.028320312500000000e+01 7.126838560117584875e-02
1.028671875000000036e+01 7.122924906308700232e-02
1.029023437500000071e+01 7.119012101181323993e-02
1.029375000000000107e+01 7.115100161593235217e-02
1.029726562499999964e+01 7.111189104704609965e-02
1.030078125000000000e+01 7.107278947963266424e-02
1.030429687500000036e+01 7.103369709089538131e-02
1.030781250000000071e+01 7.099461406060822433e-02
1.031132812500000107e+01 7.095554057095994349e-02
1.031484374999999964e+01 7.091647680639795448e-02
1.031835937500000000e+01 7.087742295347343457e-02
1.032187500000000036e+01 7.083837920068900007e-02
1.032539062500000071e+01 7.079934573834983924e-02
1.032890625000000107e+01 7.076032275841945274e-02
1.033242187499999964e+01 7.072131045438068142e-02
1.033593750000000000e+01 7.068230902110217428e-02
1.033945312500000036e+01 7.064331865471076832e-02
1.034296875000000071e+01 7.060433955246925297e-02
1.034648437500000107e+01 7.056537191265954689e-02
1.034999999999999964e+01 7.052641593447005197e-02
1.035351562500000000e+01 7.048747181788656002e-02
1.035703125000000036e+01 7.044853976358522729e-02
1.036054687500000071e+01 7.040961997282627061e-02
1.036406250000000107e+01 7.037071264734631737e-02
1.036757812499999964e+01 7.033181798924831307e-02
1.037109375000000000e+01 7.029293620088664096e-02
1.037460937500000036e+01 7.025406748474632979e-02
1.037812500000000071e+01 7.021521204331487853e-02
1.038164062500000107e+01 7.017637007894600432e-02
1.038515624999999964e+01 7.013754179371534114e-02
1.038867187500000000e+01 7.009872738926783975e-02
1.039218750000000036e+01 7.005992706665833958e-02
1.039570312500000071e+01 7.002114102618649250e-02
1.039921875000000107e+01 6.998236946722768970e-02
1.040273437499999964e+01 6.994361258806203185e-02
1.040625000000000000e+01 6.990487058570285517e-02
1.040976562500000036e+01 6.986614365572668683e-02
1.041328125000000071e+01 6.982743199210519891e-02
1.041679687500000107e+01 6.978873578704025693e-02
1.042031249999999964e+01 6.975005523080132774e-02
1.042382812500000000e+01 6.971139051156538535e-02
1.042734375000000036e+01 6.967274181525809351e-02
1.043085937500000071e+01 6.963410932539527975e-02
1.043437500000000107e+01 6.959549322292399309e-02
1.043789062499999964e+01 6.955689368606221556e-02
1.044140625000000000e+01 6.951831089013658926e-02
1.044492187500000036e+01 6.947974500741882498e-02
1.044843750000000071e+01 6.944119620696025119e-02
1.045195312500000107e+01 6.940266465442573862e-02
1.045546874999999964e+01 6.936415051192765246e-02
1.045898437500000000e+01 6.932565393786069285e-02
1.046250000000000036e+01 6.928717508673898351e-02
1.046601562500000071e+01 6.924871410903628288e-02
1.046953125000000107e+01 6.921027115103003946e-02
1.047304687499999964e+01 6.917184635465092879e-02
1.047656250000000000e+01 6.913343985733810815e-02
1.048007812500000036e+01 6.909505179190124358e-02
1.048359375000000071e+01 6.905668228638972561e-02
1.048710937500000107e+01 6.901833146396962881e-02
1.049062499999999964e+01 6.897999944280844287e-02
1.049414062500000000e+01 6.894168633596794993e-02
1.049765625000000036e+01 6.890339225130470702e-02
1.050117187500000071e+01 6.886511729137922977e-02
1.050468750000000107e+01 6.882686155337272571e-02
1.050820312499999964e+01 6.878862512901301463e-02
1.051171875000000000e+01 6.875040810450938622e-02
1.051523437500000036e+01 6.871221056049720000e-02
1.051875000000000071e+01 6.867403257199358735e-02
1.052226562500000107e+01 6.863587420836397834e-02
1.052578124999999964e+01 6.859773553330153484e-02
1.052929687500000000e+01 6.855961660481940667e-02
1.053281250000000036e+01 6.852151747525736525e-02
1.053632812500000071e+01 6.848343819130414678e-02
1.053984375000000107e+01 6.844537879403739256e-02
1.054335937499999964e+01 6.840733931898294873e-02
1.054687500000000000e+01 6.836931979619542687e-02
1.055039062500000036e+01 6.833132025036112167e-02
1.055390625000000071e+01 6.829334070092324405e-02
1.055742187500000107e+01 6.825538116222742979e-02
1.056093749999999964e+01 6.821744164368497010e-02
1.056445312500000000e+01 6.817952214994843496e-02
1.056796875000000036e+01 6.814162268109610898e-02
1.057148437500000071e+01 6.810374323282039621e-02
1.057500000000000107e+01 6.806588379661786259e-02
1.057851562499999964e+01 6.802804435997888977e-02
1.058203125000000000e+01 6.799022490657627427e-02
1.058554687500000036e+01 6.795242541645310497e-02
1.058906250000000071e+01 6.791464586620885036e-02
1.059257812500000107e+01 6.787688622918391923e-02
1.059609374999999964e+01 6.783914647564130707e-02
1.059960937500000000e+01 6.780142657294509212e-02
1.060312500000000036e+01 6.776372648573500412e-02
1.060664062500000071e+01 6.772604617609760680e-02
1.061015625000000107e+01 6.768838560373478808e-02
1.061367187499999964e+01 6.765074472613075152e-02
1.061718750000000000e+01 6.761312349871884120e-02
1.062070312500000036e+01 6.757552187504931029e-02
1.062421875000000071e+01 6.753793980695882437e-02
1.062773437500000107e+01 6.750037724474183820e-02
1.063124999999999964e+01 6.746283413732440115e-02
1.063476562500000000e+01 6.742531043243968347e-02
1.063828125000000036e+01 6.738780607680572299e-02
1.064179687500000071e+01 6.735032101630464285e-02
1.064531250000000107e+01 6.731285519616422852e-02
1.064882812499999964e+01 6.727540856114158641e-02
1.065234375000000000e+01 6.723798105570993888e-02
1.065585937500000036e+01 6.720057262424905531e-02
1.065937500000000071e+01 6.716318321124006840e-02
1.066289062500000107e+01 6.712581276146589726e-02
1.066640624999999964e+01 6.708846122021722147e-02
1.066992187500000000e+01 6.705112853350481128e-02
1.067343750000000036e+01 6.701381464827788070e-02
1.067695312500000071e+01 6.697651951264796399e-02
1.068046875000000107e+01 6.693924307611784363e-02
1.068398437499999964e+01 6.690198528981419757e-02
1.068750000000000000e+01 6.686474610672318852e-02
1.069101562500000036e+01 6.682752548192752440e-02
1.069453125000000071e+01 6.679032337284418475e-02
1.069804687500000107e+01 6.675313973946100932e-02
1.070156249999999964e+01 6.671597454457151022e-02
1.070507812500000000e+01 6.667882775400579831e-02
1.070859375000000036e+01 6.664169933685645808e-02
1.071210937500000071e+01 6.660458926569723381e-02
1.071562500000000107e+01 6.656749751679243154e-02
1.071914062499999964e+01 6.653042407029463590e-02
1.072265625000000000e+01 6.649336891042834097e-02
1.072617187500000036e+01 6.645633202565648379e-02
1.072968750000000071e+01 6.641931340882770152e-02
1.073320312500000107e+01 6.638231305730127318e-02
1.073671874999999964e+01 6.634533097304740057e-02
1.074023437500000000e+01 6.630836716272103804e-02
1.074375000000000036e+01 6.627142163770691208e-02
1.074726562500000071e+01 6.623449441413439831e-02
1.075078125000000107e+01 6.619758551286106241e-02
1.075429687499999964e+01 6.616069495942411560e-02
1.075781250000000000e+01 6.612382278395909085e-02
1.076132812500000036e+01 6.608696902108608662e-02
1.076484375000000071e+01 6.605013370976348108e-02
1.076835937500000107e+01 6.601331689311010220e-02
1.077187499999999964e+01 6.597651861819656127e-02
1.077539062500000000e+01 6.593973893580737378e-02
1.077890625000000036e+01 6.590297790017543567e-02
1.078242187500000071e+01 6.586623556869057594e-02
1.078593750000000107e+01 6.582951200158485006e-02
1.078945312499999964e+01 6.579280726159680848e-02
1.079296875000000000e+01 6.575612141361805718e-02
1.079648437500000036e+01 6.571945452432464974e-02
1.080000000000000071e+01 6.568280666179771021e-02
1.080351562500000107e+01 6.564617789513607637e-02
1.080703124999999964e+01 6.560956829406561219e-02
1.081054687500000000e+01 6.557297792854921425e-02
1.081406250000000036e+01 6.553640686840161989e-02
1.081757812500000071e+01 6.549985518291366604e-02
1.082109375000000107e+01 6.546332294049059253e-02
1.082460937499999964e+01 6.542681020830823369e-02
1.082812500000000000e+01 6.539031705199191413e-02
1.083164062500000036e+01 6.535384353532142088e-02
1.083515625000000071e+01 6.531738971996581267e-02
1.083867187500000107e+01 6.528095566525105031e-02
1.084218749999999964e+01 6.524454142796276557e-02
1.084570312500000000e+01 6.520814706218636125e-02
1.084921875000000036e+01 6.517177261918519204e-02
1.085273437500000071e+01 6.513541814731790836e-02
1.085625000000000107e+01 6.509908369199482459e-02
1.085976562499999964e+01 6.506276929567242351e-02
1.086328125000000000e+01 6.502647499788538621e-02
1.086679687500000036e+01 6.499020083531381609e-02
1.087031250000000071e+01 6.495394684188382506e-02
1.087382812500000107e+01 6.491771304889892846e-02
1.087734374999999964e+01 6.488149948519886245e-02
1.088085937500000000e+01 6.484530617734293734e-02
1.088437500000000036e+01 6.480913314981390227e-02
1.088789062500000071e+01 6.477298042523901844e-02
1.089140625000000107e+01 6.473684802462428833e-02
1.089492187499999964e+01 6.470073596759792767e-02
1.089843750000000000e+01 6.466464427265924964e-02
1.090195312500000036e+01 6.462857295742951980e-02
1.090546875000000071e+01 6.459252203890097910e-02
1.090898437500000107e+01 6.455649153368092641e-02
1.091249999999999964e+01 6.452048145822784908e-02
1.091601562500000000e+01 6.448449182907717292e-02
1.091953125000000036e+01 6.444852266305392541e-02
1.092304687500000071e+01 6.441257397747077174e-02
1.092656250000000107e+01 6.437664579030955014e-02
1.093007812499999964e+01 6.434073812038487716e-02
1.093359375000000000e+01 6.430485098748897621e-02
1.093710937500000036e+01 6.426898441251652216e-02
1.094062500000000071e+01 6.423313841756919662e-02
1.094414062500000107e+01 6.419731302603913503e-02
1.094765624999999964e+01 6.416150826267114082e-02
1.095117187500000000e+01 6.412572415360368039e-02
1.095468750000000036e+01 6.408996072638856178e-02
1.095820312500000071e+01 6.405421800998961634e-02
1.096171875000000107e+01 6.401849603476111872e-02
1.096523437499999964e+01 6.398279483240623677e-02
1.096875000000000000e+01 6.394711443591702404e-02
1.097226562500000036e+01 6.391145487949681514e-02
1.097578125000000071e+01 6.387581619846637027e-02
1.097929687500000107e+01 6.384019842915598930e-02
1.098281249999999964e+01 6.380460160878506648e-02
1.098632812500000000e+01 6.376902577533161143e-02
1.098984375000000036e+01 6.373347096739390150e-02
1.099335937500000071e+01 6.369793722404737402e-02
1.099687500000000107e+01 6.366242458469870136e-02
1.100039062499999964e+01 6.362693308894065702e-02
1.100390625000000000e+01 6.359146277640978506e-02
1.100742187500000036e+01 6.355601368665005080e-02
1.101093750000000071e+01 6.352058585898445742e-02
1.101445312500000107e+01 6.348517933239697375e-02
1.101796874999999964e+01 6.344979414542667451e-02
1.102148437500000000e+01 6.341443033607510604e-02
1.102500000000000036e+01 6.337908794172841809e-02
1.102851562500000071e+01 6.334376699909442798e-02
1.103203125000000107e+01 6.330846754415525579e-02
1.103554687499999964e+01 6.327318961213482251e-02
1.103906250000000000e+01 6.323793323748119755e-02
1.104257812500000036e+01 6.320269845386228269e-02
1.104609375000000071e+01 6.316748529417415270e-02
1.104960937500000107e+01 6.313229379055998458e-02
1.105312499999999964e+01 6.309712397443795195e-02
1.105664062500000000e+01 6.306197587653586401e-02
1.106015625000000036e+01 6.302684952693038412e-02
1.106367187500000071e+01 6.299174495508838567e-02
1.106718750000000107e+01 6.295666218990797480e-02
1.107070312499999964e+01 6.292160125975693186e-02
1.107421875000000000e+01 6.288656219250626789e-02
1.107773437500000036e+01 6.285154501555675899e-02
1.108125000000000071e+01 6.281654975585679312e-02
1.108476562500000107e+01 6.278157643991008618e-02
1.108828124999999964e+01 6.274662509377199049e-02
1.109179687500000000e+01 6.271169574303372962e-02
1.109531250000000036e+01 6.267678841279436530e-02
1.109882812500000071e+01 6.264190312762060731e-02
1.110234375000000107e+01 6.260703991149460523e-02
1.110585937499999964e+01 6.257219878775160948e-02
1.110937500000000000e+01 6.253737977900789002e-02
1.111289062500000036e+01 6.250258290708173015e-02
1.111640625000000071e+01 6.246780819290888992e-02
1.111992187500000107e+01 6.243305565645548144e-02
1.112343749999999964e+01 6.239832531663082327e-02
1.112695312500000000e+01 6.236361719120283448e-02
1.113046875000000036e+01 6.232893129671879251e-02
1.113398437500000071e+01 6.229426764843416786e-02
1.113750000000000107e+01 6.225962626025163815e-02
1.114101562499999964e+01 6.222500714467250893e-02
1.114453125000000000e+01 6.219041031276204001e-02
1.114804687500000036e+01 6.215583577413016231e-02
1.115156250000000071e+01 6.212128353692798061e-02
1.115507812500000107e+01 6.208675360786072850e-02
1.115859374999999964e+01 6.205224599221680071e-02
1.116210937500000000e+01 6.201776069391239793e-02
1.116562500000000036e+01 6.198329771555060458e-02
1.116914062500000071e+01 6.194885705849380308e-02
1.117265625000000107e+01 6.191443872294755124e-02
1.117617187499999964e+01 6.188004270805388257e-02
1.117968750000000000e+01 6.184566901199221867e-02
1.118320312500000036e+01 6.181131763208536772e-02
1.118671875000000071e+01 6.177698856490838886e-02
1.119023437500000107e+01 6.174268180639823356e-02
1.119374999999999964e+01 6.170839735196181897e-02
1.119726562500000000e+01 6.167413519658072885e-02
1.120078125000000036e+01 6.163989533491077977e-02
1.120429687500000071e+01 6.160567776137497453e-02
1.120781250000000107e+01 6.157148247024860077e-02
1.121132812499999964e+01 6.153730945573570449e-02
1.121484375000000000e+01 6.150315871203606427e-02
1.121835937500000036e+01 6.146903023340265920e-02
1.122187500000000071e+01 6.143492401418917948e-02
1.122539062500000107e+01 6.140084004888789193e-02
1.122890624999999964e+01 6.136677833215805483e-02
1.123242187500000000e+01 6.133273885884545085e-02
1.123593750000000036e+01 6.129872162399346847e-02
1.123945312500000071e+01 6.126472662284648124e-02
1.124296875000000107e+01 6.123075385084636446e-02
1.124648437499999964e+01 6.119680330362262111e-02
1.125000000000000000e+01 6.116287497697731057e-02
1.125351562500000036e+01 6.112896886686531445e-02
1.125703125000000071e+01 6.109508496937080674e-02
1.126054687500000107e+01 6.106122328068081667e-02
1.126406249999999964e+01 6.102738379705643923e-02
1.126757812500000000e+01 6.099356651480262320e-02
1.127109375000000036e+01 6.095977143023698086e-02
1.127460937500000071e+01 6.092599853965827150e-02
1.127812500000000107e+01 6.089224783931511398e-02
1.128164062499999964e+01 6.085851932537515718e-02
1.128515625000000000e+01 6.082481299389507629e-02
1.128867187500000036e+01 6.079112884079165835e-02
1.129218750000000071e+01 6.075746686181411615e-02
1.129570312500000107e+01 6.072382705251762325e-02
1.129921874999999964e+01 6.069020940823834087e-02
1.130273437500000000e+01 6.065661392406977021e-02
1.130625000000000036e+01 6.062304059484065200e-02
1.130976562500000071e+01 6.058948941509433028e-02
1.131328125000000107e+01 6.055596037906958024e-02
1.131679687499999964e+01 6.052245348068283765e-02
1.132031250000000000e+01 6.048896871351180232e-02
1.132382812500000036e+01 6.045550607078014477e-02
1.132734375000000071e+01 6.042206554534319818e-02
1.133085937500000107e+01 6.038864712967445536e-02
1.133437499999999964e+01 6.035525081585253748e-02
1.133789062500000000e+01 6.032187659554862080e-02
1.134140625000000036e+01 6.028852446001412013e-02
1.134492187500000071e+01 6.025519440006854577e-02
1.134843750000000107e+01 6.022188640608770738e-02
1.135195312499999964e+01 6.018860046799226482e-02
1.135546875000000000e+01 6.015533657523673694e-02
1.135898437500000036e+01 6.012209471679909323e-02
1.136250000000000071e+01 6.008887488117106018e-02
1.136601562500000107e+01 6.005567705634913545e-02
1.136953124999999964e+01 6.002250122982612235e-02
1.137304687500000000e+01 5.998934738858337223e-02
1.137656250000000036e+01 5.995621551908322799e-02
1.138007812500000071e+01 5.992310560726198110e-02
1.138359375000000107e+01 5.989001763852287719e-02
1.138710937499999964e+01 5.985695159772941309e-02
1.139062500000000000e+01 5.982390746919903635e-02
1.139414062500000036e+01 5.979088523669717076e-02
1.139765625000000071e+01 5.975788488343221350e-02
1.140117187500000107e+01 5.972490639205137175e-02
1.140468749999999964e+01 5.969194974463758879e-02
1.140820312500000000e+01 5.965901492270797579e-02
1.141171875000000036e+01 5.962610190721345099e-02
1.141523437500000071e+01 5.959321067853969034e-02
1.141875000000000107e+01 5.956034121650941732e-02
1.142226562499999964e+01 5.952749350038555320e-02
1.142578125000000000e+01 5.949466750887548450e-02
1.142929687500000036e+01 5.946186322013613523e-02
1.143281250000000071e+01 5.942908061177983037e-02
1.143632812500000107e+01 5.939631966088108894e-02
1.143984374999999964e+01 5.936358034398445810e-02
1.144335937500000000e+01 5.933086263711330466e-02
1.144687500000000036e+01 5.929816651578002917e-02
1.145039062500000071e+01 5.926549195499737632e-02
1.145390625000000107e+01 5.923283892929118166e-02
1.145742187499999964e+01 5.920020741271428411e-02
1.146093750000000000e+01 5.916759737886164577e-02
1.146445312500000036e+01 5.913500880088649186e-02
1.146796875000000071e+01 5.910244165151737339e-02
1.147148437500000107e+01 5.906989590307609728e-02
1.147499999999999964e+01 5.903737152749654465e-02
1.147851562500000000e+01 5.900486849634421771e-02
1.148203125000000036e+01 5.897238678083695923e-02
1.148554687500000071e+01 5.893992635186640072e-02
1.148906250000000107e+01 5.890748718002072892e-02
1.149257812499999964e+01 5.887506923560832661e-02
1.149609375000000000e+01 5.884267248868269712e-02
1.149960937500000036e+01 5.881029690906807578e-02
1.150312500000000071e+01 5.877794246638608222e-02
1.150664062500000107e+01 5.874560913008297636e-02
1.151015624999999964e+01 5.871329686945722659e-02
1.151367187500000000e+01 5.868100565368772337e-02
1.151718750000000036e+01 5.864873545186190251e-02
1.152070312500000071e+01 5.861648623300422939e-02
1.152421875000000107e+01 5.858425796610469694e-02
1.152773437499999964e+01 5.855205062014753881e-02
1.153125000000000000e+01 5.851986416413998415e-02
1.153476562500000036e+01 5.848769856714131077e-02
1.153828125000000071e+01 5.845555379829198150e-02
1.154179687500000107e+01 5.842342982684307906e-02
1.154531249999999964e+01 5.839132662218582404e-02
1.154882812500000000e+01 5.835924415388128728e-02
1.155234375000000036e+01 5.832718239169018548e-02
1.155585937500000071e+01 5.829514130560263518e-02
1.155937500000000107e+01 5.826312086586782346e-02
1.156289062499999964e+01 5.823112104302352598e-02
1.156640625000000000e+01 5.819914180792529201e-02
1.156992187500000036e+01 5.816718313177515753e-02
1.157343750000000071e+01 5.813524498614993513e-02
1.157695312500000107e+01 5.810332734302879609e-02
1.158046874999999964e+01 5.807143017482017944e-02
1.158398437500000000e+01 5.803955345438795155e-02
1.158750000000000036e+01 5.800769715507680946e-02
1.159101562500000071e+01 5.797586125073696250e-02
1.159453125000000107e+01 5.794404571574800211e-02
1.159804687499999964e+01 5.791225052504218873e-02
1.160156250000000000e+01 5.788047565412708650e-02
1.160507812500000036e+01 5.784872107910746242e-02
1.160859375000000071e+01 5.781698677670652625e-02
1.161210937500000107e+01 5.778527272428647665e-02
1.161562499999999964e+01 5.775357889986823534e-02
1.161914062500000000e+01 5.772190528215011274e-02
1.162265625000000036e+01 5.769025185052575888e-02
1.162617187500000071e+01 5.765861858510087923e-02
1.162968750000000107e+01 5.762700546670916635e-02
1.163320312499999964e+01 5.759541247692720467e-02
1.163671875000000000e+01 5.756383959808869522e-02
1.164023437500000036e+01 5.753228681329812522e-02
1.164375000000000071e+01 5.750075410644382712e-02
1.164726562500000107e+01 5.746924146221095431e-02
1.165078124999999964e+01 5.743774886609406133e-02
1.165429687500000000e+01 5.740627630440962859e-02
1.165781250000000036e+01 5.737482376430831643e-02
1.166132812500000071e+01 5.734339123378705272e-02
1.166484375000000107e+01 5.731197870170069708e-02
1.166835937499999964e+01 5.728058615777344154e-02
1.167187500000000000e+01 5.724921359260992659e-02
1.167539062500000036e+01 5.721786099770589246e-02
1.167890625000000071e+01 5.718652836545893431e-02
1.168242187500000107e+01 5.715521568917920903e-02
1.168593749999999964e+01 5.712392296310046802e-02
1.168945312500000000e+01 5.709265018239153416e-02
1.169296875000000036e+01 5.706139734316845180e-02
1.169648437500000071e+01 5.703016444250729594e-02
1.170000000000000107e+01 5.699895147845783494e-02
1.170351562499999964e+01 5.696775845005756095e-02
1.170703125000000000e+01 5.693658535734646975e-02
1.171054687500000036e+01 5.690543220138205571e-02
1.171406250000000071e+01 5.687429898425457042e-02
1.171757812500000107e+01 5.684318570910258661e-02
1.172109374999999964e+01 5.681209238012869395e-02
1.172460937500000000e+01 5.678101900261552093e-02
1.172812500000000036e+01 5.674996558294229110e-02
1.173164062500000071e+01 5.671893212860185107e-02
1.173515625000000107e+01 5.668791864821849658e-02
1.173867187499999964e+01 5.665692515156653397e-02
1.174218750000000000e+01 5.662595164958944549e-02
1.174570312500000036e+01 5.659499815441986631e-02
1.174921875000000071e+01 5.656406467939977672e-02
1.175273437500000107e+01 5.653315123910110374e-02
1.175624999999999964e+01 5.650225784934635731e-02
1.175976562500000000e+01 5.647138452722925278e-02
1.176328125000000036e+01 5.644053129113540263e-02
1.176679687500000071e+01 5.640969816076293886e-02
1.177031250000000107e+01 5.637888515714346849e-02
1.177382812499999964e+01 5.634809230266318858e-02
1.177734375000000000e+01 5.631731962108461886e-02
1.178085937500000036e+01 5.628656713756859803e-02
1.178437500000000071e+01 5.625583487869683513e-02
1.178789062500000107e+01 5.622512287249436386e-02
1.179140624999999964e+01 5.619443114845191350e-02
1.179492187500000000e+01 5.616375973754753059e-02
1.179843750000000036e+01 5.613310867226705553e-02
1.180195312500000071e+01 5.610247798662302415e-02
1.180546875000000107e+01 5.607186771617160559e-02
1.180898437499999964e+01 5.604127789802741677e-02
1.181250000000000000e+01 5.601070857087601940e-02
1.181601562500000036e+01 5.598015977498421031e-02
1.181953125000000071e+01 5.594963155220819551e-02
1.182304687500000107e+01 5.591912394599969638e-02
1.182656249999999964e+01 5.588863700141023794e-02
1.183007812500000000e+01 5.585817076509362600e-02
1.183359375000000036e+01 5.582772528530652312e-02
1.183710937500000071e+01 5.579730061190703305e-02
1.184062500000000107e+01 5.576689679635117580e-02
1.184414062499999964e+01 5.573651389168680914e-02
1.184765625000000000e+01 5.570615195254481622e-02
1.185117187500000036e+01 5.567581103512721230e-02
1.185468750000000071e+01 5.564549119719200410e-02
1.185820312500000107e+01 5.561519249803459353e-02
1.186171874999999964e+01 5.558491499846564265e-02
1.186523437500000000e+01 5.555465876078532345e-02
1.186875000000000036e+01 5.552442384875414666e-02
1.187226562500000071e+01 5.549421032756037681e-02
1.187578125000000107e+01 5.546401826378426214e-02
1.187929687499999964e+01 5.543384772535914218e-02
1.188281250000000000e+01 5.540369878152978655e-02
1.188632812500000036e+01 5.537357150280798612e-02
1.188984375000000071e+01 5.534346596092565296e-02
1.189335937500000107e+01 5.531338222878547095e-02
1.189687499999999964e+01 5.528332038040931901e-02
1.190039062500000000e+01 5.525328049088457094e-02
1.190390625000000036e+01 5.522326263630838311e-02
1.190742187500000071e+01 5.519326689373009465e-02
1.191093750000000107e+01 5.516329334109210114e-02
1.191445312499999964e+01 5.513334205716941688e-02
1.191796875000000000e+01 5.510341312150807830e-02
1.192148437500000036e+01 5.507350661436313799e-02
1.192500000000000071e+01 5.504362261663619388e-02
1.192851562500000107e+01 5.501376120981309181e-02
1.193203124999999964e+01 5.498392247590201676e-02
1.193554687500000000e+01 5.495410649737245135e-02
1.193906250000000036e+01 5.492431335709496709e-02
1.194257812500000071e+01 5.489454313828241033e-02
1.194609375000000107e+01 5.486479592443261472e-02
1.194960937499999964e+01 5.483507179927291086e-02
1.195312500000000000e+01 5.480537084670671077e-02
1.195664062500000036e+01 5.477569315076254164e-02
1.196015625000000071e+01 5.474603879554566788e-02
1.196367187500000107e+01 5.471640786519265526e-02
1.196718749999999964e+01 5.468680044382899508e-02
1.197070312500000000e+01 5.465721661552988553e-02
1.197421875000000036e+01 5.462765646428423966e-02
1.197773437500000071e+01 5.459812007396186440e-02
1.198125000000000107e+01 5.456860752828390781e-02
1.198476562499999964e+01 5.453911891079653990e-02
1.198828125000000000e+01 5.450965430484792928e-02
1.199179687500000036e+01 5.448021379356885602e-02
1.199531250000000071e+01 5.445079745985687697e-02
1.199882812500000107e+01 5.442140538636443953e-02
1.200234374999999964e+01 5.439203765549101982e-02
1.200585937500000000e+01 5.436269434937931327e-02
1.200937500000000036e+01 5.433337554991542195e-02
1.201289062500000071e+01 5.430408133873286525e-02
1.201640625000000107e+01 5.427481179722012938e-02
1.201992187499999964e+01 5.424556700653161007e-02
1.202343750000000000e+01 5.421634704760148332e-02
1.202695312500000036e+01 5.418715200116058783e-02
1.203046875000000071e+01 5.415798194775597874e-02
1.203398437500000107e+01 5.412883696777313902e-02
1.203749999999999964e+01 5.409971714146086935e-02
1.204101562500000000e+01 5.407062254895871056e-02
1.204453125000000036e+01 5.404155327032651723e-02
1.204804687500000071e+01 5.401250938557619619e-02
1.205156250000000107e+01 5.398349097470483970e-02
1.205507812499999964e+01 5.395449811772899673e-02
1.205859375000000000e+01 5.392553089471942285e-02
1.206210937500000036e+01 5.389658938583584413e-02
1.206562500000000071e+01 5.386767367136151979e-02
1.206914062500000107e+01 5.383878383173711091e-02
1.207265624999999964e+01 5.380991994759400793e-02
1.207617187500000000e+01 5.378108209978671450e-02
1.207968750000000036e+01 5.375227036942460679e-02
1.208320312500000071e+01 5.372348483790278378e-02
1.208671875000000107e+01 5.369472558693180048e-02
1.209023437499999964e+01 5.366599269856617282e-02
1.209375000000000000e+01 5.363728625523116883e-02
1.209726562500000036e+01 5.360860633974747630e-02
1.210078125000000071e+01 5.357995303535351833e-02
1.210429687500000107e+01 5.355132642572475038e-02
1.210781249999999964e+01 5.352272659499011931e-02
1.211132812500000000e+01 5.349415362774528199e-02
1.211484375000000036e+01 5.346560760906262505e-02
1.211835937500000071e+01 5.343708862449834951e-02
1.212187500000000107e+01 5.340859676009633572e-02
1.212539062499999964e+01 5.338013210238918421e-02
1.212890625000000000e+01 5.335169473839605769e-02
1.213242187500000036e+01 5.332328475561741443e-02
1.213593750000000071e+01 5.329490224202641097e-02
1.213945312500000107e+01 5.326654728605664801e-02
1.214296874999999964e+01 5.323821997658628735e-02
1.214648437500000000e+01 5.320992040291831066e-02
1.215000000000000036e+01 5.318164865475703135e-02
1.215351562500000071e+01 5.315340482218090801e-02
1.215703125000000107e+01 5.312518899561205488e-02
1.216054687499999964e+01 5.309700126578256740e-02
1.216406250000000000e+01 5.306884172369787100e-02
1.216757812500000036e+01 5.304071046059753713e-02
1.217109375000000071e+01 5.301260756791331685e-02
1.217460937500000107e+01 5.298453313722471109e-02
1.217812499999999964e+01 5.295648726021170288e-02
1.218164062500000000e+01 5.292847002860502637e-02
1.218515625000000036e+01 5.290048153413347970e-02
1.218867187500000071e+01 5.287252186846878865e-02
1.219218750000000107e+01 5.284459112316805540e-02
1.219570312499999964e+01 5.281668938961422283e-02
1.219921875000000000e+01 5.278881675895506775e-02
1.220273437500000036e+01 5.276097332204111173e-02
1.220625000000000071e+01 5.273315916936310854e-02
1.220976562500000107e+01 5.270537439098922639e-02
1.221328124999999964e+01 5.267761907650250069e-02
1.221679687500000000e+01 5.264989331493817593e-02
1.222031250000000036e+01 5.262219719472128326e-02
1.222382812500000071e+01 5.259453080360397548e-02
1.222734375000000107e+01 5.256689422860249400e-02
1.223085937499999964e+01 5.253928755593353928e-02
1.223437500000000000e+01 5.251171087094988477e-02
1.223789062500000036e+01 5.248416425807519298e-02
1.224140625000000071e+01 5.245664780073811678e-02
1.224492187500000107e+01 5.242916158130584564e-02
1.224843749999999964e+01 5.240170568101724935e-02
1.225195312500000000e+01 5.237428017991592466e-02
1.225546875000000036e+01 5.234688515678315168e-02
1.225898437500000071e+01 5.231952068907097519e-02
1.226250000000000107e+01 5.229218685283522350e-02
1.226601562499999964e+01 5.226488372266847177e-02
1.226953125000000000e+01 5.223761137163257517e-02
1.227304687500000036e+01 5.221036987119072326e-02
1.227656250000000071e+01 5.218315929113871016e-02
1.228007812500000107e+01 5.215597969953533752e-02
1.228359374999999964e+01 5.212883116263197780e-02
1.228710937500000000e+01 5.210171374480140893e-02
1.229062500000000036e+01 5.207462750846601762e-02
1.229414062500000071e+01 5.204757251402596097e-02
1.229765625000000107e+01 5.202054881978736278e-02
1.230117187499999964e+01 5.199355648189114831e-02
1.230468750000000000e+01 5.196659555424280874e-02
1.230820312500000036e+01 5.193966608844340777e-02
1.231171875000000071e+01 5.191276813372203147e-02
1.231523437500000107e+01 5.188590173687003537e-02
1.231874999999999964e+01 5.185906694217686658e-02
1.232226562500000000e+01 5.183226379136782885e-02
1.232578125000000036e+01 5.180549232354362404e-02
1.232929687500000071e+01 5.177875257512173923e-02
1.233281250000000107e+01 5.175204457977983924e-02
1.233632812499999964e+01 5.172536836840116448e-02
1.233984375000000000e+01 5.169872396902221862e-02
1.234335937500000036e+01 5.167211140678289183e-02
1.234687500000000071e+01 5.164553070387912365e-02
1.235039062500000107e+01 5.161898187951848016e-02
1.235390624999999964e+01 5.159246494987861087e-02
1.235742187500000000e+01 5.156597992806866149e-02
1.236093750000000036e+01 5.153952682409381619e-02
1.236445312500000071e+01 5.151310564482292076e-02
1.236796875000000107e+01 5.148671639395921429e-02
1.237148437499999964e+01 5.146035907201425980e-02
1.237500000000000000e+01 5.143403367628530259e-02
1.237851562500000036e+01 5.140774020083602180e-02
1.238203125000000071e+01 5.138147863648102887e-02
1.238554687500000107e+01 5.135524897077413387e-02
1.238906249999999964e+01 5.132905118800058786e-02
1.239257812500000000e+01 5.130288526917322484e-02
1.239609375000000036e+01 5.127675119203260745e-02
1.239960937500000071e+01 5.125064893105087116e-02
1.240312500000000107e+01 5.122457845743919741e-02
1.240664062499999964e+01 5.119853973915842321e-02
1.241015625000000000e+01 5.117253274093271770e-02
1.241367187500000036e+01 5.114655742426577056e-02
1.241718750000000071e+01 5.112061374745933973e-02
1.242070312500000107e+01 5.109470166563361004e-02
1.242421874999999964e+01 5.106882113074952267e-02
1.242773437500000000e+01 5.104297209163233262e-02
1.243125000000000036e+01 5.101715449399678304e-02
1.243476562500000071e+01 5.099136828047344527e-02
1.243828125000000107e+01 5.096561339063637730e-02
1.244179687499999964e+01 5.093988976103209360e-02
1.244531250000000000e+01 5.091419732521001995e-02
1.244882812500000036e+01 5.088853601375466218e-02
1.245234375000000071e+01 5.086290575431950955e-02
1.245585937500000107e+01 5.083730647166331829e-02
1.245937499999999964e+01 5.081173808768855993e-02
1.246289062500000000e+01 5.078620052148264535e-02
1.246640625000000036e+01 5.076069368936172999e-02
1.246992187500000071e+01 5.073521750491739174e-02
1.247343750000000107e+01 5.070977187906580697e-02
1.247695312499999964e+01 5.068435672009963255e-02
1.248046875000000000e+01 5.065897193374199747e-02
1.248398437500000036e+01 5.063361742320263148e-02
1.248750000000000071e+01 5.060829308923578407e-02
1.249101562500000107e+01 5.058299883019972548e-02
1.249453124999999964e+01 5.055773454211778817e-02
1.249804687500000000e+01 5.053250011874084457e-02
1.250156250000000036e+01 5.050729545161138784e-02
1.250507812500000071e+01 5.048212043012915984e-02
1.250859375000000107e+01 5.045697494161869440e-02
1.251210937499999964e+01 5.043185887139878254e-02
1.251562500000000000e+01 5.040677210285389453e-02
1.251914062500000036e+01 5.038171451750786400e-02
1.252265625000000071e+01 5.035668599509950105e-02
1.252617187500000107e+01 5.033168641366015522e-02
1.252968749999999964e+01 5.030671564959297154e-02
1.253320312500000000e+01 5.028177357775356904e-02
1.253671875000000036e+01 5.025686007153176704e-02
1.254023437500000071e+01 5.023197500293413026e-02
1.254375000000000107e+01 5.020711824266690937e-02
1.254726562499999964e+01 5.018228966021914816e-02
1.255078125000000000e+01 5.015748912394565190e-02
1.255429687500000036e+01 5.013271650114954625e-02
1.255781250000000071e+01 5.010797165816419096e-02
1.256132812500000107e+01 5.008325446043429552e-02
1.256484374999999964e+01 5.005856477259573722e-02
1.256835937500000000e+01 5.003390245855420665e-02
1.257187500000000036e+01 5.000926738156204199e-02
1.257539062500000071e+01 4.998465940429337728e-02
1.257890625000000107e+01 4.996007838891704245e-02
1.258242187499999964e+01 4.993552419716741630e-02
1.258593750000000000e+01 4.991099669041276082e-02
1.258945312500000036e+01 4.988649572972102264e-02
1.259296875000000071e+01 4.986202117592313660e-02
1.259648437500000107e+01 4.983757288967349819e-02
1.259999999999999964e+01 4.981315073150767436e-02
1.260351562500000000e+01 4.978875456189718607e-02
1.260703125000000036e+01 4.976438424130127935e-02
1.261054687500000071e+01 4.974003963021546987e-02
1.261406250000000107e+01 4.971572058921693710e-02
1.261757812499999964e+01 4.969142697900649081e-02
1.262109375000000000e+01 4.966715866044731781e-02
1.262460937500000036e+01 4.964291549460037034e-02
1.262812500000000071e+01 4.961869734275669436e-02
1.263164062500000107e+01 4.959450406646674636e-02
1.263515624999999964e+01 4.957033552756688610e-02
1.263867187500000000e+01 4.954619158820351005e-02
1.264218750000000036e+01 4.952207211085472155e-02
1.264570312500000071e+01 4.949797695834997485e-02
1.264921875000000107e+01 4.947390599388774152e-02
1.265273437499999964e+01 4.944985908105130334e-02
1.265625000000000000e+01 4.942583608382274118e-02
1.265976562500000036e+01 4.940183686659528617e-02
1.266328125000000071e+01 4.937786129418390846e-02
1.266679687500000107e+01 4.935390923183437251e-02
1.267031249999999964e+01 4.932998054523091147e-02
1.267382812500000000e+01 4.930607510050249997e-02
1.267734375000000036e+01 4.928219276422819706e-02
1.268085937500000071e+01 4.925833340344147604e-02
1.268437500000000107e+01 4.923449688563411031e-02
1.268789062499999964e+01 4.921068307875951786e-02
1.269140625000000000e+01 4.918689185123599483e-02
1.269492187500000036e+01 4.916312307194978248e-02
1.269843750000000071e+01 4.913937661025827297e-02
1.270195312500000107e+01 4.911565233599328451e-02
1.270546874999999964e+01 4.909195011946453774e-02
1.270898437500000000e+01 4.906826983146329868e-02
1.271250000000000036e+01 4.904461134326629224e-02
1.271601562500000071e+01 4.902097452663987942e-02
1.271953125000000107e+01 4.899735925384455376e-02
1.272304687499999964e+01 4.897376539763985404e-02
1.272656250000000000e+01 4.895019283128961007e-02
1.273007812500000036e+01 4.892664142856782694e-02
1.273359375000000071e+01 4.890311106376492994e-02
1.273710937500000107e+01 4.887960161169470352e-02
1.274062499999999964e+01 4.885611294770154933e-02
1.274414062500000000e+01 4.883264494766842434e-02
1.274765625000000036e+01 4.880919748802502872e-02
1.275117187500000071e+01 4.878577044575643784e-02
1.275468750000000107e+01 4.876236369841191465e-02
1.275820312499999964e+01 4.873897712411390942e-02
1.276171875000000000e+01 4.871561060156716361e-02
1.276523437500000036e+01 4.869226401006777893e-02
1.276875000000000071e+01 4.866893722951232820e-02
1.277226562500000107e+01 4.864563014040679950e-02
1.277578124999999964e+01 4.862234262387545719e-02
1.277929687500000000e+01 4.859907456166950857e-02
1.278281250000000036e+01 4.857582583617554850e-02
1.278632812500000071e+01 4.855259633042378203e-02
1.278984375000000107e+01 4.852938592809577512e-02
1.279335937499999964e+01 4.850619451353195555e-02
1.279687500000000000e+01 4.848302197173854494e-02
1.280039062500000036e+01 4.845986818839399801e-02
1.280390625000000071e+01 4.843673304985477573e-02
1.280742187500000107e+01 4.841361644316052870e-02
1.281093749999999964e+01 4.839051825603851720e-02
1.281445312500000000e+01 4.836743837690721248e-02
1.281796875000000036e+01 4.834437669487927358e-02
1.282148437500000071e+01 4.832133309976349017e-02
1.282500000000000107e+01 4.829830748206602464e-02
1.282851562499999964e+01 4.827529973299066191e-02
1.283203125000000000e+01 4.825230974443819876e-02
1.283554687500000036e+01 4.822933740900482713e-02
1.283906250000000071e+01 4.820638261997955976e-02
1.284257812500000107e+01 4.818344527134066357e-02
1.284609374999999964e+01 4.816052525775098292e-02
1.284960937500000000e+01 4.813762247455231902e-02
1.285312500000000036e+01 4.811473681775871314e-02
1.285664062500000071e+01 4.809186818404884156e-02
1.286015625000000107e+01 4.806901647075738360e-02
1.286367187499999964e+01 4.804618157586566796e-02
1.286718750000000000e+01 4.802336339799150033e-02
1.287070312500000036e+01 4.800056183637833873e-02
1.287421875000000071e+01 4.797777679088402469e-02
1.287773437500000107e+01 4.795500816196905658e-02
1.288124999999999964e+01 4.793225585068451589e-02
1.288476562500000000e+01 4.790951975865991030e-02
1.288828125000000036e+01 4.788679978809082249e-02
1.289179687500000071e+01 4.786409584172660742e-02
1.289531250000000107e+01 4.784140782285807580e-02
1.289882812499999964e+01 4.781873563530547599e-02
1.290234375000000000e+01 4.779607918340657291e-02
1.290585937500000036e+01 4.777343837200523358e-02
1.290937500000000071e+01 4.775081310644033183e-02
1.291289062500000107e+01 4.772820329253543714e-02
1.291640624999999964e+01 4.770560883658912787e-02
1.291992187500000000e+01 4.768302964536629690e-02
1.292343750000000036e+01 4.766046562609061593e-02
1.292695312500000071e+01 4.763791668643821420e-02
1.293046875000000107e+01 4.761538273453286285e-02
1.293398437499999964e+01 4.759286367894290798e-02
1.293750000000000000e+01 4.757035942867987588e-02
1.294101562500000036e+01 4.754786989319913226e-02
1.294453125000000071e+01 4.752539498240250515e-02
1.294804687500000107e+01 4.750293460664319067e-02
1.295156249999999964e+01 4.748048867673280299e-02
1.295507812500000000e+01 4.745805710395059607e-02
1.295859375000000036e+01 4.743563980005513492e-02
1.296210937500000071e+01 4.741323667729811786e-02
1.296562500000000107e+01 4.739084764844049558e-02
1.296914062499999964e+01 4.736847262677087306e-02
1.297265625000000000e+01 4.734611152612605567e-02
1.297617187500000036e+01 4.732376426091385035e-02
1.297968750000000071e+01 4.730143074613793464e-02
1.298320312500000107e+01 4.727911089742483502e-02
1.298671874999999964e+01 4.725680463105275120e-02
1.299023437500000000e+01 4.723451186398247570e-02
1.299375000000000036e+01 4.721223251388978470e-02
1.299726562500000071e+01 4.718996649919976472e-02
1.300078125000000107e+01 4.716771373912220788e-02
1.300429687499999964e+01 4.714547415368862404e-02
1.300781250000000000e+01 4.712324766378992585e-02
1.301132812500000036e+01 4.710103419121519641e-02
1.301484375000000071e+01 4.707883365869078296e-02
1.301835937500000107e+01 4.705664598991977920e-02
1.302187499999999964e+01 4.703447110962143823e-02
1.302539062500000000e+01 4.701230894357039114e-02
1.302890625000000036e+01 4.699015941863519952e-02
1.303242187500000071e+01 4.696802246281622795e-02
1.303593750000000107e+01 4.694589800528246176e-02
1.303945312499999964e+01 4.692378597640689541e-02
1.304296875000000000e+01 4.690168630780065795e-02
1.304648437500000036e+01 4.687959893234523723e-02
1.305000000000000071e+01 4.685752378422305964e-02
1.305351562500000107e+01 4.683546079894583547e-02
1.305703124999999964e+01 4.681340991338096835e-02
1.306054687500000000e+01 4.679137106577566096e-02
1.306406250000000036e+01 4.676934419577861990e-02
1.306757812500000071e+01 4.674732924445951232e-02
1.307109375000000107e+01 4.672532615432586911e-02
1.307460937499999964e+01 4.670333486933760103e-02
1.307812500000000000e+01 4.668135533491903078e-02
1.308164062500000036e+01 4.665938749796844087e-02
1.308515625000000071e+01 4.663743130686521382e-02
1.308867187500000107e+01 4.661548671147455747e-02
1.309218749999999964e+01 4.659355366314996139e-02
1.309570312500000000e+01 4.657163211473328013e-02
1.309921875000000036e+01 4.654972202055275565e-02
1.310273437500000071e+01 4.652782333641894419e-02
1.310625000000000107e+01 4.650593601961867940e-02
1.310976562499999964e+01 4.648406002890721755e-02
1.311328125000000000e+01 4.646219532449875900e-02
1.311679687500000036e+01 4.644034186805540143e-02
1.312031250000000071e+01 4.641849962267477481e-02
1.312382812500000107e+01 4.639666855287639946e-02
1.312734374999999964e+01 4.637484862458715607e-02
1.313085937500000000e+01 4.635303980512571476e-02
1.313437500000000036e+01 4.633124206318639526e-02
1.313789062500000071e+01 4.630945536882242336e-02
1.314140625000000107e+01 4.628767969342879873e-02
1.314492187499999964e+01 4.626591500972487836e-02
1.314843750000000000e+01 4.624416129173683498e-02
1.315195312500000036e+01 4.622241851478010172e-02
1.315546875000000071e+01 4.620068665544181663e-02
1.315898437500000107e+01 4.617896569156350328e-02
1.316249999999999964e+01 4.615725560222382062e-02
1.316601562500000000e+01 4.613555636772163904e-02
1.316953125000000036e+01 4.611386796955931067e-02
1.317304687500000071e+01 4.609219039042625893e-02
1.317656250000000107e+01 4.607052361418277620e-02
1.318007812499999964e+01 4.604886762584405047e-02
1.318359375000000000e+01 4.602722241156444183e-02
1.318710937500000036e+01 4.600558795862193240e-02
1.319062500000000071e+01 4.598396425540261789e-02
1.319414062500000107e+01 4.596235129138533104e-02
1.319765624999999964e+01 4.594074905712632051e-02
1.320117187500000000e+01 4.591915754424383961e-02
1.320468750000000036e+01 4.589757674540265175e-02
1.320820312500000071e+01 4.587600665429848734e-02
1.321171875000000107e+01 4.585444726564223694e-02
1.321523437499999964e+01 4.583289857514397797e-02
1.321875000000000000e+01 4.581136057949677931e-02
1.322226562500000036e+01 4.578983327636011735e-02
1.322578125000000071e+01 4.576831666434309775e-02
1.322929687500000107e+01 4.574681074298728167e-02
1.323281249999999964e+01 4.572531551274904710e-02
1.323632812500000000e+01 4.570383097498177671e-02
1.323984375000000036e+01 4.568235713191738656e-02
1.324335937500000071e+01 4.566089398664757715e-02
1.324687500000000107e+01 4.563944154310451556e-02
1.325039062499999964e+01 4.561799980604118454e-02
1.325390625000000000e+01 4.559656878101105149e-02
1.325742187500000036e+01 4.557514847434732119e-02
1.326093750000000071e+01 4.555373889314169589e-02
1.326445312500000107e+01 4.553234004522241363e-02
1.326796874999999964e+01 4.551095193913198833e-02
1.327148437500000000e+01 4.548957458410406163e-02
1.327500000000000036e+01 4.546820799003989388e-02
1.327851562500000071e+01 4.544685216748418910e-02
1.328203125000000107e+01 4.542550712760026754e-02
1.328554687499999964e+01 4.540417288214465552e-02
1.328906250000000000e+01 4.538284944344110616e-02
1.329257812500000036e+01 4.536153682435391243e-02
1.329609375000000071e+01 4.534023503826062340e-02
1.329960937500000107e+01 4.531894409902414989e-02
1.330312499999999964e+01 4.529766402096421785e-02
1.330664062500000000e+01 4.527639481882813483e-02
1.331015625000000036e+01 4.525513650776097352e-02
1.331367187500000071e+01 4.523388910327504064e-02
1.331718750000000107e+01 4.521265262121867967e-02
1.332070312499999964e+01 4.519142707774444212e-02
1.332421875000000000e+01 4.517021248927653027e-02
1.332773437500000036e+01 4.514900887247753902e-02
1.333125000000000071e+01 4.512781624421460802e-02
1.333476562500000107e+01 4.510663462152470632e-02
1.333828124999999964e+01 4.508546402157950772e-02
1.334179687500000000e+01 4.506430446164935016e-02
1.334531250000000036e+01 4.504315595906675795e-02
1.334882812500000071e+01 4.502201853118935337e-02
1.335234375000000107e+01 4.500089219536217156e-02
1.335585937499999964e+01 4.497977696887962146e-02
1.335937500000000000e+01 4.495867286894703052e-02
1.336289062500000036e+01 4.493757991264195339e-02
1.336640625000000071e+01 4.491649811687530025e-02
1.336992187500000107e+01 4.489542749835247204e-02
1.337343749999999964e+01 4.487436807353457902e-02
1.337695312500000000e+01 4.485331985859999926e-02
1.338046875000000036e+01 4.483228286940629803e-02
1.338398437500000071e+01 4.481125712145283407e-02
1.338750000000000107e+01 4.479024262984410143e-02
1.339101562499999964e+01 4.476923940925406353e-02
1.339453125000000000e+01 4.474824747389169466e-02
1.339804687500000036e+01 4.472726683746774956e-02
1.340156250000000071e+01 4.470629751316315681e-02
1.340507812500000107e+01 4.468533951359901502e-02
1.340859374999999964e+01 4.466439285080840704e-02
1.341210937500000000e+01 4.464345753621024038e-02
1.341562500000000036e+01 4.462253358058518304e-02
1.341914062500000071e+01 4.460162099405364650e-02
1.342265625000000107e+01 4.458071978605632202e-02
1.342617187499999964e+01 4.455982996533679186e-02
1.342968750000000000e+01 4.453895153992680489e-02
1.343320312500000036e+01 4.451808451713372417e-02
1.343671875000000071e+01 4.449722890353062510e-02
1.344023437500000107e+01 4.447638470494877372e-02
1.344374999999999964e+01 4.445555192647239473e-02
1.344726562500000000e+01 4.443473057243593760e-02
1.345078125000000036e+01 4.441392064642353532e-02
1.345429687500000071e+01 4.439312215127079464e-02
1.345781250000000107e+01 4.437233508906852225e-02
1.346132812499999964e+01 4.435155946116868531e-02
1.346484375000000000e+01 4.433079526819218297e-02
1.346835937500000036e+01 4.431004251003840821e-02
1.347187500000000071e+01 4.428930118589653742e-02
1.347539062500000107e+01 4.426857129425836729e-02
1.347890624999999964e+01 4.424785283293258820e-02
1.348242187500000000e+01 4.422714579906032728e-02
1.348593750000000036e+01 4.420645018913189894e-02
1.348945312500000071e+01 4.418576599900454760e-02
1.349296875000000107e+01 4.416509322392120351e-02
1.349648437499999964e+01 4.414443185852999496e-02
1.350000000000000000e+01 4.412378189690441266e-02
1.350351562500000036e+01 4.410314333256414032e-02
1.350703125000000071e+01 4.408251615849635707e-02
1.351054687500000107e+01 4.406190036717738678e-02
1.351406249999999964e+01 4.404129595059476376e-02
1.351757812500000000e+01 4.402070290026945110e-02
1.352109375000000036e+01 4.400012120727834347e-02
1.352460937500000071e+01 4.397955086227680471e-02
1.352812500000000107e+01 4.395899185552141347e-02
1.353164062499999964e+01 4.393844417689267423e-02
1.353515625000000000e+01 4.391790781591781156e-02
1.353867187500000036e+01 4.389738276179358523e-02
1.354218750000000071e+01 4.387686900340900115e-02
1.354570312500000107e+01 4.385636652936819591e-02
1.354921874999999964e+01 4.383587532801312692e-02
1.355273437500000000e+01 4.381539538744630424e-02
1.355625000000000036e+01 4.379492669555351547e-02
1.355976562500000071e+01 4.377446924002649509e-02
1.356328125000000107e+01 4.375402300838552444e-02
1.356679687499999964e+01 4.373358798800201785e-02
1.357031250000000000e+01 4.371316416612106015e-02
1.357382812500000036e+01 4.369275152988388172e-02
1.357734375000000071e+01 4.367235006635025729e-02
1.358085937500000107e+01 4.365195976252080057e-02
1.358437499999999964e+01 4.363158060535916871e-02
1.358789062500000000e+01 4.361121258181416271e-02
1.359140625000000036e+01 4.359085567884171675e-02
1.359492187500000071e+01 4.357050988342669323e-02
1.359843750000000107e+01 4.355017518260453219e-02
1.360195312499999964e+01 4.352985156348269935e-02
1.360546875000000000e+01 4.350953901326203022e-02
1.360898437500000036e+01 4.348923751925770631e-02
1.361250000000000071e+01 4.346894706892011351e-02
1.361601562500000107e+01 4.344866764985540891e-02
1.361953124999999964e+01 4.342839924984583794e-02
1.362304687500000000e+01 4.340814185686978077e-02
1.362656250000000036e+01 4.338789545912141721e-02
1.363007812500000071e+01 4.336766004503022492e-02
1.363359375000000107e+01 4.334743560328000594e-02
1.363710937499999964e+01 4.332722212282760776e-02
1.364062500000000000e+01 4.330701959292131836e-02
1.364414062500000036e+01 4.328682800311871998e-02
1.364765625000000071e+01 4.326664734330430001e-02
1.365117187500000107e+01 4.324647760370647909e-02
1.365468749999999964e+01 4.322631877491420194e-02
1.365820312500000000e+01 4.320617084789309115e-02
1.366171875000000036e+01 4.318603381400093477e-02
1.366523437500000071e+01 4.316590766500288251e-02
1.366875000000000107e+01 4.314579239308576064e-02
1.367226562499999964e+01 4.312568799087208860e-02
1.367578125000000000e+01 4.310559445143331836e-02
1.367929687500000036e+01 4.308551176830259510e-02
1.368281250000000071e+01 4.306543993548671290e-02
1.368632812500000107e+01 4.304537894747765409e-02
1.368984374999999964e+01 4.302532879926330295e-02
1.369335937500000000e+01 4.300528948633763199e-02
1.369687500000000036e+01 4.298526100471016659e-02
1.370039062500000071e+01 4.296524335091482516e-02
1.370390625000000107e+01 4.294523652201810010e-02
1.370742187499999964e+01 4.292524051562656567e-02
1.371093750000000000e+01 4.290525532989374058e-02
1.371445312500000036e+01 4.288528096352629826e-02
1.371796875000000071e+01 4.286531741578962496e-02
1.372148437500000107e+01 4.284536468651271163e-02
1.372499999999999964e+01 4.282542277609240750e-02
1.372851562500000000e+01 4.280549168549704214e-02
1.373203125000000036e+01 4.278557141626943006e-02
1.373554687500000071e+01 4.276566197052918128e-02
1.373906250000000107e+01 4.274576335097444307e-02
1.374257812499999964e+01 4.272587556088303790e-02
1.374609375000000000e+01 4.270599860411288667e-02
1.374960937500000036e+01 4.268613248510196717e-02
1.375312500000000071e+01 4.266627720886752295e-02
1.375664062500000107e+01 4.264643278100475193e-02
1.376015624999999964e+01 4.262659920768486349e-02
1.376367187500000000e+01 4.260677649565253189e-02
1.376718750000000036e+01 4.258696465222275990e-02
1.377070312500000071e+01 4.256716368527713179e-02
1.377421875000000107e+01 4.254737360325950429e-02
1.377773437499999964e+01 4.252759441517111466e-02
1.378125000000000000e+01 4.250782613056517528e-02
1.378476562500000036e+01 4.248806875954092011e-02
1.378828125000000071e+01 4.246832231273716535e-02
1.379179687500000107e+01 4.244858680132545387e-02
1.379531249999999964e+01 4.242886223700276238e-02
1.379882812500000000e+01 4.240914863198398665e-02
1.380234375000000036e+01 4.238944599899388543e-02
1.380585937500000071e+01 4.236975435125906603e-02
1.380937500000000107e+01 4.235007370249962988e-02
1.381289062499999964e+01 4.233040406692068630e-02
1.381640625000000000e+01 4.231074545920380375e-02
1.381992187500000036e+01 4.229109789449839174e-02
1.382343750000000071e+01 4.227146138841299944e-02
1.382695312500000107e+01 4.225183595700659350e-02
1.383046874999999964e+01 4.223222161677979425e-02
1.383398437500000000e+01 4.221261838466605631e-02
1.383750000000000036e+01 4.219302627802273831e-02
1.384101562500000071e+01 4.217344531462210999e-02
1.384453125000000107e+01 4.215387551264215132e-02
1.384804687499999964e+01 4.213431689065731678e-02
1.385156250000000000e+01 4.211476946762897355e-02
1.385507812500000036e+01 4.209523326289570794e-02
1.385859375000000071e+01 4.207570829616345820e-02
1.386210937500000107e+01 4.205619458749541850e-02
1.386562499999999964e+01 4.203669215730175546e-02
1.386914062500000000e+01 4.201720102632928999e-02
1.387265625000000036e+01 4.199772121565099881e-02
1.387617187500000071e+01 4.197825274665559908e-02
1.387968750000000107e+01 4.195879564103710546e-02
1.388320312499999964e+01 4.193934992078457435e-02
1.388671875000000000e+01 4.191991560817194540e-02
1.389023437500000036e+01 4.190049272574826456e-02
1.389375000000000071e+01 4.188108129632801130e-02
1.389726562500000107e+01 4.186168134298186988e-02
1.390078124999999964e+01 4.184229288902777816e-02
1.390429687500000000e+01 4.182291595802228173e-02
1.390781250000000036e+01 4.180355057375218647e-02
1.391132812500000071e+01 4.178419676022647467e-02
1.391484375000000107e+01 4.176485454166836697e-02
1.391835937499999964e+01 4.174552394250762716e-02
1.392187500000000000e+01 4.172620498737275585e-02
1.392539062500000036e+01 4.170689770108337857e-02
1.392890625000000071e+01 4.168760210864241866e-02
1.393242187500000107e+01 4.166831823522819389e-02
1.393593749999999964e+01 4.164904610618644365e-02
1.393945312500000000e+01 4.162978574702203005e-02
1.394296875000000036e+01 4.161053718339054186e-02
1.394648437500000071e+01 4.159130044108971802e-02
1.395000000000000107e+01 4.157207554605067690e-02
1.395351562499999964e+01 4.155286252432908306e-02
1.395703125000000000e+01 4.153366140209618917e-02
1.396054687500000036e+01 4.151447220562989870e-02
1.396406250000000071e+01 4.149529496130589801e-02
1.396757812500000107e+01 4.147612969558879537e-02
1.397109374999999964e+01 4.145697643502350982e-02
1.397460937500000000e+01 4.143783520622676408e-02
1.397812500000000036e+01 4.141870603587885502e-02
1.398164062500000071e+01 4.139958895071554901e-02
1.398515625000000107e+01 4.138048397752030344e-02
1.398867187499999964e+01 4.136139114311659926e-02
1.399218750000000000e+01 4.134231047436054407e-02
1.399570312500000036e+01 4.132324199813351695e-02
1.399921875000000071e+01 4.130418574133501441e-02
1.400273437500000107e+01 4.128514173087546868e-02
1.400624999999999964e+01 4.126610999366910060e-02
1.400976562500000000e+01 4.124709055662672402e-02
1.401328125000000036e+01 4.122808344664849467e-02
1.401679687500000071e+01 4.120908869061648550e-02
1.402031250000000107e+01 4.119010631538716494e-02
1.402382812499999964e+01 4.117113634778374331e-02
1.402734375000000000e+01 4.115217881458826943e-02
1.403085937500000036e+01 4.113323374253376186e-02
1.403437500000000071e+01 4.111430115829599330e-02
1.403789062500000107e+01 4.109538108848544147e-02
1.404140624999999964e+01 4.107647355963897629e-02
1.404492187500000000e+01 4.105757859821172751e-02
1.404843750000000036e+01 4.103869623056879967e-02
1.405195312500000071e+01 4.101982648297733403e-02
1.405546875000000107e+01 4.100096938159845938e-02
1.405898437499999964e+01 4.098212495247965936e-02
1.406250000000000000e+01 4.096329322154713959e-02
1.406601562500000036e+01 4.094447421459865288e-02
1.406953125000000071e+01 4.092566795729646323e-02
1.407304687500000107e+01 4.090687447516060116e-02
1.407656249999999964e+01 4.088809379356246609e-02
1.408007812500000000e+01 4.086932593771859523e-02
1.408359375000000036e+01 4.085057093268482098e-02
1.408710937500000071e+01 4.083182880335048393e-02
1.409062500000000107e+01 4.081309957443306907e-02
1.409414062499999964e+01 4.079438327047282820e-02
1.409765625000000000e+01 4.077567991582770057e-02
1.410117187500000036e+01 4.075698953466833085e-02
1.410468750000000071e+01 4.073831215097319797e-02
1.410820312500000107e+01 4.071964778852395217e-02
1.411171874999999964e+01 4.070099647090079376e-02
1.411523437500000000e+01 4.068235822147811542e-02
1.411875000000000036e+01 4.066373306342022098e-02
1.412226562500000071e+01 4.064512101967736324e-02
1.412578125000000107e+01 4.062652211298194149e-02
1.412929687499999964e+01 4.060793636584507371e-02
1.413281250000000000e+01 4.058936380055352955e-02
1.413632812500000036e+01 4.057080443916698254e-02
1.413984375000000071e+01 4.055225830351577576e-02
1.414335937500000107e+01 4.053372541519911776e-02
1.414687499999999964e+01 4.051520579558380575e-02
1.415039062500000000e+01 4.049669946580346236e-02
1.415390625000000036e+01 4.047820644675823032e-02
1.415742187500000071e+01 4.045972675911507777e-02
1.416093750000000107e+01 4.044126042330851989e-02
1.416445312499999964e+01 4.042280745954181242e-02
1.416796875000000000e+01 4.040436788778863086e-02
1.417148437500000036e+01 4.038594172779499947e-02
1.417500000000000071e+01 4.036752899908168518e-02
1.417851562500000107e+01 4.034912972094679279e-02
1.418203124999999964e+01 4.033074391246863066e-02
1.418554687500000000e+01 4.031237159250868757e-02
1.418906250000000036e+01 4.029401277971485229e-02
1.419257812500000071e+01 4.027566749252457778e-02
1.419609375000000107e+01 4.025733574916832286e-02
1.419960937499999964e+01 4.023901756767279958e-02
1.420312500000000000e+01 4.022071296586438721e-02
1.420664062500000036e+01 4.020242196137246288e-02
1.421015625000000071e+01 4.018414457163273223e-02
1.421367187500000107e+01 4.016588081389055320e-02
1.421718749999999964e+01 4.014763070520407928e-02
1.422070312500000000e+01 4.012939426244756941e-02
1.422421875000000036e+01 4.011117150231437167e-02
1.422773437500000071e+01 4.009296244132001114e-02
1.423125000000000107e+01 4.007476709580506946e-02
1.423476562499999964e+01 4.005658548193799517e-02
1.423828125000000000e+01 4.003841761571774738e-02
1.424179687500000036e+01 4.002026351297630069e-02
1.424531250000000071e+01 4.000212318938098366e-02
1.424882812500000107e+01 3.998399666043653267e-02
1.425234374999999964e+01 3.996588394148708340e-02
1.425585937500000000e+01 3.994778504771770433e-02
1.425937500000000036e+01 3.992969999415584698e-02
1.426289062500000071e+01 3.991162879567234506e-02
1.426640625000000107e+01 3.989357146698222639e-02
1.426992187499999964e+01 3.987552802264503204e-02
1.427343750000000000e+01 3.985749847706492044e-02
1.427695312500000036e+01 3.983948284449027877e-02
1.428046875000000071e+01 3.982148113901291114e-02
1.428398437500000107e+01 3.980349337456692838e-02
1.428749999999999964e+01 3.978551956492704100e-02
1.429101562500000000e+01 3.976755972370651926e-02
1.429453125000000036e+01 3.974961386435463262e-02
1.429804687500000071e+01 3.973168200015365220e-02
1.430156250000000107e+01 3.971376414421539519e-02
1.430507812499999964e+01 3.969586030947729050e-02
1.430859375000000000e+01 3.967797050869807662e-02
1.431210937500000036e+01 3.966009475445300692e-02
1.431562500000000071e+01 3.964223305912867312e-02
1.431914062500000107e+01 3.962438543491747511e-02
1.432265624999999964e+01 3.960655189381172281e-02
1.432617187500000000e+01 3.958873244759746057e-02
1.432968750000000036e+01 3.957092710784793077e-02
1.433320312500000071e+01 3.955313588591691937e-02
1.433671875000000107e+01 3.953535879293171296e-02
1.434023437499999964e+01 3.951759583978601414e-02
1.434375000000000000e+01 3.949984703713263490e-02
1.434726562500000036e+01 3.948211239537604417e-02
1.435078125000000071e+01 3.946439192466483226e-02
1.435429687500000107e+01 3.944668563488407803e-02
1.435781249999999964e+01 3.942899353564759818e-02
1.436132812500000000e+01 3.941131563629023116e-02
1.436484375000000036e+01 3.939365194585998931e-02
1.436835937500000071e+01 3.937600247311025259e-02
1.437187500000000107e+01 3.935836722649187214e-02
1.437539062499999964e+01 3.934074621414540562e-02
1.437890625000000000e+01 3.932313944389326243e-02
1.438242187500000036e+01 3.930554692323190435e-02
1.438593750000000071e+01 3.928796865932424054e-02
1.438945312500000107e+01 3.927040465899192534e-02
1.439296874999999964e+01 3.925285492870791981e-02
1.439648437500000000e+01 3.923531947458914343e-02
1.440000000000000036e+01 3.921779830238930620e-02
1.440351562500000071e+01 3.920029141749190732e-02
1.440703125000000107e+01 3.918279882490351834e-02
1.441054687499999964e+01 3.916532052924729529e-02
1.441406250000000000e+01 3.914785653475676142e-02
1.441757812500000036e+01 3.913040684526989527e-02
1.442109375000000071e+01 3.911297146422356569e-02
1.442460937500000107e+01 3.909555039464829990e-02
1.442812499999999964e+01 3.907814363916339157e-02
1.443164062500000000e+01 3.906075119997248074e-02
1.443515625000000036e+01 3.904337307885939745e-02
1.443867187500000071e+01 3.902600927718452573e-02
1.444218750000000107e+01 3.900865979588154231e-02
1.444570312499999964e+01 3.899132463545460642e-02
1.444921875000000000e+01 3.897400379597597275e-02
1.445273437500000036e+01 3.895669727708407637e-02
1.445625000000000071e+01 3.893940507798209633e-02
1.445976562500000107e+01 3.892212719743692872e-02
1.446328124999999964e+01 3.890486363377869405e-02
1.446679687500000000e+01 3.888761438490067474e-02
1.447031250000000036e+01 3.887037944825975921e-02
1.447382812500000071e+01 3.885315882087735789e-02
1.447734375000000107e+01 3.883595249934074928e-02
1.448085937499999964e+01 3.881876047980498123e-02
1.448437500000000000e+01 3.880158275799514001e-02
1.448789062500000036e+01 3.878441932920912577e-02
1.449140625000000071e+01 3.876727018832090699e-02
1.449492187500000107e+01 3.875013532978408004e-02
1.449843749999999964e+01 3.873301474763601870e-02
1.450195312500000000e+01 3.871590843550225952e-02
1.450546875000000036e+01 3.869881638660144924e-02
1.450898437500000071e+01 3.868173859375047263e-02
1.451250000000000107e+01 3.866467504937014937e-02
1.451601562499999964e+01 3.864762574549109736e-02
1.451953125000000000e+01 3.863059067375997080e-02
1.452304687500000036e+01 3.861356982544611460e-02
1.452656250000000071e+01 3.859656319144832981e-02
1.453007812500000107e+01 3.857957076230205534e-02
1.453359374999999964e+01 3.856259252818672323e-02
1.453710937500000000e+01 3.854562847893336364e-02
1.454062500000000036e+01 3.852867860403247358e-02
1.454414062500000071e+01 3.851174289264198969e-02
1.454765625000000107e+01 3.849482133359554553e-02
1.455117187499999964e+01 3.847791391541080519e-02
1.455468750000000000e+01 3.846102062629796342e-02
1.455820312500000036e+01 3.844414145416837070e-02
1.456171875000000071e+01 3.842727638664330397e-02
1.456523437500000107e+01 3.841042541106268193e-02
1.456874999999999964e+01 3.839358851449402310e-02
1.457226562500000000e+01 3.837676568374134844e-02
1.457578125000000036e+01 3.835995690535415337e-02
1.457929687500000071e+01 3.834316216563640051e-02
1.458281250000000107e+01 3.832638145065551949e-02
1.458632812499999964e+01 3.830961474625144136e-02
1.458984375000000000e+01 3.829286203804558447e-02
1.459335937500000036e+01 3.827612331144984725e-02
1.459687500000000071e+01 3.825939855167553860e-02
1.460039062500000107e+01 3.824268774374239843e-02
1.460390624999999964e+01 3.822599087248741700e-02
1.460742187500000000e+01 3.820930792257380693e-02
1.461093750000000036e+01 3.819263887849974615e-02
1.461445312500000071e+01 3.817598372460727363e-02
1.461796875000000107e+01 3.815934244509101847e-02
1.462148437499999964e+01 3.814271502400697067e-02
1.462500000000000000e+01 3.812610144528121026e-02
1.462851562500000036e+01 3.810950169271863641e-02
1.463203125000000071e+01 3.809291575001161334e-02
1.463554687500000107e+01 3.807634360074874796e-02
1.463906249999999964e+01 3.805978522842350803e-02
1.464257812500000000e+01 3.804324061644300675e-02
1.464609375000000036e+01 3.802670974813669724e-02
1.464960937500000071e+01 3.801019260676517797e-02
1.465312500000000107e+01 3.799368917552893576e-02
1.465664062499999964e+01 3.797719943757731087e-02
1.466015625000000000e+01 3.796072337601731628e-02
1.466367187500000036e+01 3.794426097392268604e-02
1.466718750000000071e+01 3.792781221434289585e-02
1.467070312500000107e+01 3.791137708031232234e-02
1.467421874999999964e+01 3.789495555485945799e-02
1.467773437500000000e+01 3.787854762101619532e-02
1.468125000000000036e+01 3.786215326182725688e-02
1.468476562500000071e+01 3.784577246035968068e-02
1.468828125000000107e+01 3.782940519971238202e-02
1.469179687499999964e+01 3.781305146302581244e-02
1.469531250000000000e+01 3.779671123349175044e-02
1.469882812500000036e+01 3.778038449436307150e-02
1.470234375000000071e+01 3.776407122896369151e-02
1.470585937500000107e+01 3.774777142069848240e-02
1.470937499999999964e+01 3.773148505306328504e-02
1.471289062500000000e+01 3.771521210965496362e-02
1.471640625000000036e+01 3.769895257418136303e-02
1.471992187500000071e+01 3.768270643047147428e-02
1.472343750000000107e+01 3.766647366248529472e-02
1.472695312499999964e+01 3.765025425432390327e-02
1.473046875000000000e+01 3.763404819023927900e-02
1.473398437500000036e+01 3.761785545464407798e-02
1.473750000000000071e+01 3.760167603212125065e-02
1.474101562500000107e+01 3.758550990743354803e-02
1.474453124999999964e+01 3.756935706553273663e-02
1.474804687500000000e+01 3.755321749156867450e-02
1.475156250000000036e+01 3.753709117089805425e-02
1.475507812500000071e+01 3.752097808909279908e-02
1.475859375000000107e+01 3.750487823194827153e-02
1.476210937499999964e+01 3.748879158549085766e-02
1.476562500000000000e+01 3.747271813598539170e-02
1.476914062500000036e+01 3.745665786994186591e-02
1.477265625000000071e+01 3.744061077412182137e-02
1.477617187500000107e+01 3.742457683554407943e-02
1.477968749999999964e+01 3.740855604148995289e-02
1.478320312500000000e+01 3.739254837950774929e-02
1.478671875000000036e+01 3.737655383741669834e-02
1.479023437500000071e+01 3.736057240331007445e-02
1.479375000000000107e+01 3.734460406555760448e-02
1.479726562499999964e+01 3.732864881280710534e-02
1.480078125000000000e+01 3.731270663398521259e-02
1.480429687500000036e+01 3.729677751829731797e-02
1.480781250000000071e+01 3.728086145522652856e-02
1.481132812500000107e+01 3.726495843453174472e-02
1.481484374999999964e+01 3.724906844624466251e-02
1.481835937500000000e+01 3.723319148066596418e-02
1.482187500000000036e+01 3.721732752836019731e-02
1.482539062500000071e+01 3.720147658014989062e-02
1.482890625000000107e+01 3.718563862710838608e-02
1.483242187499999964e+01 3.716981366055169267e-02
1.483593750000000000e+01 3.715400167202930620e-02
1.483945312500000036e+01 3.713820265331373160e-02
1.484296875000000071e+01 3.712241659638916558e-02
1.484648437500000107e+01 3.710664349343896495e-02
1.484999999999999964e+01 3.709088333683207422e-02
1.485351562500000000e+01 3.707513611910845386e-02
1.485703125000000036e+01 3.705940183296349555e-02
1.486054687500000071e+01 3.704368047123143826e-02
1.486406250000000107e+01 3.702797202686794464e-02
1.486757812499999964e+01 3.701227649293170607e-02
1.487109375000000000e+01 3.699659386256537452e-02
1.487460937500000036e+01 3.698092412897560632e-02
1.487812500000000071e+01 3.696526728541253692e-02
1.488164062500000107e+01 3.694962332514867276e-02
1.488515624999999964e+01 3.693399224145714477e-02
1.488867187500000000e+01 3.691837402758969822e-02
1.489218750000000036e+01 3.690276867675423844e-02
1.489570312500000071e+01 3.688717618209218230e-02
1.489921875000000107e+01 3.687159653665565695e-02
1.490273437499999964e+01 3.685602973338467092e-02
1.490625000000000000e+01 3.684047576508429206e-02
1.490976562500000036e+01 3.682493462440203369e-02
1.491328125000000071e+01 3.680940630380549056e-02
1.491679687500000107e+01 3.679389079556030090e-02
1.492031249999999964e+01 3.677838809170856649e-02
1.492382812500000000e+01 3.676289818404784859e-02
1.492734375000000036e+01 3.674742106411076070e-02
1.493085937500000071e+01 3.673195672314527593e-02
1.493437500000000107e+01 3.671650515209590182e-02
1.493789062499999964e+01 3.670106634158561143e-02
1.494140625000000000e+01 3.668564028189887083e-02
1.494492187500000036e+01 3.667022696296552697e-02
1.494843750000000071e+01 3.665482637434584745e-02
1.495195312500000107e+01 3.663943850521665657e-02
1.495546874999999964e+01 3.662406334435859556e-02
1.495898437500000000e+01 3.660870088014454848e-02
1.496250000000000036e+01 3.659335110052938655e-02
1.496601562500000071e+01 3.657801399304078105e-02
1.496953125000000107e+01 3.656268954477133459e-02
1.497304687499999964e+01 3.654737774237193371e-02
1.497656250000000000e+01 3.653207857204629483e-02
1.498007812500000036e+01 3.651679201954678711e-02
1.498359375000000071e+01 3.650151807017130989e-02
1.498710937500000107e+01 3.648625670876145394e-02
1.499062499999999964e+01 3.647100791970168954e-02
1.499414062500000000e+01 3.645577168691972736e-02
1.499765625000000036e+01 3.644054799388779520e-02
1.500117187500000071e+01 3.642533682362497638e-02
1.500468750000000107e+01 3.641013815870049186e-02
1.500820312499999964e+01 3.639495198123779418e-02
1.501171875000000000e+01 3.637977827291950794e-02
1.501523437500000036e+01 3.636461701499315441e-02
1.501875000000000071e+01 3.634946818827752835e-02
1.502226562500000107e+01 3.633433177316976181e-02
1.502578124999999964e+01 3.631920774965291532e-02
1.502929687500000000e+01 3.630409609730417264e-02
1.503281250000000036e+01 3.628899679530341038e-02
1.503632812500000071e+01 3.627390982244227402e-02
1.503984375000000107e+01 3.625883515713353156e-02
1.504335937499999964e+01 3.624377277742087122e-02
1.504687500000000000e+01 3.622872266098875471e-02
1.505039062500000036e+01 3.621368478517278389e-02
1.505390625000000071e+01 3.619865912696999810e-02
1.505742187500000107e+01 3.618364566304943519e-02
1.506093749999999964e+01 3.616864436976284514e-02
1.506445312500000000e+01 3.615365522315533431e-02
1.506796875000000036e+01 3.613867819897622485e-02
1.507148437500000071e+01 3.612371327268980997e-02
1.507500000000000107e+01 3.610876041948613002e-02
1.507851562499999964e+01 3.609381961429174168e-02
1.508203125000000000e+01 3.607889083178034140e-02
1.508554687500000036e+01 3.606397404638342352e-02
1.508906250000000071e+01 3.604906923230065396e-02
1.509257812500000107e+01 3.603417636351032016e-02
1.509609374999999964e+01 3.601929541377944799e-02
1.509960937500000000e+01 3.600442635667384927e-02
1.510312500000000036e+01 3.598956916556794727e-02
1.510664062500000071e+01 3.597472381365444949e-02
1.511015625000000107e+01 3.595989027395373600e-02
1.511367187499999964e+01 3.594506851932308122e-02
1.511718750000000000e+01 3.593025852246561902e-02
1.512070312500000036e+01 3.591546025593911340e-02
1.512421875000000071e+01 3.590067369216441706e-02
1.512773437500000107e+01 3.588589880343370786e-02
1.513124999999999964e+01 3.587113556191852404e-02
1.513476562500000000e+01 3.585638393967748028e-02
1.513828125000000036e+01 3.584164390866378946e-02
1.514179687500000071e+01 3.582691544073247913e-02
1.514531250000000107e+01 3.581219850764745527e-02
1.514882812499999964e+01 3.579749308108826078e-02
1.515234375000000000e+01 3.578279913265659806e-02
1.515585937500000036e+01 3.576811663388272666e-02
1.515937500000000071e+01 3.575344555623150011e-02
1.516289062500000107e+01 3.573878587110835420e-02
1.516640624999999964e+01 3.572413754986498297e-02
1.516992187500000000e+01 3.570950056380485516e-02
1.517343750000000036e+01 3.569487488418859877e-02
1.517695312500000071e+01 3.568026048223914976e-02
1.518046875000000107e+01 3.566565732914674103e-02
1.518398437499999964e+01 3.565106539607380831e-02
1.518750000000000000e+01 3.563648465415963917e-02
1.519101562500000036e+01 3.562191507452492495e-02
1.519453125000000071e+01 3.560735662827617387e-02
1.519804687500000107e+01 3.559280928650997156e-02
1.520156249999999964e+01 3.557827302031711658e-02
1.520507812500000000e+01 3.556374780078658260e-02
1.520859375000000036e+01 3.554923359900936941e-02
1.521210937500000071e+01 3.553473038608227080e-02
1.521562500000000107e+01 3.552023813311137868e-02
1.521914062499999964e+01 3.550575681121558025e-02
1.522265625000000000e+01 3.549128639152986098e-02
1.522617187500000036e+01 3.547682684520840624e-02
1.522968750000000071e+01 3.546237814342774464e-02
1.523320312500000107e+01 3.544794025738948196e-02
1.523671874999999964e+01 3.543351315832316689e-02
1.524023437500000000e+01 3.541909681748878214e-02
1.524375000000000036e+01 3.540469120617920767e-02
1.524726562500000071e+01 3.539029629572252450e-02
1.525078125000000107e+01 3.537591205748409628e-02
1.525429687499999964e+01 3.536153846286860247e-02
1.525781250000000000e+01 3.534717548332177300e-02
1.526132812500000036e+01 3.533282309033216467e-02
1.526484375000000071e+01 3.531848125543261829e-02
1.526835937500000107e+01 3.530414995020161872e-02
1.527187499999999964e+01 3.528982914626455081e-02
1.527539062500000000e+01 3.527551881529476102e-02
1.527890625000000036e+01 3.526121892901447341e-02
1.528242187500000071e+01 3.524692945919558756e-02
1.528593750000000107e+01 3.523265037766037250e-02
1.528945312499999964e+01 3.521838165628186912e-02
1.529296875000000000e+01 3.520412326698437594e-02
1.529648437500000036e+01 3.518987518174360868e-02
1.530000000000000071e+01 3.517563737258683210e-02
1.530351562500000107e+01 3.516140981159281836e-02
1.530703124999999964e+01 3.514719247089167359e-02
1.531054687500000000e+01 3.513298532266451168e-02
1.531406250000000036e+01 3.511878833914305886e-02
1.531757812500000071e+01 3.510460149260902912e-02
1.532109375000000107e+01 3.509042475539343731e-02
1.532460937499999964e+01 3.507625809987573173e-02
1.532812500000000000e+01 3.506210149848290603e-02
1.533164062500000036e+01 3.504795492368829868e-02
1.533515625000000071e+01 3.503381834801043426e-02
1.533867187500000107e+01 3.501969174401170504e-02
1.534218749999999964e+01 3.500557508429685827e-02
1.534570312500000000e+01 3.499146834151149049e-02
1.534921875000000036e+01 3.497737148834037524e-02
1.535273437500000071e+01 3.496328449750572831e-02
1.535625000000000107e+01 3.494920734176527877e-02
1.535976562499999964e+01 3.493513999391039543e-02
1.536328125000000000e+01 3.492108242676408847e-02
1.536679687500000036e+01 3.490703461317883061e-02
1.537031250000000071e+01 3.489299652603444768e-02
1.537382812500000107e+01 3.487896813823588432e-02
1.537734374999999964e+01 3.486494942271087943e-02
1.538085937500000000e+01 3.485094035240765553e-02
1.538437500000000036e+01 3.483694090029249013e-02
1.538789062500000071e+01 3.482295103934728714e-02
1.539140625000000107e+01 3.480897074256712742e-02
1.539492187499999964e+01 3.479499998295770835e-02
1.539843750000000000e+01 3.478103873353289438e-02
1.540195312500000036e+01 3.476708696731212883e-02
1.540546875000000071e+01 3.475314465731794977e-02
1.540898437500000107e+01 3.473921177657340181e-02
1.541249999999999964e+01 3.472528829809958667e-02
1.541601562500000000e+01 3.471137419491312354e-02
1.541953125000000036e+01 3.469746944002373434e-02
1.542304687500000071e+01 3.468357400643178740e-02
1.542656250000000107e+01 3.466968786712596590e-02
1.543007812499999964e+01 3.465581099508093649e-02
1.543359375000000000e+01 3.464194336325510798e-02
1.543710937500000036e+01 3.462808494458842479e-02
1.544062500000000071e+01 3.461423571200031302e-02
1.544414062500000107e+01 3.460039563838757104e-02
1.544765624999999964e+01 3.458656469662245436e-02
1.545117187500000000e+01 3.457274285955080906e-02
1.545468750000000036e+01 3.455893009999026072e-02
1.545820312500000071e+01 3.454512639072857688e-02
1.546171875000000107e+01 3.453133170452198780e-02
1.546523437499999964e+01 3.451754601409377787e-02
1.546875000000000000e+01 3.450376929213282151e-02
1.547226562500000036e+01 3.449000151129231334e-02
1.547578125000000071e+01 3.447624264418860940e-02
1.547929687500000107e+01 3.446249266340012385e-02
1.548281249999999964e+01 3.444875154146637142e-02
1.548632812500000000e+01 3.443501925088716942e-02
1.548984375000000036e+01 3.442129576412186753e-02
1.549335937500000071e+01 3.440758105358880659e-02
1.549687500000000107e+01 3.439387509166477730e-02
1.550039062499999964e+01 3.438017785068470111e-02
1.550390625000000000e+01 3.436648930294141507e-02
1.550742187500000036e+01 3.435280942068553306e-02
1.551093750000000071e+01 3.433913817612545272e-02
1.551445312500000107e+01 3.432547554142750118e-02
1.551796874999999964e+01 3.431182148871615711e-02
1.552148437500000000e+01 3.429817599007439072e-02
1.552500000000000036e+01 3.428453901754414945e-02
1.552851562500000071e+01 3.427091054312692703e-02
1.553203125000000107e+01 3.425729053878438790e-02
1.553554687499999964e+01 3.424367897643920688e-02
1.553906250000000000e+01 3.423007582797589488e-02
1.554257812500000036e+01 3.421648106524178418e-02
1.554609375000000071e+01 3.420289466004811096e-02
1.554960937500000107e+01 3.418931658417112551e-02
1.555312499999999964e+01 3.417574680935342446e-02
1.555664062500000000e+01 3.416218530730524838e-02
1.556015625000000036e+01 3.414863204970589039e-02
1.556367187500000071e+01 3.413508700820527819e-02
1.556718750000000107e+01 3.412155015442548678e-02
1.557070312499999964e+01 3.410802145996250090e-02
1.557421875000000000e+01 3.409450089638787346e-02
1.557773437500000036e+01 3.408098843525061289e-02
1.558125000000000071e+01 3.406748404807899422e-02
1.558476562500000107e+01 3.405398770638251582e-02
1.558828124999999964e+01 3.404049938165387007e-02
1.559179687500000000e+01 3.402701904537098337e-02
1.559531250000000036e+01 3.401354666899902846e-02
1.559882812500000071e+01 3.400008222399256846e-02
1.560234375000000107e+01 3.398662568179763865e-02
1.560585937499999964e+01 3.397317701385393907e-02
1.560937500000000000e+01 3.395973619159699947e-02
1.561289062500000036e+01 3.394630318646034428e-02
1.561640625000000071e+01 3.393287796987778243e-02
1.561992187500000107e+01 3.391946051328564166e-02
1.562343749999999964e+01 3.390605078812503753e-02
1.562695312500000000e+01 3.389264876584424657e-02
1.563046875000000036e+01 3.387925441790101688e-02
1.563398437500000071e+01 3.386586771576497595e-02
1.563750000000000107e+01 3.385248863092010091e-02
1.564101562499999964e+01 3.383911713486720263e-02
1.564453125000000000e+01 3.382575319912643763e-02
1.564804687500000036e+01 3.381239679523991709e-02
1.565156250000000071e+01 3.379904789477432975e-02
1.565507812500000107e+01 3.378570646932364113e-02
1.565859374999999964e+01 3.377237249051180668e-02
1.566210937500000000e+01 3.375904592999556114e-02
1.566562500000000036e+01 3.374572675946724276e-02
1.566914062500000071e+01 3.373241495065763124e-02
1.567265625000000107e+01 3.371911047533884820e-02
1.567617187499999964e+01 3.370581330532725073e-02
1.567968750000000000e+01 3.369252341248643590e-02
1.568320312500000036e+01 3.367924076873012734e-02
1.568671875000000071e+01 3.366596534602521451e-02
1.569023437500000107e+01 3.365269711639475025e-02
1.569374999999999964e+01 3.363943605192095537e-02
1.569726562500000000e+01 3.362618212474824397e-02
1.570078125000000036e+01 3.361293530708629740e-02
1.570429687500000071e+01 3.359969557121306877e-02
1.570781250000000107e+01 3.358646288947793324e-02
1.571132812499999964e+01 3.357323723430471335e-02
1.571484375000000000e+01 3.356001857819477380e-02
1.571835937500000036e+01 3.354680689373014391e-02
1.572187500000000071e+01 3.353360215357663321e-02
1.572539062500000107e+01 3.352040433048695395e-02
1.572890624999999964e+01 3.350721339730380888e-02
1.573242187500000000e+01 3.349402932696306928e-02
1.573593750000000036e+01 3.348085209249683503e-02
1.573945312500000071e+01 3.346768166703655706e-02
1.574296875000000107e+01 3.345451802381612522e-02
1.574648437499999964e+01 3.344136113617487971e-02
1.575000000000000000e+01 3.342821097756067811e-02
1.575351562500000036e+01 3.341506752153278886e-02
1.575703125000000071e+01 3.340193074176487503e-02
1.576054687500000107e+01 3.338880061204779065e-02
1.576406249999999964e+01 3.337567710629238404e-02
1.576757812500000000e+01 3.336256019853219706e-02
1.577109375000000036e+01 3.334944986292606023e-02
1.577460937500000071e+01 3.333634607376066011e-02
1.577812500000000107e+01 3.332324880545294715e-02
1.578164062499999964e+01 3.331015803255244628e-02
1.578515625000000000e+01 3.329707372974356760e-02
1.578867187500000036e+01 3.328399587184765335e-02
1.579218750000000071e+01 3.327092443382505954e-02
1.579570312500000107e+01 3.325785939077704340e-02
1.579921874999999964e+01 3.324480071794762293e-02
1.580273437500000000e+01 3.323174839072522146e-02
1.580625000000000036e+01 3.321870238464432606e-02
1.580976562500000071e+01 3.320566267538695160e-02
1.581328125000000107e+01 3.319262923878402161e-02
1.581679687499999964e+01 3.317960205081670749e-02
1.582031250000000000e+01 3.316658108761753876e-02
1.582382812500000036e+01 3.315356632547151322e-02
1.582734375000000071e+01 3.314055774081705458e-02
1.583085937500000107e+01 3.312755531024690059e-02
1.583437499999999964e+01 3.311455901050879697e-02
1.583789062500000000e+01 3.310156881850622596e-02
1.584140625000000036e+01 3.308858471129895451e-02
1.584492187500000071e+01 3.307560666610340205e-02
1.584843750000000107e+01 3.306263466029310538e-02
1.585195312499999964e+01 3.304966867139890602e-02
1.585546875000000000e+01 3.303670867710912368e-02
1.585898437500000036e+01 3.302375465526963955e-02
1.586250000000000071e+01 3.301080658388384076e-02
1.586601562500000107e+01 3.299786444111257877e-02
1.586953124999999964e+01 3.298492820527394731e-02
1.587304687500000000e+01 3.297199785484306034e-02
1.587656250000000036e+01 3.295907336845171204e-02
1.588007812500000071e+01 3.294615472488807151e-02
1.588359375000000107e+01 3.293324190309618316e-02
1.588710937499999964e+01 3.292033488217555731e-02
1.589062500000000000e+01 3.290743364138070531e-02
1.589414062500000036e+01 3.289453816012057746e-02
1.589765625000000071e+01 3.288164841795803567e-02
1.590117187500000107e+01 3.286876439460934690e-02
1.590468749999999964e+01 3.285588606994363503e-02
1.590820312500000000e+01 3.284301342398230489e-02
1.591171875000000036e+01 3.283014643689857043e-02
1.591523437500000071e+01 3.281728508901692737e-02
1.591875000000000107e+01 3.280442936081266053e-02
1.592226562499999964e+01 3.279157923291143445e-02
1.592578125000000000e+01 3.277873468608883539e-02
1.592929687500000036e+01 3.276589570127002443e-02
1.593281250000000071e+01 3.275306225952938355e-02
1.593632812500000107e+01 3.274023434209022421e-02
1.593984374999999964e+01 3.272741193032460000e-02
1.594335937500000000e+01 3.271459500575302909e-02
1.594687500000000036e+01 3.270178355004442483e-02
1.595039062500000071e+01 3.268897754501602637e-02
1.595390625000000107e+01 3.267617697263332233e-02
1.595742187499999964e+01 3.266338181501015486e-02
1.596093750000000000e+01 3.265059205440881684e-02
1.596445312500000036e+01 3.263780767324020449e-02
1.596796875000000071e+01 3.262502865406407410e-02
1.597148437500000107e+01 3.261225497958937514e-02
1.597499999999999964e+01 3.259948663267459718e-02
1.597851562500000000e+01 3.258672359632822091e-02
1.598203125000000036e+01 3.257396585370928022e-02
1.598554687500000071e+01 3.256121338812790339e-02
1.598906250000000107e+01 3.254846618304597927e-02
1.599257812499999964e+01 3.253572422207786502e-02
1.599609375000000000e+01 3.252298748899119102e-02
1.599960937500000036e+01 3.251025596770769355e-02
1.600312500000000071e+01 3.249752964230406826e-02
1.600664062499999929e+01 3.248480849701293471e-02
1.601015625000000142e+01 3.247209251622387022e-02
1.601367187500000000e+01 3.245938168448441602e-02
1.601718750000000213e+01 3.244667598650110424e-02
1.602070312500000071e+01 3.243397540714067911e-02
1.602421874999999929e+01 3.242127993143116560e-02
1.602773437500000142e+01 3.240858954456311836e-02
1.603125000000000000e+01 3.239590423189076668e-02
1.603476562500000213e+01 3.238322397893331206e-02
1.603828125000000071e+01 3.237054877137613557e-02
1.604179687499999929e+01 3.235787859507214398e-02
1.604531250000000142e+01 3.234521343604302573e-02
1.604882812500000000e+01 3.233255328048055544e-02
1.605234375000000213e+01 3.231989811474794000e-02
1.605585937500000071e+01 3.230724792538119255e-02
1.605937499999999929e+01 3.229460269909034675e-02
1.606289062500000142e+01 3.228196242276094863e-02
1.606640625000000000e+01 3.226932708345524314e-02
1.606992187500000213e+01 3.225669666841362443e-02
1.607343750000000071e+01 3.224407116505586396e-02
1.607695312499999929e+01 3.223145056098241507e-02
1.608046875000000142e+01 3.221883484397575215e-02
1.608398437500000000e+01 3.220622400200154334e-02
1.608750000000000213e+01 3.219361802320989258e-02
1.609101562500000071e+01 3.218101689593653308e-02
1.609453124999999929e+01 3.216842060870397924e-02
1.609804687500000142e+01 3.215582915022260901e-02
1.610156250000000000e+01 3.214324250939174649e-02
1.610507812500000213e+01 3.213066067530066794e-02
1.610859375000000071e+01 3.211808363722955251e-02
1.611210937499999929e+01 3.210551138465044668e-02
1.611562500000000142e+01 3.209294390722805534e-02
1.611914062500000000e+01 3.208038119482062300e-02
1.612265625000000213e+01 3.206782323748064156e-02
1.612617187500000071e+01 3.205527002545557197e-02
1.612968749999999929e+01 3.204272154918850340e-02
1.613320312500000142e+01 3.203017779931874309e-02
1.613671875000000000e+01 3.201763876668232978e-02
1.614023437500000213e+01 3.200510444231257495e-02
1.614375000000000071e+01 3.199257481744045839e-02
1.614726562499999929e+01 3.198004988349503058e-02
1.615078125000000142e+01 3.196752963210374582e-02
1.615429687500000000e+01 3.195501405509273279e-02
1.615781250000000213e+01 3.194250314448703054e-02
1.616132812500000071e+01 3.192999689251081047e-02
1.616484374999999929e+01 3.191749529158744575e-02
1.616835937500000142e+01 3.190499833433964316e-02
1.617187500000000000e+01 3.189250601358945697e-02
1.617539062500000213e+01 3.188001832235830973e-02
1.617890625000000071e+01 3.186753525386688823e-02
1.618242187499999929e+01 3.185505680153506713e-02
1.618593750000000142e+01 3.184258295898175634e-02
1.618945312500000000e+01 3.183011372002467892e-02
1.619296875000000213e+01 3.181764907868014913e-02
1.619648437500000071e+01 3.180518902916273927e-02
1.619999999999999929e+01 3.179273356588497440e-02
1.620351562500000142e+01 3.178028268345691604e-02
1.620703125000000000e+01 3.176783637668571803e-02
1.621054687500000213e+01 3.175539464057516165e-02
1.621406250000000071e+01 3.174295747032509357e-02
1.621757812499999929e+01 3.173052486133085687e-02
1.622109375000000142e+01 3.171809680918263874e-02
1.622460937500000000e+01 3.170567330966482522e-02
1.622812500000000213e+01 3.169325435875523095e-02
1.623164062500000071e+01 3.168083995262434283e-02
1.623515624999999929e+01 3.166843008763448736e-02
1.623867187500000142e+01 3.165602476033895635e-02
1.624218750000000000e+01 3.164362396748107015e-02
1.624570312500000213e+01 3.163122770599318540e-02
1.624921875000000071e+01 3.161883597299575133e-02
1.625273437499999929e+01 3.160644876579615792e-02
1.625625000000000142e+01 3.159406608188768811e-02
1.625976562500000000e+01 3.158168791894831740e-02
1.626328125000000213e+01 3.156931427483955499e-02
1.626679687500000071e+01 3.155694514760520875e-02
1.627031249999999929e+01 3.154458053547006674e-02
1.627382812500000142e+01 3.153222043683868298e-02
1.627734375000000000e+01 3.151986485029394103e-02
1.628085937500000213e+01 3.150751377459574953e-02
1.628437500000000071e+01 3.149516720867960584e-02
1.628789062499999929e+01 3.148282515165516660e-02
1.629140625000000142e+01 3.147048760280481139e-02
1.629492187500000000e+01 3.145815456158210233e-02
1.629843750000000213e+01 3.144582602761031298e-02
1.630195312500000071e+01 3.143350200068083938e-02
1.630546874999999929e+01 3.142118248075167347e-02
1.630898437500000142e+01 3.140886746794572387e-02
1.631250000000000000e+01 3.139655696254925465e-02
1.631601562500000213e+01 3.138425096501016448e-02
1.631953125000000071e+01 3.137194947593629352e-02
1.632304687499999929e+01 3.135965249609371647e-02
1.632656250000000142e+01 3.134736002640498009e-02
1.633007812500000000e+01 3.133507206794726441e-02
1.633359375000000213e+01 3.132278862195062019e-02
1.633710937500000071e+01 3.131050968979608162e-02
1.634062499999999929e+01 3.129823527301377889e-02
1.634414062500000142e+01 3.128596537328104388e-02
1.634765625000000000e+01 3.127369999242048809e-02
1.635117187500000213e+01 3.126143913239797650e-02
1.635468750000000071e+01 3.124918279532072629e-02
1.635820312499999929e+01 3.123693098343521130e-02
1.636171875000000142e+01 3.122468369912517056e-02
1.636523437500000000e+01 3.121244094490956481e-02
1.636875000000000213e+01 3.120020272344042542e-02
1.637226562500000071e+01 3.118796903750081784e-02
1.637578124999999929e+01 3.117573989000267318e-02
1.637929687500000142e+01 3.116351528398467532e-02
1.638281250000000000e+01 3.115129522261004397e-02
1.638632812500000213e+01 3.113907970916436965e-02
1.638984375000000071e+01 3.112686874705340376e-02
1.639335937499999929e+01 3.111466233980080681e-02
1.639687500000000142e+01 3.110246049104590030e-02
1.640039062500000000e+01 3.109026320454139763e-02
1.640390625000000213e+01 3.107807048415112822e-02
1.640742187500000071e+01 3.106588233384770942e-02
1.641093749999999929e+01 3.105369875771024635e-02
1.641445312500000142e+01 3.104151975992200385e-02
1.641796875000000000e+01 3.102934534476807504e-02
1.642148437500000213e+01 3.101717551663304290e-02
1.642500000000000071e+01 3.100501027999862103e-02
1.642851562499999929e+01 3.099284963944131527e-02
1.643203125000000142e+01 3.098069359963008529e-02
1.643554687500000000e+01 3.096854216532397147e-02
1.643906250000000213e+01 3.095639534136975998e-02
1.644257812500000071e+01 3.094425313269962702e-02
1.644609374999999929e+01 3.093211554432881427e-02
1.644960937500000142e+01 3.091998258135325237e-02
1.645312500000000000e+01 3.090785424894724326e-02
1.645664062500000213e+01 3.089573055236109755e-02
1.646015625000000071e+01 3.088361149691882385e-02
1.646367187499999929e+01 3.087149708801577297e-02
1.646718750000000142e+01 3.085938733111632734e-02
1.647070312500000000e+01 3.084728223175155215e-02
1.647421875000000213e+01 3.083518179551688471e-02
1.647773437500000071e+01 3.082308602806980991e-02
1.648124999999999929e+01 3.081099493512757040e-02
1.648476562500000142e+01 3.079890852246485594e-02
1.648828125000000000e+01 3.078682679591150662e-02
1.649179687500000213e+01 3.077474976135026463e-02
1.649531250000000071e+01 3.076267742471447755e-02
1.649882812499999929e+01 3.075060979198589173e-02
1.650234375000000142e+01 3.073854686919239021e-02
1.650585937500000000e+01 3.072648866240581395e-02
1.650937500000000213e+01 3.071443517773975174e-02
1.651289062500000071e+01 3.070238642134739265e-02
1.651640624999999929e+01 3.069034239941935763e-02
1.651992187500000142e+01 3.067830311818159350e-02
1.652343750000000000e+01 3.066626858389328442e-02
1.652695312500000213e+01 3.065423880284474586e-02
1.653046875000000071e+01 3.064221378135539506e-02
1.653398437499999929e+01 3.063019352577172824e-02
1.653750000000000142e+01 3.061817804246530147e-02
1.654101562500000000e+01 3.060616733783077387e-02
1.654453125000000213e+01 3.059416141828392305e-02
1.654804687500000071e+01 3.058216029025976473e-02
1.655156249999999929e+01 3.057016396021063412e-02
1.655507812500000142e+01 3.055817243460429850e-02
1.655859375000000000e+01 3.054618571992216008e-02
1.656210937500000213e+01 3.053420382265740682e-02
1.656562500000000071e+01 3.052222674931325333e-02
1.656914062499999929e+01 3.051025450640118541e-02
1.657265625000000142e+01 3.049828710043924959e-02
1.657617187500000000e+01 3.048632453795036695e-02
1.657968750000000213e+01 3.047436682546068171e-02
1.658320312500000071e+01 3.046241396949795482e-02
1.658671874999999929e+01 3.045046597658999932e-02
1.659023437500000142e+01 3.043852285326310164e-02
1.659375000000000000e+01 3.042658460604054371e-02
1.659726562500000213e+01 3.041465124144113186e-02
1.660078125000000071e+01 3.040272276597775353e-02
1.660429687499999929e+01 3.039079918615598952e-02
1.660781250000000142e+01 3.037888050847275395e-02
1.661132812500000000e+01 3.036696673941498975e-02
1.661484375000000213e+01 3.035505788545833639e-02
1.661835937500000071e+01 3.034315395306595720e-02
1.662187499999999929e+01 3.033125494868726957e-02
1.662539062500000142e+01 3.031936087875682084e-02
1.662890625000000000e+01 3.030747174969312951e-02
1.663242187500000213e+01 3.029558756789760970e-02
1.663593750000000071e+01 3.028370833975351298e-02
1.663945312499999929e+01 3.027183407162491180e-02
1.664296875000000142e+01 3.025996476985570033e-02
1.664648437500000000e+01 3.024810044076869930e-02
1.665000000000000213e+01 3.023624109066472276e-02
1.665351562500000071e+01 3.022438672582171415e-02
1.665703124999999929e+01 3.021253735249391364e-02
1.666054687500000142e+01 3.020069297691109142e-02
1.666406250000000000e+01 3.018885360527775660e-02
1.666757812500000213e+01 3.017701924377246686e-02
1.667109375000000071e+01 3.016518989854714838e-02
1.667460937499999929e+01 3.015336557572641241e-02
1.667812500000000142e+01 3.014154628140699316e-02
1.668164062500000000e+01 3.012973202165714071e-02
1.668515625000000213e+01 3.011792280251609707e-02
1.668867187500000071e+01 3.010611862999360358e-02
1.669218749999999929e+01 3.009431951006940123e-02
1.669570312500000142e+01 3.008252544869283174e-02
1.669921875000000000e+01 3.007073645178244548e-02
1.670273437500000213e+01 3.005895252522561290e-02
1.670625000000000071e+01 3.004717367487824004e-02
1.670976562499999929e+01 3.003539990656443892e-02
1.671328125000000142e+01 3.002363122607630552e-02
1.671679687500000000e+01 3.001186763917367689e-02
1.672031250000000213e+01 3.000010915158395075e-02
1.672382812500000071e+01 2.998835576900192937e-02
1.672734374999999929e+01 2.997660749708968078e-02
1.673085937500000142e+01 2.996486434147646594e-02
1.673437500000000000e+01 2.995312630775863461e-02
1.673789062500000213e+01 2.994139340149962886e-02
1.674140625000000071e+01 2.992966562822994836e-02
1.674492187499999929e+01 2.991794299344714692e-02
1.674843750000000142e+01 2.990622550261592266e-02
1.675195312500000000e+01 2.989451316116813889e-02
1.675546875000000213e+01 2.988280597450294201e-02
1.675898437500000071e+01 2.987110394798687257e-02
1.676249999999999929e+01 2.985940708695399015e-02
1.676601562500000142e+01 2.984771539670605378e-02
1.676953125000000000e+01 2.983602888251270235e-02
1.677304687500000213e+01 2.982434754961165932e-02
1.677656250000000071e+01 2.981267140320897208e-02
1.678007812499999929e+01 2.980100044847926177e-02
1.678359375000000142e+01 2.978933469056599045e-02
1.678710937500000000e+01 2.977767413458176637e-02
1.679062500000000213e+01 2.976601878560863890e-02
1.679414062500000071e+01 2.975436864869847320e-02
1.679765624999999929e+01 2.974272372887325905e-02
1.680117187500000142e+01 2.973108403112547510e-02
1.680468750000000000e+01 2.971944956041852257e-02
1.680820312500000213e+01 2.970782032168707565e-02
1.681171875000000071e+01 2.969619631983751173e-02
1.681523437499999929e+01 2.968457755974833467e-02
1.681875000000000142e+01 2.967296404627059458e-02
1.682226562500000000e+01 2.966135578422838051e-02
1.682578125000000213e+01 2.964975277841921941e-02
1.682929687500000071e+01 2.963815503361455148e-02
1.683281249999999929e+01 2.962656255456024013e-02
1.683632812500000142e+01 2.961497534597699877e-02
1.683984375000000000e+01 2.960339341256090426e-02
1.684335937500000213e+01 2.959181675898386876e-02
1.684687500000000071e+01 2.958024538989412894e-02
1.685039062499999929e+01 2.956867930991676635e-02
1.685390625000000142e+01 2.955711852365415504e-02
1.685742187500000000e+01 2.954556303568651315e-02
1.686093750000000213e+01 2.953401285057238174e-02
1.686445312500000071e+01 2.952246797284911045e-02
1.686796874999999929e+01 2.951092840703339881e-02
1.687148437500000142e+01 2.949939415762175415e-02
1.687500000000000000e+01 2.948786522909101204e-02
1.687851562500000213e+01 2.947634162589884282e-02
1.688203125000000071e+01 2.946482335248423040e-02
1.688554687499999929e+01 2.945331041326796490e-02
1.688906250000000142e+01 2.944180281265313878e-02
1.689257812500000000e+01 2.943030055502561526e-02
1.689609375000000213e+01 2.941880364475449317e-02
1.689960937500000071e+01 2.940731208619259962e-02
1.690312499999999929e+01 2.939582588367691679e-02
1.690664062500000142e+01 2.938434504152907106e-02
1.691015625000000000e+01 2.937286956405570776e-02
1.691367187500000213e+01 2.936139945554899072e-02
1.691718750000000071e+01 2.934993472028698744e-02
1.692070312499999929e+01 2.933847536253406107e-02
1.692421875000000142e+01 2.932702138654132498e-02
1.692773437500000000e+01 2.931557279654695494e-02
1.693125000000000213e+01 2.930412959677661244e-02
1.693476562500000071e+01 2.929269179144382285e-02
1.693828124999999929e+01 2.928125938475025988e-02
1.694179687500000142e+01 2.926983238088614464e-02
1.694531250000000000e+01 2.925841078403054740e-02
1.694882812500000213e+01 2.924699459835169643e-02
1.695234375000000071e+01 2.923558382800728328e-02
1.695585937499999929e+01 2.922417847714475422e-02
1.695937500000000142e+01 2.921277854990157741e-02
1.696289062500000000e+01 2.920138405040549612e-02
1.696640625000000213e+01 2.918999498277478205e-02
1.696992187500000071e+01 2.917861135111847123e-02
1.697343749999999929e+01 2.916723315953655485e-02
1.697695312500000142e+01 2.915586041212020474e-02
1.698046875000000000e+01 2.914449311295196771e-02
1.698398437500000213e+01 2.913313126610590428e-02
1.698750000000000071e+01 2.912177487564776221e-02
1.699101562499999929e+01 2.911042394563512908e-02
1.699453125000000142e+01 2.909907848011753298e-02
1.699804687500000000e+01 2.908773848313657082e-02
1.700156250000000213e+01 2.907640395872598815e-02
1.700507812500000071e+01 2.906507491091177633e-02
1.700859374999999929e+01 2.905375134371221066e-02
1.701210937500000142e+01 2.904243326113794404e-02
1.701562500000000000e+01 2.903112066719197928e-02
1.701914062500000213e+01 2.901981356586974189e-02
1.702265625000000071e+01 2.900851196115905237e-02
1.702617187499999929e+01 2.899721585704012616e-02
1.702968750000000142e+01 2.898592525748556331e-02
1.703320312500000000e+01 2.897464016646027901e-02
1.703671875000000213e+01 2.896336058792148629e-02
1.704023437500000071e+01 2.895208652581860928e-02
1.704374999999999929e+01 2.894081798409321032e-02
1.704726562500000142e+01 2.892955496667890675e-02
1.705078125000000000e+01 2.891829747750124593e-02
1.705429687500000213e+01 2.890704552047762554e-02
1.705781250000000071e+01 2.889579909951712697e-02
1.706132812499999929e+01 2.888455821852040084e-02
1.706484375000000142e+01 2.887332288137950745e-02
1.706835937500000000e+01 2.886209309197777448e-02
1.707187500000000213e+01 2.885086885418959579e-02
1.707539062500000071e+01 2.883965017188026489e-02
1.707890624999999929e+01 2.882843704890581879e-02
1.708242187500000142e+01 2.881722948911278129e-02
1.708593750000000000e+01 2.880602749633800683e-02
1.708945312500000213e+01 2.879483107440844458e-02
1.709296875000000071e+01 2.878364022714092682e-02
1.709648437499999929e+01 2.877245495834192951e-02
1.710000000000000142e+01 2.876127527180738150e-02
1.710351562500000000e+01 2.875010117132238002e-02
1.710703125000000213e+01 2.873893266066098601e-02
1.711054687500000071e+01 2.872776974358597080e-02
1.711406249999999929e+01 2.871661242384856982e-02
1.711757812500000142e+01 2.870546070518822587e-02
1.712109375000000000e+01 2.869431459133235662e-02
1.712460937500000213e+01 2.868317408599609444e-02
1.712812500000000071e+01 2.867203919288203659e-02
1.713164062499999929e+01 2.866090991567999541e-02
1.713515625000000142e+01 2.864978625806674853e-02
1.713867187500000000e+01 2.863866822370578213e-02
1.714218750000000213e+01 2.862755581624706197e-02
1.714570312500000071e+01 2.861644903932677314e-02
1.714921874999999929e+01 2.860534789656709112e-02
1.715273437500000142e+01 2.859425239157594584e-02
1.715625000000000000e+01 2.858316252794679962e-02
1.715976562500000213e+01 2.857207830925839395e-02
1.716328125000000071e+01 2.856099973907456901e-02
1.716679687499999929e+01 2.854992682094403475e-02
1.717031250000000142e+01 2.853885955840017308e-02
1.717382812500000000e+01 2.852779795496085749e-02
1.717734375000000213e+01 2.851674201412823448e-02
1.718085937500000071e+01 2.850569173938861250e-02
1.718437499999999929e+01 2.849464713421223649e-02
1.718789062500000142e+01 2.848360820205319416e-02
1.719140625000000000e+01 2.847257494634924946e-02
1.719492187500000213e+01 2.846154737052173159e-02
1.719843750000000071e+01 2.845052547797541354e-02
1.720195312499999929e+01 2.843950927209843577e-02
1.720546875000000142e+01 2.842849875626224029e-02
1.720898437500000000e+01 2.841749393382146660e-02
1.721250000000000213e+01 2.840649480811393429e-02
1.721601562500000071e+01 2.839550138246061534e-02
1.721953124999999929e+01 2.838451366016560978e-02
1.722304687500000142e+01 2.837353164451614576e-02
1.722656250000000000e+01 2.836255533878262458e-02
1.723007812500000213e+01 2.835158474621863461e-02
1.723359375000000071e+01 2.834061987006102762e-02
1.723710937499999929e+01 2.832966071352999160e-02
1.724062500000000142e+01 2.831870727982914449e-02
1.724414062500000000e+01 2.830775957214563474e-02
1.724765625000000213e+01 2.829681759365031482e-02
1.725117187500000071e+01 2.828588134749784877e-02
1.725468749999999929e+01 2.827495083682691340e-02
1.725820312500000142e+01 2.826402606476037527e-02
1.726171875000000000e+01 2.825310703440551616e-02
1.726523437500000213e+01 2.824219374885425862e-02
1.726875000000000071e+01 2.823128621118339496e-02
1.727226562499999929e+01 2.822038442445488210e-02
1.727578125000000142e+01 2.820948839171611225e-02
1.727929687500000000e+01 2.819859811600025634e-02
1.728281250000000213e+01 2.818771360032653467e-02
1.728632812500000071e+01 2.817683484770059504e-02
1.728984374999999929e+01 2.816596186111487016e-02
1.729335937500000142e+01 2.815509464354895575e-02
1.729687500000000000e+01 2.814423319797001999e-02
1.730039062500000213e+01 2.813337752733319208e-02
1.730390625000000071e+01 2.812252763458201327e-02
1.730742187499999929e+01 2.811168352264888787e-02
1.731093750000000142e+01 2.810084519445554124e-02
1.731445312500000000e+01 2.809001265291349858e-02
1.731796875000000213e+01 2.807918590092457409e-02
1.732148437500000071e+01 2.806836494138138099e-02
1.732499999999999929e+01 2.805754977716785198e-02
1.732851562500000142e+01 2.804674041115978733e-02
1.733203125000000000e+01 2.803593684622536497e-02
1.733554687500000213e+01 2.802513908522572331e-02
1.733906250000000071e+01 2.801434713101553370e-02
1.734257812499999929e+01 2.800356098644355210e-02
1.734609375000000142e+01 2.799278065435320539e-02
1.734960937500000000e+01 2.798200613758318467e-02
1.735312500000000213e+01 2.797123743896805931e-02
1.735664062500000071e+01 2.796047456133884945e-02
1.736015624999999929e+01 2.794971750752366091e-02
1.736367187500000142e+01 2.793896628034825760e-02
1.736718750000000000e+01 2.792822088263671731e-02
1.737070312500000213e+01 2.791748131721200760e-02
1.737421875000000071e+01 2.790674758689661722e-02
1.737773437499999929e+01 2.789601969451316332e-02
1.738125000000000142e+01 2.788529764288499857e-02
1.738476562500000000e+01 2.787458143483681483e-02
1.738828125000000213e+01 2.786387107319524686e-02
1.739179687500000071e+01 2.785316656078947600e-02
1.739531249999999929e+01 2.784246790045179915e-02
1.739882812500000142e+01 2.783177509501823244e-02
1.740234375000000000e+01 2.782108814732905944e-02
1.740585937500000213e+01 2.781040706022940706e-02
1.740937500000000071e+01 2.779973183656980762e-02
1.741289062499999929e+01 2.778906247920671924e-02
1.741640625000000142e+01 2.777839899100307403e-02
1.741992187500000000e+01 2.776774137482875687e-02
1.742343750000000213e+01 2.775708963356114667e-02
1.742695312500000071e+01 2.774644377008557428e-02
1.743046874999999929e+01 2.773580378729579438e-02
1.743398437500000142e+01 2.772516968809445731e-02
1.743750000000000000e+01 2.771454147539350460e-02
1.744101562500000213e+01 2.770391915211462344e-02
1.744453125000000071e+01 2.769330272118961794e-02
1.744804687499999929e+01 2.768269218556081157e-02
1.745156250000000142e+01 2.767208754818138716e-02
1.745507812500000000e+01 2.766148881201573040e-02
1.745859375000000213e+01 2.765089598003975940e-02
1.746210937500000071e+01 2.764030905524118842e-02
1.746562499999999929e+01 2.762972804061986087e-02
1.746914062500000142e+01 2.761915293918794367e-02
1.747265625000000000e+01 2.760858375397020129e-02
1.747617187500000213e+01 2.759802048800419003e-02
1.747968750000000071e+01 2.758746314434044195e-02
1.748320312499999929e+01 2.757691172604264523e-02
1.748671875000000142e+01 2.756636623618776566e-02
1.749023437500000000e+01 2.755582667786618534e-02
1.749375000000000213e+01 2.754529305418180335e-02
1.749726562500000071e+01 2.753476536825209126e-02
1.750078124999999929e+01 2.752424362320816248e-02
1.750429687500000142e+01 2.751372782219478619e-02
1.750781250000000000e+01 2.750321796837042199e-02
1.751132812500000213e+01 2.749271406490718522e-02
1.751484375000000071e+01 2.748221611499081576e-02
1.751835937499999929e+01 2.747172412182060514e-02
1.752187500000000142e+01 2.746123808860935489e-02
1.752539062500000000e+01 2.745075801858323089e-02
1.752890625000000213e+01 2.744028391498167657e-02
1.753242187500000071e+01 2.742981578105725335e-02
1.753593749999999929e+01 2.741935362007548449e-02
1.753945312500000142e+01 2.740889743531467471e-02
1.754296875000000000e+01 2.739844723006568464e-02
1.754648437500000213e+01 2.738800300763176432e-02
1.755000000000000071e+01 2.737756477132826521e-02
1.755351562499999929e+01 2.736713252448239042e-02
1.755703125000000142e+01 2.735670627043296568e-02
1.756054687500000000e+01 2.734628601253007163e-02
1.756406250000000213e+01 2.733587175413481479e-02
1.756757812500000071e+01 2.732546349861895291e-02
1.757109374999999929e+01 2.731506124936458960e-02
1.757460937500000142e+01 2.730466500976378927e-02
1.757812500000000000e+01 2.729427478321824752e-02
1.758164062500000213e+01 2.728389057313888519e-02
1.758515625000000071e+01 2.727351238294546676e-02
1.758867187499999929e+01 2.726314021606619786e-02
1.759218750000000142e+01 2.725277407593731938e-02
1.759570312500000000e+01 2.724241396600265291e-02
1.759921875000000213e+01 2.723205988971318797e-02
1.760273437500000071e+01 2.722171185052664477e-02
1.760624999999999929e+01 2.721136985190698507e-02
1.760976562500000142e+01 2.720103389732399235e-02
1.761328125000000000e+01 2.719070399025278612e-02
1.761679687500000213e+01 2.718038013417331533e-02
1.762031250000000071e+01 2.717006233256994210e-02
1.762382812499999929e+01 2.715975058893089350e-02
1.762734375000000142e+01 2.714944490674778971e-02
1.763085937500000000e+01 2.713914528951516178e-02
1.763437500000000213e+01 2.712885174072993816e-02
1.763789062500000071e+01 2.711856426389094160e-02
1.764140624999999929e+01 2.710828286249838612e-02
1.764492187500000142e+01 2.709800754005337042e-02
1.764843750000000000e+01 2.708773830005735406e-02
1.765195312500000213e+01 2.707747514601168554e-02
1.765546875000000071e+01 2.706721808141705071e-02
1.765898437499999929e+01 2.705696710977299746e-02
1.766250000000000142e+01 2.704672223457738403e-02
1.766601562500000000e+01 2.703648345932593150e-02
1.766953125000000213e+01 2.702625078751166865e-02
1.767304687500000071e+01 2.701602422262443237e-02
1.767656249999999929e+01 2.700580376815039929e-02
1.768007812500000142e+01 2.699558942757155494e-02
1.768359375000000000e+01 2.698538120436521498e-02
1.768710937500000213e+01 2.697517910200352559e-02
1.769062500000000071e+01 2.696498312395297775e-02
1.769414062499999929e+01 2.695479327367393887e-02
1.769765625000000142e+01 2.694460955462014279e-02
1.770117187500000000e+01 2.693443197023824912e-02
1.770468750000000213e+01 2.692426052396734715e-02
1.770820312500000071e+01 2.691409521923851522e-02
1.771171874999999929e+01 2.690393605947434541e-02
1.771523437500000142e+01 2.689378304808850290e-02
1.771875000000000000e+01 2.688363618848527148e-02
1.772226562500000213e+01 2.687349548405911642e-02
1.772578125000000071e+01 2.686336093819426812e-02
1.772929687499999929e+01 2.685323255426425026e-02
1.773281250000000142e+01 2.684311033563149818e-02
1.773632812500000000e+01 2.683299428564693556e-02
1.773984375000000213e+01 2.682288440764954429e-02
1.774335937500000071e+01 2.681278070496600011e-02
1.774687499999999929e+01 2.680268318091023200e-02
1.775039062500000142e+01 2.679259183878307526e-02
1.775390625000000000e+01 2.678250668187185171e-02
1.775742187500000213e+01 2.677242771345001923e-02
1.776093750000000071e+01 2.676235493677679017e-02
1.776445312499999929e+01 2.675228835509675662e-02
1.776796875000000142e+01 2.674222797163956777e-02
1.777148437500000000e+01 2.673217378961953439e-02
1.777500000000000213e+01 2.672212581223529920e-02
1.777851562500000071e+01 2.671208404266951775e-02
1.778203124999999929e+01 2.670204848408849752e-02
1.778554687500000142e+01 2.669201913964185796e-02
1.778906250000000000e+01 2.668199601246225294e-02
1.779257812500000213e+01 2.667197910566500296e-02
1.779609375000000071e+01 2.666196842234779679e-02
1.779960937499999929e+01 2.665196396559040004e-02
1.780312500000000142e+01 2.664196573845433597e-02
1.780664062500000000e+01 2.663197374398258016e-02
1.781015625000000213e+01 2.662198798519926218e-02
1.781367187500000071e+01 2.661200846510939494e-02
1.781718749999999929e+01 2.660203518669856243e-02
1.782070312500000142e+01 2.659206815293265955e-02
1.782421875000000000e+01 2.658210736675757635e-02
1.782773437500000213e+01 2.657215283109896214e-02
1.783125000000000071e+01 2.656220454886191323e-02
1.783476562499999929e+01 2.655226252293073352e-02
1.783828125000000142e+01 2.654232675616863268e-02
1.784179687500000000e+01 2.653239725141747982e-02
1.784531250000000213e+01 2.652247401149754671e-02
1.784882812500000071e+01 2.651255703920723378e-02
1.785234374999999929e+01 2.650264633732281327e-02
1.785585937500000142e+01 2.649274190859815525e-02
1.785937500000000000e+01 2.648284375576452632e-02
1.786289062500000213e+01 2.647295188153026696e-02
1.786640625000000071e+01 2.646306628858057994e-02
1.786992187499999929e+01 2.645318697957728393e-02
1.787343750000000142e+01 2.644331395715854294e-02
1.787695312500000000e+01 2.643344722393863727e-02
1.788046875000000213e+01 2.642358678250770337e-02
1.788398437500000071e+01 2.641373263543150482e-02
1.788749999999999929e+01 2.640388478525118598e-02
1.789101562500000142e+01 2.639404323448301531e-02
1.789453125000000000e+01 2.638420798561815980e-02
1.789804687500000213e+01 2.637437904112246295e-02
1.790156250000000071e+01 2.636455640343616375e-02
1.790507812499999929e+01 2.635474007497369542e-02
1.790859375000000142e+01 2.634493005812343913e-02
1.791210937500000000e+01 2.633512635524749151e-02
1.791562500000000213e+01 2.632532896868142874e-02
1.791914062500000071e+01 2.631553790073409144e-02
1.792265624999999929e+01 2.630575315368731404e-02
1.792617187500000142e+01 2.629597472979575828e-02
1.792968750000000000e+01 2.628620263128663218e-02
1.793320312500000213e+01 2.627643686035948528e-02
1.793671875000000071e+01 2.626667741918600751e-02
1.794023437499999929e+01 2.625692430990975851e-02
1.794375000000000142e+01 2.624717753464598721e-02
1.794726562500000000e+01 2.623743709548140290e-02
1.795078125000000213e+01 2.622770299447393233e-02
1.795429687500000071e+01 2.621797523365257399e-02
1.795781249999999929e+01 2.620825381501708240e-02
1.796132812500000142e+01 2.619853874053784670e-02
1.796484375000000000e+01 2.618883001215563736e-02
1.796835937500000213e+01 2.617912763178141533e-02
1.797187500000000071e+01 2.616943160129609619e-02
1.797539062499999929e+01 2.615974192255039049e-02
1.797890625000000142e+01 2.615005859736457133e-02
1.798242187500000000e+01 2.614038162752828354e-02
1.798593750000000213e+01 2.613071101480033895e-02
1.798945312500000071e+01 2.612104676090853950e-02
1.799296874999999929e+01 2.611138886754946903e-02
1.799648437500000142e+01 2.610173733638829208e-02
1.800000000000000000e+01 2.609209216905859427e-02
1.800351562500000213e+01 2.608245336716217416e-02
1.800703125000000071e+01 2.607282093226886630e-02
1.801054687499999929e+01 2.606319486591635037e-02
1.801406250000000142e+01 2.605357516960998127e-02
1.801757812500000000e+01 2.604396184482259471e-02
1.802109375000000213e+01 2.603435489299437550e-02
1.802460937500000071e+01 2.602475431553262497e-02
1.802812499999999929e+01 2.601516011381163618e-02
1.803164062500000142e+01 2.600557228917249608e-02
1.803515625000000000e+01 2.599599084292293985e-02
1.803867187500000213e+01 2.598641577633717739e-02
1.804218750000000071e+01 2.597684709065573722e-02
1.804570312499999929e+01 2.596728478708529297e-02
1.804921875000000142e+01 2.595772886679853161e-02
1.805273437500000000e+01 2.594817933093398685e-02
1.805625000000000213e+01 2.593863618059588302e-02
1.805976562500000071e+01 2.592909941685399289e-02
1.806328124999999929e+01 2.591956904074348145e-02
1.806679687500000142e+01 2.591004505326478802e-02
1.807031250000000000e+01 2.590052745538344928e-02
1.807382812500000213e+01 2.589101624802998478e-02
1.807734375000000071e+01 2.588151143209976857e-02
1.808085937499999929e+01 2.587201300845286614e-02
1.808437500000000142e+01 2.586252097791392340e-02
1.808789062500000000e+01 2.585303534127205219e-02
1.809140625000000213e+01 2.584355609928067413e-02
1.809492187500000071e+01 2.583408325265740962e-02
1.809843749999999929e+01 2.582461680208397725e-02
1.810195312500000142e+01 2.581515674820606537e-02
1.810546875000000000e+01 2.580570309163320725e-02
1.810898437500000213e+01 2.579625583293867694e-02
1.811250000000000071e+01 2.578681497265940606e-02
1.811601562499999929e+01 2.577738051129583458e-02
1.811953125000000142e+01 2.576795244931185183e-02
1.812304687500000000e+01 2.575853078713466471e-02
1.812656250000000213e+01 2.574911552515472823e-02
1.813007812500000071e+01 2.573970666372563457e-02
1.813359374999999929e+01 2.573030420316404013e-02
1.813710937500000142e+01 2.572090814374955459e-02
1.814062500000000000e+01 2.571151848572468535e-02
1.814414062500000213e+01 2.570213522929473346e-02
1.814765625000000071e+01 2.569275837462772771e-02
1.815117187499999929e+01 2.568338792185435177e-02
1.815468750000000142e+01 2.567402387106786782e-02
1.815820312500000000e+01 2.566466622232403336e-02
1.816171875000000213e+01 2.565531497564105951e-02
1.816523437500000071e+01 2.564597013099954165e-02
1.816874999999999929e+01 2.563663168834237616e-02
1.817226562500000142e+01 2.562729964757473611e-02
1.817578125000000000e+01 2.561797400856396720e-02
1.817929687500000213e+01 2.560865477113959815e-02
1.818281250000000071e+01 2.559934193509321929e-02
1.818632812499999929e+01 2.559003550017849987e-02
1.818984375000000142e+01 2.558073546611109791e-02
1.819335937500000000e+01 2.557144183256861505e-02
1.819687500000000213e+01 2.556215459919058269e-02
1.820039062500000071e+01 2.555287376557839954e-02
1.820390624999999929e+01 2.554359933129529692e-02
1.820742187500000142e+01 2.553433129586631448e-02
1.821093750000000000e+01 2.552506965877823775e-02
1.821445312500000213e+01 2.551581441947960160e-02
1.821796875000000071e+01 2.550656557738063823e-02
1.822148437499999929e+01 2.549732313185324589e-02
1.822500000000000142e+01 2.548808708223095770e-02
1.822851562500000000e+01 2.547885742780895205e-02
1.823203125000000213e+01 2.546963416784396930e-02
1.823554687500000071e+01 2.546041730155433960e-02
1.823906249999999929e+01 2.545120682811994120e-02
1.824257812500000142e+01 2.544200274668217618e-02
1.824609375000000000e+01 2.543280505634396005e-02
1.824960937500000213e+01 2.542361375616970787e-02
1.825312500000000071e+01 2.541442884518531342e-02
1.825664062499999929e+01 2.540525032237814229e-02
1.826015625000000142e+01 2.539607818669699715e-02
1.826367187500000000e+01 2.538691243705214901e-02
1.826718750000000213e+01 2.537775307231527819e-02
1.827070312500000071e+01 2.536860009131952295e-02
1.827421874999999929e+01 2.535945349285943784e-02
1.827773437500000142e+01 2.535031327569097978e-02
1.828125000000000000e+01 2.534117943853154281e-02
1.828476562500000213e+01 2.533205198005994072e-02
1.828828125000000071e+01 2.532293089891640356e-02
1.829179687499999929e+01 2.531381619370258462e-02
1.829531250000000142e+01 2.530470786298158470e-02
1.829882812500000000e+01 2.529560590527792779e-02
1.830234375000000213e+01 2.528651031907760624e-02
1.830585937500000071e+01 2.527742110282807375e-02
1.830937499999999929e+01 2.526833825493826624e-02
1.831289062500000142e+01 2.525926177377861917e-02
1.831640625000000000e+01 2.525019165768109530e-02
1.831992187500000213e+01 2.524112790493919858e-02
1.832343750000000071e+01 2.523207051380800189e-02
1.832695312499999929e+01 2.522301948250418868e-02
1.833046875000000142e+01 2.521397480920607725e-02
1.833398437500000000e+01 2.520493649205363812e-02
1.833750000000000213e+01 2.519590452914857032e-02
1.834101562500000071e+01 2.518687891855430835e-02
1.834453124999999929e+01 2.517785965829608813e-02
1.834804687500000142e+01 2.516884674636098509e-02
1.835156250000000000e+01 2.515984018069796282e-02
1.835507812500000213e+01 2.515083995921794241e-02
1.835859375000000071e+01 2.514184607979383368e-02
1.836210937499999929e+01 2.513285854026062888e-02
1.836562500000000142e+01 2.512387733841543735e-02
1.836914062500000000e+01 2.511490247201758966e-02
1.837265625000000213e+01 2.510593393878866181e-02
1.837617187500000071e+01 2.509697173641258633e-02
1.837968749999999929e+01 2.508801586253570776e-02
1.838320312500000142e+01 2.507906631476690060e-02
1.838671875000000000e+01 2.507012309067760403e-02
1.839023437500000213e+01 2.506118618780195373e-02
1.839375000000000071e+01 2.505225560363684781e-02
1.839726562499999929e+01 2.504333133564204741e-02
1.840078125000000142e+01 2.503441338124029122e-02
1.840429687500000000e+01 2.502550173781737525e-02
1.840781250000000213e+01 2.501659640272227078e-02
1.841132812500000071e+01 2.500769737326722503e-02
1.841484374999999929e+01 2.499880464672788599e-02
1.841835937500000142e+01 2.498991822034338575e-02
1.842187500000000000e+01 2.498103809131651740e-02
1.842539062500000213e+01 2.497216425681378360e-02
1.842890625000000071e+01 2.496329671396558050e-02
1.843242187499999929e+01 2.495443545986627404e-02
1.843593750000000142e+01 2.494558049157437341e-02
1.843945312500000000e+01 2.493673180611263862e-02
1.844296875000000213e+01 2.492788940046820889e-02
1.844648437500000071e+01 2.491905327159278302e-02
1.844999999999999929e+01 2.491022341640269921e-02
1.845351562500000142e+01 2.490139983177912936e-02
1.845703125000000000e+01 2.489258251456819698e-02
1.846054687500000213e+01 2.488377146158114034e-02
1.846406250000000071e+01 2.487496666959444769e-02
1.846757812499999929e+01 2.486616813535004467e-02
1.847109375000000142e+01 2.485737585555541224e-02
1.847460937500000000e+01 2.484858982688378445e-02
1.847812500000000213e+01 2.483981004597428030e-02
1.848164062500000071e+01 2.483103650943208063e-02
1.848515624999999929e+01 2.482226921382861898e-02
1.848867187500000142e+01 2.481350815570170648e-02
1.849218750000000000e+01 2.480475333155577472e-02
1.849570312500000213e+01 2.479600473786197634e-02
1.849921875000000071e+01 2.478726237105843486e-02
1.850273437499999929e+01 2.477852622755039730e-02
1.850625000000000142e+01 2.476979630371041463e-02
1.850976562500000000e+01 2.476107259587855686e-02
1.851328125000000213e+01 2.475235510036257608e-02
1.851679687500000071e+01 2.474364381343815977e-02
1.852031249999999929e+01 2.473493873134905569e-02
1.852382812500000142e+01 2.472623985030735633e-02
1.852734375000000000e+01 2.471754716649364469e-02
1.853085937500000213e+01 2.470886067605724060e-02
1.853437500000000071e+01 2.470018037511640188e-02
1.853789062499999929e+01 2.469150625975854302e-02
1.854140625000000142e+01 2.468283832604047795e-02
1.854492187500000000e+01 2.467417656998862480e-02
1.854843750000000213e+01 2.466552098759922443e-02
1.855195312500000071e+01 2.465687157483860761e-02
1.855546874999999929e+01 2.464822832764339972e-02
1.855898437500000142e+01 2.463959124192077049e-02
1.856250000000000000e+01 2.463096031354868737e-02
1.856601562500000213e+01 2.462233553837613748e-02
1.856953125000000071e+01 2.461371691222338787e-02
1.857304687499999929e+01 2.460510443088224919e-02
1.857656250000000142e+01 2.459649809011629773e-02
1.858007812500000000e+01 2.458789788566115297e-02
1.858359375000000213e+01 2.457930381322472047e-02
1.858710937500000071e+01 2.457071586848749017e-02
1.859062499999999929e+01 2.456213404710275161e-02
1.859414062500000142e+01 2.455355834469687484e-02
1.859765625000000000e+01 2.454498875686958459e-02
1.860117187500000213e+01 2.453642527919422389e-02
1.860468750000000071e+01 2.452786790721802473e-02
1.860820312499999929e+01 2.451931663646237172e-02
1.861171875000000142e+01 2.451077146242307964e-02
1.861523437500000000e+01 2.450223238057067099e-02
1.861875000000000213e+01 2.449369938635065358e-02
1.862226562500000071e+01 2.448517247518375989e-02
1.862578124999999929e+01 2.447665164246626626e-02
1.862929687500000142e+01 2.446813688357026353e-02
1.863281250000000000e+01 2.445962819384391029e-02
1.863632812500000213e+01 2.445112556861172431e-02
1.863984375000000071e+01 2.444262900317487400e-02
1.864335937499999929e+01 2.443413849281142469e-02
1.864687500000000142e+01 2.442565403277664748e-02
1.865039062500000000e+01 2.441717561830328287e-02
1.865390625000000213e+01 2.440870324460182872e-02
1.865742187500000071e+01 2.440023690686079008e-02
1.866093749999999929e+01 2.439177660024701572e-02
1.866445312500000142e+01 2.438332231990592708e-02
1.866796875000000000e+01 2.437487406096181669e-02
1.867148437500000213e+01 2.436643181851812223e-02
1.867500000000000071e+01 2.435799558765772144e-02
1.867851562499999929e+01 2.434956536344318884e-02
1.868203125000000142e+01 2.434114114091711495e-02
1.868554687500000000e+01 2.433272291510231444e-02
1.868906250000000213e+01 2.432431068100220084e-02
1.869257812500000071e+01 2.431590443360098774e-02
1.869609374999999929e+01 2.430750416786401844e-02
1.869960937500000142e+01 2.429910987873801220e-02
1.870312500000000000e+01 2.429072156115138006e-02
1.870664062500000213e+01 2.428233921001447110e-02
1.871015625000000071e+01 2.427396282021988122e-02
1.871367187499999929e+01 2.426559238664269952e-02
1.871718750000000142e+01 2.425722790414083785e-02
1.872070312500000000e+01 2.424886936755525288e-02
1.872421875000000213e+01 2.424051677171027569e-02
1.872773437500000071e+01 2.423217011141384769e-02
1.873124999999999929e+01 2.422382938145783982e-02
1.873476562500000142e+01 2.421549457661829191e-02
1.873828125000000000e+01 2.420716569165570070e-02
1.874179687500000213e+01 2.419884272131533204e-02
1.874531250000000071e+01 2.419052566032740825e-02
1.874882812499999929e+01 2.418221450340746898e-02
1.875234375000000142e+01 2.417390924525660359e-02
1.875585937500000000e+01 2.416560988056170450e-02
1.875937500000000213e+01 2.415731640399576552e-02
1.876289062500000071e+01 2.414902881021812470e-02
1.876640624999999929e+01 2.414074709387474191e-02
1.876992187500000142e+01 2.413247124959845558e-02
1.877343750000000000e+01 2.412420127200922554e-02
1.877695312500000213e+01 2.411593715571441754e-02
1.878046875000000071e+01 2.410767889530902874e-02
1.878398437499999929e+01 2.409942648537596183e-02
1.878750000000000142e+01 2.409117992048626783e-02
1.879101562500000000e+01 2.408293919519936821e-02
1.879453125000000213e+01 2.407470430406334627e-02
1.879804687500000071e+01 2.406647524161512758e-02
1.880156249999999929e+01 2.405825200238076444e-02
1.880507812500000142e+01 2.405003458087565105e-02
1.880859375000000000e+01 2.404182297160475934e-02
1.881210937500000213e+01 2.403361716906286111e-02
1.881562500000000071e+01 2.402541716773474653e-02
1.881914062499999929e+01 2.401722296209547747e-02
1.882265625000000142e+01 2.400903454661058173e-02
1.882617187500000000e+01 2.400085191573627513e-02
1.882968750000000213e+01 2.399267506391965232e-02
1.883320312500000071e+01 2.398450398559896085e-02
1.883671874999999929e+01 2.397633867520373302e-02
1.884023437500000142e+01 2.396817912715504956e-02
1.884375000000000000e+01 2.396002533586569574e-02
1.884726562500000213e+01 2.395187729574041122e-02
1.885078125000000071e+01 2.394373500117602527e-02
1.885429687499999929e+01 2.393559844656171359e-02
1.885781250000000142e+01 2.392746762627913359e-02
1.886132812500000000e+01 2.391934253470264643e-02
1.886484375000000213e+01 2.391122316619949395e-02
1.886835937500000071e+01 2.390310951512997911e-02
1.887187499999999929e+01 2.389500157584762557e-02
1.887539062500000142e+01 2.388689934269937892e-02
1.887890625000000000e+01 2.387880281002578015e-02
1.888242187500000213e+01 2.387071197216112522e-02
1.888593750000000071e+01 2.386262682343361086e-02
1.888945312499999929e+01 2.385454735816554261e-02
1.889296875000000142e+01 2.384647357067345291e-02
1.889648437500000000e+01 2.383840545526830224e-02
1.890000000000000213e+01 2.383034300625558322e-02
1.890351562500000071e+01 2.382228621793550105e-02
1.890703124999999929e+01 2.381423508460312963e-02
1.891054687500000142e+01 2.380618960054852601e-02
1.891406250000000000e+01 2.379814976005689003e-02
1.891757812500000213e+01 2.379011555740871350e-02
1.892109375000000071e+01 2.378208698687988426e-02
1.892460937499999929e+01 2.377406404274185273e-02
1.892812500000000142e+01 2.376604671926173598e-02
1.893164062500000000e+01 2.375803501070244267e-02
1.893515625000000213e+01 2.375002891132280830e-02
1.893867187500000071e+01 2.374202841537771669e-02
1.894218749999999929e+01 2.373403351711819015e-02
1.894570312500000142e+01 2.372604421079153175e-02
1.894921875000000000e+01 2.371806049064141553e-02
1.895273437500000213e+01 2.371008235090801136e-02
1.895625000000000071e+01 2.370210978582806827e-02
1.895976562499999929e+01 2.369414278963502193e-02
1.896328125000000142e+01 2.368618135655910228e-02
1.896679687500000000e+01 2.367822548082741674e-02
1.897031250000000213e+01 2.367027515666404736e-02
1.897382812500000071e+01 2.366233037829013758e-02
1.897734374999999929e+01 2.365439113992397202e-02
1.898085937500000142e+01 2.364645743578110137e-02
1.898437500000000000e+01 2.363852926007435629e-02
1.898789062500000213e+01 2.363060660701398266e-02
1.899140625000000071e+01 2.362268947080768677e-02
1.899492187499999929e+01 2.361477784566071852e-02
1.899843750000000142e+01 2.360687172577595472e-02
1.900195312500000000e+01 2.359897110535395109e-02
1.900546875000000213e+01 2.359107597859300132e-02
1.900898437500000071e+01 2.358318633968925493e-02
1.901249999999999929e+01 2.357530218283669654e-02
1.901601562500000142e+01 2.356742350222727767e-02
1.901953125000000000e+01 2.355955029205094101e-02
1.902304687500000213e+01 2.355168254649567944e-02
1.902656250000000071e+01 2.354382025974759846e-02
1.903007812499999929e+01 2.353596342599096475e-02
1.903359375000000142e+01 2.352811203940825130e-02
1.903710937500000000e+01 2.352026609418018249e-02
1.904062500000000213e+01 2.351242558448579656e-02
1.904414062500000071e+01 2.350459050450248027e-02
1.904765624999999929e+01 2.349676084840599671e-02
1.905117187500000142e+01 2.348893661037056851e-02
1.905468750000000000e+01 2.348111778456885707e-02
1.905820312500000213e+01 2.347330436517204577e-02
1.906171875000000071e+01 2.346549634634985740e-02
1.906523437499999929e+01 2.345769372227058183e-02
1.906875000000000142e+01 2.344989648710112118e-02
1.907226562500000000e+01 2.344210463500701058e-02
1.907578125000000213e+01 2.343431816015244945e-02
1.907929687500000071e+01 2.342653705670030839e-02
1.908281249999999929e+01 2.341876131881219514e-02
1.908632812500000142e+01 2.341099094064842678e-02
1.908984375000000000e+01 2.340322591636807836e-02
1.909335937500000213e+01 2.339546624012901060e-02
1.909687500000000071e+01 2.338771190608784911e-02
1.910039062499999929e+01 2.337996290840003294e-02
1.910390625000000142e+01 2.337221924121980765e-02
1.910742187500000000e+01 2.336448089870024614e-02
1.911093750000000213e+01 2.335674787499324861e-02
1.911445312500000071e+01 2.334902016424954957e-02
1.911796874999999929e+01 2.334129776061872469e-02
1.912148437500000142e+01 2.333358065824919780e-02
1.912500000000000000e+01 2.332586885128823742e-02
1.912851562500000213e+01 2.331816233388193244e-02
1.913203125000000071e+01 2.331046110017521988e-02
1.913554687499999929e+01 2.330276514431186413e-02
1.913906250000000142e+01 2.329507446043446034e-02
1.914257812500000000e+01 2.328738904268440324e-02
1.914609375000000213e+01 2.327970888520186979e-02
1.914960937500000071e+01 2.327203398212583652e-02
1.915312499999999929e+01 2.326436432759403095e-02
1.915664062500000142e+01 2.325669991574293161e-02
1.916015625000000000e+01 2.324904074070772292e-02
1.916367187500000213e+01 2.324138679662231255e-02
1.916718750000000071e+01 2.323373807761925508e-02
1.917070312499999929e+01 2.322609457782975201e-02
1.917421875000000142e+01 2.321845629138361705e-02
1.917773437500000000e+01 2.321082321240924146e-02
1.918125000000000213e+01 2.320319533503355236e-02
1.918476562500000071e+01 2.319557265338199198e-02
1.918828124999999929e+01 2.318795516157845862e-02
1.919179687500000142e+01 2.318034285374526854e-02
1.919531250000000000e+01 2.317273572400314202e-02
1.919882812500000213e+01 2.316513376647109934e-02
1.920234375000000071e+01 2.315753697526646768e-02
1.920585937499999929e+01 2.314994534450481173e-02
1.920937500000000142e+01 2.314235886829985739e-02
1.921289062500000000e+01 2.313477754076348480e-02
1.921640625000000213e+01 2.312720135600563470e-02
1.921992187500000071e+01 2.311963030813427369e-02
1.922343749999999929e+01 2.311206439125531448e-02
1.922695312500000142e+01 2.310450359947257420e-02
1.923046875000000000e+01 2.309694792688769815e-02
1.923398437500000213e+01 2.308939736760011116e-02
1.923750000000000071e+01 2.308185191570693434e-02
1.924101562499999929e+01 2.307431156530293653e-02
1.924453125000000142e+01 2.306677631048043714e-02
1.924804687500000000e+01 2.305924614532928879e-02
1.925156250000000213e+01 2.305172106393675591e-02
1.925507812500000071e+01 2.304420106038745919e-02
1.925859374999999929e+01 2.303668612876330971e-02
1.926210937500000142e+01 2.302917626314344296e-02
1.926562500000000000e+01 2.302167145760413910e-02
1.926914062500000213e+01 2.301417170621872926e-02
1.927265625000000071e+01 2.300667700305755736e-02
1.927617187499999929e+01 2.299918734218786912e-02
1.927968750000000142e+01 2.299170271767377732e-02
1.928320312500000000e+01 2.298422312357616126e-02
1.928671875000000213e+01 2.297674855395257995e-02
1.929023437500000071e+01 2.296927900285723745e-02
1.929374999999999929e+01 2.296181446434087531e-02
1.929726562500000142e+01 2.295435493245071706e-02
1.930078125000000000e+01 2.294690040123038149e-02
1.930429687500000213e+01 2.293945086471982364e-02
1.930781250000000071e+01 2.293200631695526542e-02
1.931132812499999929e+01 2.292456675196911584e-02
1.931484375000000142e+01 2.291713216378990850e-02
1.931835937500000000e+01 2.290970254644222187e-02
1.932187500000000213e+01 2.290227789394663760e-02
1.932539062500000071e+01 2.289485820031965380e-02
1.932890624999999929e+01 2.288744345957364340e-02
1.933242187500000142e+01 2.288003366571676050e-02
1.933593750000000000e+01 2.287262881275291954e-02
1.933945312500000213e+01 2.286522889468170505e-02
1.934296875000000071e+01 2.285783390549835092e-02
1.934648437499999929e+01 2.285044383919365013e-02
1.935000000000000142e+01 2.284305868975392007e-02
1.935351562500000000e+01 2.283567845116096784e-02
1.935703125000000213e+01 2.282830311739202089e-02
1.936054687500000071e+01 2.282093268241969924e-02
1.936406249999999929e+01 2.281356714021196691e-02
1.936757812500000142e+01 2.280620648473210416e-02
1.937109375000000000e+01 2.279885070993865198e-02
1.937460937500000213e+01 2.279149980978539825e-02
1.937812500000000071e+01 2.278415377822132562e-02
1.938164062499999929e+01 2.277681260919062201e-02
1.938515625000000142e+01 2.276947629663262501e-02
1.938867187500000000e+01 2.276214483448179421e-02
1.939218750000000213e+01 2.275481821666773194e-02
1.939570312500000071e+01 2.274749643711512087e-02
1.939921874999999929e+01 2.274017948974375869e-02
1.940273437500000142e+01 2.273286736846850953e-02
1.940625000000000000e+01 2.272556006719930743e-02
1.940976562500000213e+01 2.271825757984118066e-02
1.941328125000000071e+01 2.271095990029421696e-02
1.941679687499999929e+01 2.270366702245359830e-02
1.942031250000000142e+01 2.269637894020957308e-02
1.942382812500000000e+01 2.268909564744749779e-02
1.942734375000000213e+01 2.268181713804783006e-02
1.943085937500000071e+01 2.267454340588617029e-02
1.943437499999999929e+01 2.266727444483324083e-02
1.943789062500000142e+01 2.266001024875494846e-02
1.944140625000000000e+01 2.265275081151239128e-02
1.944492187500000213e+01 2.264549612696188999e-02
1.944843750000000071e+01 2.263824618895501212e-02
1.945195312499999929e+01 2.263100099133862411e-02
1.945546875000000142e+01 2.262376052795493295e-02
1.945898437500000000e+01 2.261652479264149307e-02
1.946250000000000213e+01 2.260929377923128966e-02
1.946601562500000071e+01 2.260206748155276293e-02
1.946953124999999929e+01 2.259484589342986016e-02
1.947304687500000142e+01 2.258762900868209814e-02
1.947656250000000000e+01 2.258041682112461868e-02
1.948007812500000213e+01 2.257320932456823026e-02
1.948359375000000071e+01 2.256600651281948089e-02
1.948710937499999929e+01 2.255880837968073094e-02
1.949062500000000142e+01 2.255161491895019479e-02
1.949414062500000000e+01 2.254442612442202759e-02
1.949765625000000213e+01 2.253724198988638766e-02
1.950117187500000071e+01 2.253006250912953021e-02
1.950468749999999929e+01 2.252288767593384200e-02
1.950820312500000142e+01 2.251571748407796281e-02
1.951171875000000000e+01 2.250855192733684090e-02
1.951523437500000213e+01 2.250139099948181287e-02
1.951875000000000071e+01 2.249423469428071809e-02
1.952226562499999929e+01 2.248708300549794037e-02
1.952578125000000142e+01 2.247993592689453285e-02
1.952929687500000000e+01 2.247279345222829433e-02
1.953281250000000213e+01 2.246565557525386642e-02
1.953632812500000071e+01 2.245852228972283759e-02
1.953984374999999929e+01 2.245139358938380222e-02
1.954335937500000142e+01 2.244426946798251665e-02
1.954687500000000000e+01 2.243714991926194086e-02
1.955039062500000213e+01 2.243003493696239803e-02
1.955390625000000071e+01 2.242292451482161969e-02
1.955742187499999929e+01 2.241581864657490181e-02
1.956093750000000142e+01 2.240871732595517418e-02
1.956445312500000000e+01 2.240162054669313924e-02
1.956796875000000213e+01 2.239452830251736221e-02
1.957148437500000071e+01 2.238744058715438565e-02
1.957499999999999929e+01 2.238035739432884391e-02
1.957851562500000142e+01 2.237327871776358112e-02
1.958203125000000000e+01 2.236620455117976913e-02
1.958554687500000213e+01 2.235913488829700813e-02
1.958906250000000071e+01 2.235206972283346194e-02
1.959257812499999929e+01 2.234500904850596908e-02
1.959609375000000142e+01 2.233795285903017458e-02
1.959960937500000000e+01 2.233090114812061322e-02
1.960312500000000213e+01 2.232385390949089346e-02
1.960664062500000071e+01 2.231681113685377027e-02
1.961015624999999929e+01 2.230977282392128738e-02
1.961367187500000142e+01 2.230273896440491260e-02
1.961718750000000000e+01 2.229570955201564189e-02
1.962070312500000213e+01 2.228868458046414508e-02
1.962421875000000071e+01 2.228166404346088730e-02
1.962773437499999929e+01 2.227464793471626084e-02
1.963125000000000142e+01 2.226763624794069960e-02
1.963476562500000000e+01 2.226062897684484218e-02
1.963828125000000213e+01 2.225362611513963251e-02
1.964179687500000071e+01 2.224662765653645513e-02
1.964531249999999929e+01 2.223963359474729479e-02
1.964882812500000142e+01 2.223264392348481971e-02
1.965234375000000000e+01 2.222565863646257939e-02
1.965585937500000213e+01 2.221867772739508085e-02
1.965937500000000071e+01 2.221170118999795523e-02
1.966289062499999929e+01 2.220472901798808962e-02
1.966640625000000142e+01 2.219776120508375195e-02
1.966992187500000000e+01 2.219079774500474014e-02
1.967343750000000213e+01 2.218383863147250709e-02
1.967695312500000071e+01 2.217688385821030284e-02
1.968046874999999929e+01 2.216993341894332031e-02
1.968398437500000142e+01 2.216298730739881331e-02
1.968750000000000000e+01 2.215604551730625954e-02
1.969101562500000213e+01 2.214910804239747510e-02
1.969453125000000071e+01 2.214217487640676718e-02
1.969804687499999929e+01 2.213524601307107625e-02
1.970156250000000142e+01 2.212832144613009061e-02
1.970507812500000000e+01 2.212140116932641981e-02
1.970859375000000213e+01 2.211448517640570224e-02
1.971210937500000071e+01 2.210757346111677166e-02
1.971562499999999929e+01 2.210066601721177165e-02
1.971914062500000142e+01 2.209376283844630834e-02
1.972265625000000000e+01 2.208686391857959952e-02
1.972617187500000213e+01 2.207996925137459959e-02
1.972968750000000071e+01 2.207307883059811751e-02
1.973320312499999929e+01 2.206619265002101107e-02
1.973671875000000142e+01 2.205931070341827019e-02
1.974023437500000000e+01 2.205243298456920423e-02
1.974375000000000213e+01 2.204555948725753917e-02
1.974726562500000071e+01 2.203869020527158412e-02
1.975078124999999929e+01 2.203182513240433890e-02
1.975429687500000142e+01 2.202496426245368136e-02
1.975781250000000000e+01 2.201810758922245759e-02
1.976132812500000213e+01 2.201125510651864153e-02
1.976484375000000071e+01 2.200440680815547029e-02
1.976835937499999929e+01 2.199756268795157940e-02
1.977187500000000142e+01 2.199072273973114167e-02
1.977539062500000000e+01 2.198388695732399548e-02
1.977890625000000213e+01 2.197705533456580443e-02
1.978242187500000071e+01 2.197022786529814406e-02
1.978593749999999929e+01 2.196340454336869266e-02
1.978945312500000142e+01 2.195658536263133537e-02
1.979296875000000000e+01 2.194977031694629252e-02
1.979648437500000213e+01 2.194295940018027580e-02
1.980000000000000071e+01 2.193615260620659924e-02
1.980351562499999929e+01 2.192934992890533188e-02
1.980703125000000142e+01 2.192255136216341577e-02
1.981054687500000000e+01 2.191575689987478384e-02
1.981406250000000213e+01 2.190896653594053695e-02
1.981757812500000071e+01 2.190218026426901665e-02
1.982109374999999929e+01 2.189539807877596833e-02
1.982460937500000142e+01 2.188861997338466606e-02
1.982812500000000000e+01 2.188184594202603750e-02
1.983164062500000213e+01 2.187507597863877842e-02
1.983515625000000071e+01 2.186831007716949493e-02
1.983867187499999929e+01 2.186154823157283530e-02
1.984218750000000142e+01 2.185479043581158021e-02
1.984570312500000000e+01 2.184803668385680228e-02
1.984921875000000213e+01 2.184128696968797023e-02
1.985273437500000071e+01 2.183454128729307719e-02
1.985624999999999929e+01 2.182779963066875870e-02
1.985976562500000142e+01 2.182106199382041756e-02
1.986328125000000000e+01 2.181432837076232450e-02
1.986679687500000213e+01 2.180759875551776736e-02
1.987031250000000071e+01 2.180087314211914470e-02
1.987382812499999929e+01 2.179415152460809080e-02
1.987734375000000142e+01 2.178743389703558311e-02
1.988085937500000000e+01 2.178072025346207072e-02
1.988437500000000213e+01 2.177401058795757141e-02
1.988789062500000071e+01 2.176730489460179663e-02
1.989140624999999929e+01 2.176060316748426593e-02
1.989492187500000142e+01 2.175390540070438333e-02
1.989843750000000000e+01 2.174721158837158996e-02
1.990195312500000213e+01 2.174052172460545079e-02
1.990546875000000071e+01 2.173383580353576566e-02
1.990898437499999929e+01 2.172715381930265949e-02
1.991250000000000142e+01 2.172047576605671410e-02
1.991601562500000000e+01 2.171380163795905149e-02
1.991953125000000213e+01 2.170713142918143795e-02
1.992304687500000071e+01 2.170046513390638809e-02
1.992656249999999929e+01 2.169380274632727243e-02
1.993007812500000142e+01 2.168714426064840065e-02
1.993359375000000000e+01 2.168048967108512567e-02
1.993710937500000213e+01 2.167383897186394778e-02
1.994062500000000071e+01 2.166719215722259090e-02
1.994414062499999929e+01 2.166054922141011363e-02
1.994765625000000142e+01 2.165391015868699254e-02
1.995117187500000000e+01 2.164727496332521928e-02
1.995468750000000213e+01 2.164064362960837345e-02
1.995820312500000071e+01 2.163401615183174753e-02
1.996171874999999929e+01 2.162739252430238152e-02
1.996523437500000142e+01 2.162077274133920174e-02
1.996875000000000000e+01 2.161415679727306249e-02
1.997226562500000213e+01 2.160754468644686399e-02
1.997578125000000071e+01 2.160093640321560093e-02
1.997929687499999929e+01 2.159433194194647354e-02
1.998281250000000142e+01 2.158773129701894999e-02
1.998632812500000000e+01 2.158113446282483930e-02
1.998984375000000213e+01 2.157454143376838496e-02
1.999335937500000071e+01 2.156795220426632742e-02
1.999687499999999929e+01 2.156136676874798042e-02
2.000039062500000142e+01 2.155478512165531074e-02
