# Time Enstrophy
0.000000000000000000e+00 3.749955389665960981e-01
3.515625000000000087e-03 3.749920434970581695e-01
7.031250000000000173e-03 3.749895135068727070e-01
1.054687500000000069e-02 3.749879489213262529e-01
1.406250000000000035e-02 3.749873496765491199e-01
1.757812500000000000e-02 3.749877157195108945e-01
2.109375000000000139e-02 3.749890470080158300e-01
2.460937499999999931e-02 3.749913435106977389e-01
2.812500000000000069e-02 3.749946052070148861e-01
3.164062499999999861e-02 3.749988320872448266e-01
3.515625000000000000e-02 3.750040241524789097e-01
3.867187500000000139e-02 3.750101814146166168e-01
4.218750000000000278e-02 3.750173038963596772e-01
4.570312500000000416e-02 3.750253916312058511e-01
4.921874999999999861e-02 3.750344446634432671e-01
5.273437500000000000e-02 3.750444630481433173e-01
5.625000000000000139e-02 3.750554468511545503e-01
5.976562500000000278e-02 3.750673961490956776e-01
6.328124999999999722e-02 3.750803110293484677e-01
6.679687500000000555e-02 3.750941915900511958e-01
7.031250000000000000e-02 3.751090379400906505e-01
7.382812500000000833e-02 3.751248501990950279e-01
7.734375000000000278e-02 3.751416284974256055e-01
8.085937499999999722e-02 3.751593729761698581e-01
8.437500000000000555e-02 3.751780837871323548e-01
8.789062500000000000e-02 3.751977610928274309e-01
9.140625000000000833e-02 3.752184050664698622e-01
9.492187500000000278e-02 3.752400158919672046e-01
9.843749999999999722e-02 3.752625937639102460e-01
1.019531250000000056e-01 3.752861388875639581e-01
1.054687500000000000e-01 3.753106514788592252e-01
1.089843750000000083e-01 3.753361317643825190e-01
1.125000000000000028e-01 3.753625799813672392e-01
1.160156249999999972e-01 3.753899963776833326e-01
1.195312500000000056e-01 3.754183812118279118e-01
1.230468750000000000e-01 3.754477347529144859e-01
1.265624999999999944e-01 3.754780572806641903e-01
1.300781250000000167e-01 3.755093490853940175e-01
1.335937500000000111e-01 3.755416104680067146e-01
1.371093750000000056e-01 3.755748417399803474e-01
1.406250000000000000e-01 3.756090432233569754e-01
1.441406249999999944e-01 3.756442152507318832e-01
1.476562500000000167e-01 3.756803581652423674e-01
1.511718750000000111e-01 3.757174723205560785e-01
1.546875000000000056e-01 3.757555580808596973e-01
1.582031250000000000e-01 3.757946158208471110e-01
1.617187499999999944e-01 3.758346459257075889e-01
1.652343750000000167e-01 3.758756487911135702e-01
1.687500000000000111e-01 3.759176248232088957e-01
1.722656250000000056e-01 3.759605744385956516e-01
1.757812500000000000e-01 3.760044980643223456e-01
1.792968749999999944e-01 3.760493961378709171e-01
1.828125000000000167e-01 3.760952691071438592e-01
1.863281250000000111e-01 3.761421174304515613e-01
1.898437500000000056e-01 3.761899415764987653e-01
1.933593750000000000e-01 3.762387420243712421e-01
1.968749999999999944e-01 3.762885192635225806e-01
2.003906250000000167e-01 3.763392737937605870e-01
2.039062500000000111e-01 3.763910061252331296e-01
2.074218750000000056e-01 3.764437167784147054e-01
2.109375000000000000e-01 3.764974062840924507e-01
2.144531249999999944e-01 3.765520751833513202e-01
2.179687500000000167e-01 3.766077240275603755e-01
2.214843750000000111e-01 3.766643533783579079e-01
2.250000000000000056e-01 3.767219638076371169e-01
2.285156250000000000e-01 3.767805558975311220e-01
2.320312499999999944e-01 3.768401302403983077e-01
2.355468750000000167e-01 3.769006874388070027e-01
2.390625000000000111e-01 3.769622281055206026e-01
2.425781250000000056e-01 3.770247528634820822e-01
2.460937500000000000e-01 3.770882623457987859e-01
2.496093749999999944e-01 3.771527571957264957e-01
2.531249999999999889e-01 3.772182380666543322e-01
2.566406250000000111e-01 3.772847056220881568e-01
2.601562500000000333e-01 3.773521605356358055e-01
2.636718750000000000e-01 3.774206034909893814e-01
2.671875000000000222e-01 3.774900351819107103e-01
2.707031249999999889e-01 3.775604563122144652e-01
2.742187500000000111e-01 3.776318675957510695e-01
2.777343750000000333e-01 3.777042697563915974e-01
2.812500000000000000e-01 3.777776635280094553e-01
2.847656250000000222e-01 3.778520496544651719e-01
2.882812499999999889e-01 3.779274288895884126e-01
2.917968750000000111e-01 3.780038019971618812e-01
2.953125000000000333e-01 3.780811697509034452e-01
2.988281250000000000e-01 3.781595329344497047e-01
3.023437500000000222e-01 3.782388923413381177e-01
3.058593749999999889e-01 3.783192487749900135e-01
3.093750000000000111e-01 3.784006030486930516e-01
3.128906250000000333e-01 3.784829559855833470e-01
3.164062500000000000e-01 3.785663084186278171e-01
3.199218750000000222e-01 3.786506611906073072e-01
3.234374999999999889e-01 3.787360151540973829e-01
3.269531250000000111e-01 3.788223711714514552e-01
3.304687500000000333e-01 3.789097301147820174e-01
3.339843750000000000e-01 3.789980928659432147e-01
3.375000000000000222e-01 3.790874603165118040e-01
3.410156249999999889e-01 3.791778333677696677e-01
3.445312500000000111e-01 3.792692129306848292e-01
3.480468750000000333e-01 3.793615999258937999e-01
3.515625000000000000e-01 3.794549952836819839e-01
3.550781250000000222e-01 3.795493999439658594e-01
3.585937499999999889e-01 3.796448148562741043e-01
3.621093750000000111e-01 3.797412409797289445e-01
3.656250000000000333e-01 3.798386792830271141e-01
3.691406250000000000e-01 3.799371307444210921e-01
3.726562500000000222e-01 3.800365963517003953e-01
3.761718749999999889e-01 3.801370771021722605e-01
3.796875000000000111e-01 3.802385740026426042e-01
3.832031250000000333e-01 3.803410880693969265e-01
3.867187500000000000e-01 3.804446203281816041e-01
3.902343750000000222e-01 3.805491718141839064e-01
3.937499999999999889e-01 3.806547435720132322e-01
3.972656250000000111e-01 3.807613366556815149e-01
4.007812500000000333e-01 3.808689521285838486e-01
4.042968750000000000e-01 3.809775910634794482e-01
4.078125000000000222e-01 3.810872545424718871e-01
4.113281249999999889e-01 3.811979436569891133e-01
4.148437500000000111e-01 3.813096595077646311e-01
4.183593750000000333e-01 3.814224032048176838e-01
4.218750000000000000e-01 3.815361758674336023e-01
4.253906250000000222e-01 3.816509786241438773e-01
4.289062499999999889e-01 3.817668126127067296e-01
4.324218750000000111e-01 3.818836789800876264e-01
4.359375000000000333e-01 3.820015788824390190e-01
4.394531250000000000e-01 3.821205134850806928e-01
4.429687500000000222e-01 3.822404839624801154e-01
4.464843749999999889e-01 3.823614914982327306e-01
4.500000000000000111e-01 3.824835372850415860e-01
4.535156250000000333e-01 3.826066225246977925e-01
4.570312500000000000e-01 3.827307484280609851e-01
4.605468750000000222e-01 3.828559162150385609e-01
4.640624999999999889e-01 3.829821271145666950e-01
4.675781250000000111e-01 3.831093823645896901e-01
4.710937500000000333e-01 3.832376832120407140e-01
4.746093750000000000e-01 3.833670309128207609e-01
4.781250000000000222e-01 3.834974267317802221e-01
4.816406249999999889e-01 3.836288719426979021e-01
4.851562500000000111e-01 3.837613678282608687e-01
4.886718750000000333e-01 3.838949156800455231e-01
4.921875000000000000e-01 3.840295167984967284e-01
4.957031250000000222e-01 3.841651724929082690e-01
4.992187499999999889e-01 3.843018840814032000e-01
5.027343750000000666e-01 3.844396528909128641e-01
5.062499999999999778e-01 3.845784802571583505e-01
5.097656250000000000e-01 3.847183675246296231e-01
5.132812500000000222e-01 3.848593160465659802e-01
5.167968750000000444e-01 3.850013271849361818e-01
5.203125000000000666e-01 3.851444023104183545e-01
5.238281249999999778e-01 3.852885428023807846e-01
5.273437500000000000e-01 3.854337500488610457e-01
5.308593750000000222e-01 3.855800254465474586e-01
5.343750000000000444e-01 3.857273704007581072e-01
5.378906250000000666e-01 3.858757863254221876e-01
5.414062499999999778e-01 3.860252746430594684e-01
5.449218750000000000e-01 3.861758367847610840e-01
5.484375000000000222e-01 3.863274741901696618e-01
5.519531250000000444e-01 3.864801883074595601e-01
5.554687500000000666e-01 3.866339805933181051e-01
5.589843749999999778e-01 3.867888525129249411e-01
5.625000000000000000e-01 3.869448055399331565e-01
5.660156250000000222e-01 3.871018411564497441e-01
5.695312500000000444e-01 3.872599608530160609e-01
5.730468750000000666e-01 3.874191661285885102e-01
5.765624999999999778e-01 3.875794584905194462e-01
5.800781250000000000e-01 3.877408394545371895e-01
5.835937500000000222e-01 3.879033105447280416e-01
5.871093750000000444e-01 3.880668732935154130e-01
5.906250000000000666e-01 3.882315292416422814e-01
5.941406249999999778e-01 3.883972799381509855e-01
5.976562500000000000e-01 3.885641269403651288e-01
6.011718750000000222e-01 3.887320718138696507e-01
6.046875000000000444e-01 3.889011161324926746e-01
6.082031250000000666e-01 3.890712614782865231e-01
6.117187499999999778e-01 3.892425094415083997e-01
6.152343750000000000e-01 3.894148616206022373e-01
6.187500000000000222e-01 3.895883196221797684e-01
6.222656250000000444e-01 3.897628850610019846e-01
6.257812500000000666e-01 3.899385595599608179e-01
6.292968749999999778e-01 3.901153447500605442e-01
6.328125000000000000e-01 3.902932422703989657e-01
6.363281250000000222e-01 3.904722537681496464e-01
6.398437500000000444e-01 3.906523808985433721e-01
6.433593750000000666e-01 3.908336253248503311e-01
6.468749999999999778e-01 3.910159887183614624e-01
6.503906250000000000e-01 3.911994727583708586e-01
6.539062500000000222e-01 3.913840791321576695e-01
6.574218750000000444e-01 3.915698095349681163e-01
6.609375000000000666e-01 3.917566656699978944e-01
6.644531249999999778e-01 3.919446492483744660e-01
6.679687500000000000e-01 3.921337619891393511e-01
6.714843750000000222e-01 3.923240056192303093e-01
6.750000000000000444e-01 3.925153818734644640e-01
6.785156250000000666e-01 3.927078924945204275e-01
6.820312499999999778e-01 3.929015392329213152e-01
6.855468750000000000e-01 3.930963238470173149e-01
6.890625000000000222e-01 3.932922481029688111e-01
6.925781250000000444e-01 3.934893137747291769e-01
6.960937500000000666e-01 3.936875226440278430e-01
6.996093749999999778e-01 3.938868765003534778e-01
7.031250000000000000e-01 3.940873771409372228e-01
7.066406250000000222e-01 3.942890263707365950e-01
7.101562500000000444e-01 3.944918260024176115e-01
7.136718750000000666e-01 3.946957778563395802e-01
7.171874999999999778e-01 3.949008837605381128e-01
7.207031250000000000e-01 3.951071455507091934e-01
7.242187500000000222e-01 3.953145650701925806e-01
7.277343750000000444e-01 3.955231441699560979e-01
7.312500000000000666e-01 3.957328847085793688e-01
7.347656249999999778e-01 3.959437885522383294e-01
7.382812500000000000e-01 3.961558575746888522e-01
7.417968750000000222e-01 3.963690936572517032e-01
7.453125000000000444e-01 3.965834986887963876e-01
7.488281250000000666e-01 3.967990745657261620e-01
7.523437499999999778e-01 3.970158231919623804e-01
7.558593750000000000e-01 3.972337464789291173e-01
7.593750000000000222e-01 3.974528463455386795e-01
7.628906250000000444e-01 3.976731247181755080e-01
7.664062500000000666e-01 3.978945835306820777e-01
7.699218749999999778e-01 3.981172247243434104e-01
7.734375000000000000e-01 3.983410502478730852e-01
7.769531250000000222e-01 3.985660620573978630e-01
7.804687500000000444e-01 3.987922621164433634e-01
7.839843750000000666e-01 3.990196523959201880e-01
7.874999999999999778e-01 3.992482348741088760e-01
7.910156250000000000e-01 3.994780115366456386e-01
7.945312500000000222e-01 3.997089843765091466e-01
7.980468750000000444e-01 3.999411553940056541e-01
8.015625000000000666e-01 4.001745265967555643e-01
8.050781249999999778e-01 4.004090999996794964e-01
8.085937500000000000e-01 4.006448776249847410e-01
8.121093750000000222e-01 4.008818615021516596e-01
8.156250000000000444e-01 4.011200536679198070e-01
8.191406250000000666e-01 4.013594561662755522e-01
8.226562499999999778e-01 4.016000710484380898e-01
8.261718750000000000e-01 4.018419003728463390e-01
8.296875000000000222e-01 4.020849462051463430e-01
8.332031250000000444e-01 4.023292106181781680e-01
8.367187500000000666e-01 4.025746956919631359e-01
8.402343749999999778e-01 4.028214035136907789e-01
8.437500000000000000e-01 4.030693361777070716e-01
8.472656250000000222e-01 4.033184957855012742e-01
8.507812500000000444e-01 4.035688844456940538e-01
8.542968750000000666e-01 4.038205042740246609e-01
8.578124999999999778e-01 4.040733573933393830e-01
8.613281250000000000e-01 4.043274459335794990e-01
8.648437500000000222e-01 4.045827720317689558e-01
8.683593750000000444e-01 4.048393378320026548e-01
8.718750000000000666e-01 4.050971454854351839e-01
8.753906249999999778e-01 4.053561971502689376e-01
8.789062500000000000e-01 4.056164949917426821e-01
8.824218750000000222e-01 4.058780411821198975e-01
8.859375000000000444e-01 4.061408379006781200e-01
8.894531250000000666e-01 4.064048873336972845e-01
8.929687499999999778e-01 4.066701916744488443e-01
8.964843750000000000e-01 4.069367531231848911e-01
9.000000000000000222e-01 4.072045738871273857e-01
9.035156250000000444e-01 4.074736561804571666e-01
9.070312500000000666e-01 4.077440022243034035e-01
9.105468749999999778e-01 4.080156142467332714e-01
9.140625000000000000e-01 4.082884944827414042e-01
9.175781250000000222e-01 4.085626451742395693e-01
9.210937500000000444e-01 4.088380685700466755e-01
9.246093750000000666e-01 4.091147669258782260e-01
9.281249999999999778e-01 4.093927425043363266e-01
9.316406250000000000e-01 4.096719975749010256e-01
9.351562500000000222e-01 4.099525344139183791e-01
9.386718750000000444e-01 4.102343553045922908e-01
9.421875000000000666e-01 4.105174625369746311e-01
9.457031249999999778e-01 4.108018584079553004e-01
9.492187500000000000e-01 4.110875452212533476e-01
9.527343750000000222e-01 4.113745252874071445e-01
9.562500000000000444e-01 4.116628009237657260e-01
9.597656250000000666e-01 4.119523744544789645e-01
9.632812499999999778e-01 4.122432482104895213e-01
9.667968750000000000e-01 4.125354245295226874e-01
9.703125000000000222e-01 4.128289057560787789e-01
9.738281250000000444e-01 4.131236942414231450e-01
9.773437500000000666e-01 4.134197923435785071e-01
9.808593749999999778e-01 4.137172024273162441e-01
9.843750000000000000e-01 4.140159268641472323e-01
9.878906250000000222e-01 4.143159680323138527e-01
9.914062500000000444e-01 4.146173283167824408e-01
9.949218750000000666e-01 4.149200101092331838e-01
9.984374999999999778e-01 4.152240158080541255e-01
1.001953125000000000e+00 4.155293478183315625e-01
1.005468750000000133e+00 4.158360085518428839e-01
1.008984375000000044e+00 4.161440004270481330e-01
1.012499999999999956e+00 4.164533258690825135e-01
1.016015625000000089e+00 4.167639873097488401e-01
1.019531250000000000e+00 4.170759871875093783e-01
1.023046875000000133e+00 4.173893279474784057e-01
1.026562500000000044e+00 4.177040120414151625e-01
1.030078124999999956e+00 4.180200419277155799e-01
1.033593750000000089e+00 4.183374200714057300e-01
1.037109375000000000e+00 4.186561489441340544e-01
1.040625000000000133e+00 4.189762310241640364e-01
1.044140625000000044e+00 4.192976687963676508e-01
1.047656249999999956e+00 4.196204647522175923e-01
1.051171875000000089e+00 4.199446213897807256e-01
1.054687500000000000e+00 4.202701412137108683e-01
1.058203125000000133e+00 4.205970267352421299e-01
1.061718750000000044e+00 4.209252804721815844e-01
1.065234374999999956e+00 4.212549049489029418e-01
1.068750000000000089e+00 4.215859026963399980e-01
1.072265625000000000e+00 4.219182762519793073e-01
1.075781250000000133e+00 4.222520281598544090e-01
1.079296875000000044e+00 4.225871609705382781e-01
1.082812499999999956e+00 4.229236772411377743e-01
1.086328125000000089e+00 4.232615795352868693e-01
1.089843750000000000e+00 4.236008704231398747e-01
1.093359375000000133e+00 4.239415524813656688e-01
1.096875000000000044e+00 4.242836282931411462e-01
1.100390624999999956e+00 4.246271004481447786e-01
1.103906250000000089e+00 4.249719715425506195e-01
1.107421875000000000e+00 4.253182441790223089e-01
1.110937500000000133e+00 4.256659209667065236e-01
1.114453125000000044e+00 4.260150045212270919e-01
1.117968749999999956e+00 4.263654974646793328e-01
1.121484375000000089e+00 4.267174024256230047e-01
1.125000000000000000e+00 4.270707220390773662e-01
1.128515625000000133e+00 4.274254589465149579e-01
1.132031250000000044e+00 4.277816157958554411e-01
1.135546874999999956e+00 4.281391952414594915e-01
1.139062500000000089e+00 4.284981999441237477e-01
1.142578125000000000e+00 4.288586325710743719e-01
1.146093750000000133e+00 4.292204957959611100e-01
1.149609375000000044e+00 4.295837922988521296e-01
1.153124999999999956e+00 4.299485247662274690e-01
1.156640625000000089e+00 4.303146958909738196e-01
1.160156250000000000e+00 4.306823083723788637e-01
1.163671875000000133e+00 4.310513649161250571e-01
1.167187500000000044e+00 4.314218682342844113e-01
1.170703124999999956e+00 4.317938210453123871e-01
1.174218750000000089e+00 4.321672260740426763e-01
1.177734375000000000e+00 4.325420860516808186e-01
1.181250000000000133e+00 4.329184037157992604e-01
1.184765625000000044e+00 4.332961818103315821e-01
1.188281249999999956e+00 4.336754230855661696e-01
1.191796875000000089e+00 4.340561302981413849e-01
1.195312500000000000e+00 4.344383062110392379e-01
1.198828125000000133e+00 4.348219535935803348e-01
1.202343750000000044e+00 4.352070752214174387e-01
1.205859374999999956e+00 4.355936738765308069e-01
1.209375000000000089e+00 4.359817523472214740e-01
1.212890625000000000e+00 4.363713134281060890e-01
1.216406250000000133e+00 4.367623599201113094e-01
1.219921875000000044e+00 4.371548946304676386e-01
1.223437499999999956e+00 4.375489203727039866e-01
1.226953125000000089e+00 4.379444399666417853e-01
1.230468750000000000e+00 4.383414562383894930e-01
1.233984375000000133e+00 4.387399720203366549e-01
1.237500000000000044e+00 4.391399901511472414e-01
1.241015624999999956e+00 4.395415134757557629e-01
1.244531250000000089e+00 4.399445448453591645e-01
1.248046875000000000e+00 4.403490871174124410e-01
1.251562500000000133e+00 4.407551431556218646e-01
1.255078125000000044e+00 4.411627158299398221e-01
1.258593749999999956e+00 4.415718080165579318e-01
1.262109375000000089e+00 4.419824225979015475e-01
1.265625000000000000e+00 4.423945624626237638e-01
1.269140625000000133e+00 4.428082305055988099e-01
1.272656250000000044e+00 4.432234296279162766e-01
1.276171874999999956e+00 4.436401627368747880e-01
1.279687500000000089e+00 4.440584327459755620e-01
1.283203125000000000e+00 4.444782425749166377e-01
1.286718750000000133e+00 4.448995951495861023e-01
1.290234375000000044e+00 4.453224934020555414e-01
1.293749999999999956e+00 4.457469402705743766e-01
1.297265625000000089e+00 4.461729386995622049e-01
1.300781250000000000e+00 4.466004916396033586e-01
1.304296875000000133e+00 4.470296020474396892e-01
1.307812500000000044e+00 4.474602728859636835e-01
1.311328124999999956e+00 4.478925071242122469e-01
1.314843750000000089e+00 4.483263077373595973e-01
1.318359375000000000e+00 4.487616777067104379e-01
1.321875000000000133e+00 4.491986200196932399e-01
1.325390625000000044e+00 4.496371376698526934e-01
1.328906249999999956e+00 4.500772336568428234e-01
1.332421875000000089e+00 4.505189109864207175e-01
1.335937500000000000e+00 4.509621726704376998e-01
1.339453125000000133e+00 4.514070217268332241e-01
1.342968750000000044e+00 4.518534611796274358e-01
1.346484374999999956e+00 4.523014940589127342e-01
1.350000000000000089e+00 4.527511234008473329e-01
1.353515625000000000e+00 4.532023522476469335e-01
1.357031250000000133e+00 4.536551836475772315e-01
1.360546875000000044e+00 4.541096206549463110e-01
1.364062499999999956e+00 4.545656663300966516e-01
1.367578125000000089e+00 4.550233237393965791e-01
1.371093750000000000e+00 4.554825959552331605e-01
1.374609375000000133e+00 4.559434860560032665e-01
1.378125000000000044e+00 4.564059971261055226e-01
1.381640624999999956e+00 4.568701322559323152e-01
1.385156250000000089e+00 4.573358945418606325e-01
1.388671875000000000e+00 4.578032870862440151e-01
1.392187500000000133e+00 4.582723129974038967e-01
1.395703125000000044e+00 4.587429753896202778e-01
1.399218749999999956e+00 4.592152773831236212e-01
1.402734375000000089e+00 4.596892221040853599e-01
1.406250000000000000e+00 4.601648126846090148e-01
1.409765625000000133e+00 4.606420522627209246e-01
1.413281250000000044e+00 4.611209439823609202e-01
1.416796874999999956e+00 4.616014909933724431e-01
1.420312500000000089e+00 4.620836964514943856e-01
1.423828125000000000e+00 4.625675635183498224e-01
1.427343750000000133e+00 4.630530953614371836e-01
1.430859375000000044e+00 4.635402951541200967e-01
1.434374999999999956e+00 4.640291660756172831e-01
1.437890625000000089e+00 4.645197113109927334e-01
1.441406250000000000e+00 4.650119340511449373e-01
1.444921875000000133e+00 4.655058374927973919e-01
1.448437500000000044e+00 4.660014248384868329e-01
1.451953124999999956e+00 4.664986992965534096e-01
1.455468750000000089e+00 4.669976640811303037e-01
1.458984375000000000e+00 4.674983224121315173e-01
1.462500000000000133e+00 4.680006775152424914e-01
1.466015625000000044e+00 4.685047326219074493e-01
1.469531249999999956e+00 4.690104909693190161e-01
1.473046875000000089e+00 4.695179558004065612e-01
1.476562500000000000e+00 4.700271303638243747e-01
1.480078125000000133e+00 4.705380179139405650e-01
1.483593750000000044e+00 4.710506217108247906e-01
1.487109374999999956e+00 4.715649450202361592e-01
1.490625000000000089e+00 4.720809911136111259e-01
1.494140625000000000e+00 4.725987632680520578e-01
1.497656250000000133e+00 4.731182647663136898e-01
1.501171875000000044e+00 4.736394988967910780e-01
1.504687499999999956e+00 4.741624689535069992e-01
1.508203125000000089e+00 4.746871782360991832e-01
1.511718750000000000e+00 4.752136300498069899e-01
1.515234375000000133e+00 4.757418277054586420e-01
1.518750000000000044e+00 4.762717745194574581e-01
1.522265624999999956e+00 4.768034738137689743e-01
1.525781250000000089e+00 4.773369289159070661e-01
1.529296875000000000e+00 4.778721431589203483e-01
1.532812500000000133e+00 4.784091198813781864e-01
1.536328125000000044e+00 4.789478624273567631e-01
1.539843749999999956e+00 4.794883741464246452e-01
1.543359375000000089e+00 4.800306583936289062e-01
1.546875000000000000e+00 4.805747185294804158e-01
1.550390625000000133e+00 4.811205579199386850e-01
1.553906250000000044e+00 4.816681799363980998e-01
1.557421874999999956e+00 4.822175879556720446e-01
1.560937500000000089e+00 4.827687853599783585e-01
1.564453125000000000e+00 4.833217755369235702e-01
1.567968750000000133e+00 4.838765618794877987e-01
1.571484375000000044e+00 4.844331477860096546e-01
1.574999999999999956e+00 4.849915366601691424e-01
1.578515625000000089e+00 4.855517319109730057e-01
1.582031250000000000e+00 4.861137369527379626e-01
1.585546875000000133e+00 4.866775552050749409e-01
1.589062500000000044e+00 4.872431900928726467e-01
1.592578124999999956e+00 4.878106450462803001e-01
1.596093750000000089e+00 4.883799235006920370e-01
1.599609375000000000e+00 4.889510288967293672e-01
1.603125000000000133e+00 4.895239646802241329e-01
1.606640625000000044e+00 4.900987343022015219e-01
1.610156249999999956e+00 4.906753412188626928e-01
1.613671875000000089e+00 4.912537888915675666e-01
1.617187500000000000e+00 4.918340807868162301e-01
1.620703125000000133e+00 4.924162203762323387e-01
1.624218750000000044e+00 4.930002111365440753e-01
1.627734374999999956e+00 4.935860565495667762e-01
1.631250000000000089e+00 4.941737601021841675e-01
1.634765625000000000e+00 4.947633252863297137e-01
1.638281250000000133e+00 4.953547555989689100e-01
1.641796875000000044e+00 4.959480545420795750e-01
1.645312499999999956e+00 4.965432256226334218e-01
1.648828125000000089e+00 4.971402723525762957e-01
1.652343750000000000e+00 4.977391982488098554e-01
1.655859375000000133e+00 4.983400068331717003e-01
1.659375000000000044e+00 4.989427016324157749e-01
1.662890624999999956e+00 4.995472861781924401e-01
1.666406250000000089e+00 5.001537640070288226e-01
1.669921875000000000e+00 5.007621386603089420e-01
1.673437500000000133e+00 5.013724136842534485e-01
1.676953125000000044e+00 5.019845926298991401e-01
1.680468749999999956e+00 5.025986790530783122e-01
1.683984375000000089e+00 5.032146765143985512e-01
1.687500000000000000e+00 5.038325885792216408e-01
1.691015625000000133e+00 5.044524188176426893e-01
1.694531250000000044e+00 5.050741708044688139e-01
1.698046874999999956e+00 5.056978481191986008e-01
1.701562500000000089e+00 5.063234543459996795e-01
1.705078125000000000e+00 5.069509930736884051e-01
1.708593750000000133e+00 5.075804678957069882e-01
1.712109375000000044e+00 5.082118824101025112e-01
1.715624999999999956e+00 5.088452402195045021e-01
1.719140625000000089e+00 5.094805449311032852e-01
1.722656250000000000e+00 5.101178001566276654e-01
1.726171875000000133e+00 5.107570095123218357e-01
1.729687500000000044e+00 5.113981766189239497e-01
1.733203124999999956e+00 5.120413051016430295e-01
1.736718750000000089e+00 5.126863985901356502e-01
1.740234375000000000e+00 5.133334607184840692e-01
1.743750000000000133e+00 5.139824951251725782e-01
1.747265625000000044e+00 5.146335054530646325e-01
1.750781249999999956e+00 5.152864953493792033e-01
1.754296875000000089e+00 5.159414684656677963e-01
1.757812500000000000e+00 5.165984284577911367e-01
1.761328125000000133e+00 5.172573789858947446e-01
1.764843750000000044e+00 5.179183237143856200e-01
1.768359374999999956e+00 5.185812663119090393e-01
1.771875000000000089e+00 5.192462104513233534e-01
1.775390625000000000e+00 5.199131598096777829e-01
1.778906250000000133e+00 5.205821180681855509e-01
1.782421875000000044e+00 5.212530889122024558e-01
1.785937499999999956e+00 5.219260760312005587e-01
1.789453125000000089e+00 5.226010831187446470e-01
1.792968750000000000e+00 5.232781138724675873e-01
1.796484375000000133e+00 5.239571719940450123e-01
1.800000000000000044e+00 5.246382611891717840e-01
1.803515624999999956e+00 5.253213851675366808e-01
1.807031250000000089e+00 5.260065476427964182e-01
1.810546875000000000e+00 5.266937523325530002e-01
1.814062500000000133e+00 5.273830029583259638e-01
1.817578125000000044e+00 5.280743032455301744e-01
1.821093749999999956e+00 5.287676569234480706e-01
1.824609375000000089e+00 5.294630677252061268e-01
1.828125000000000000e+00 5.301605393877486527e-01
1.831640625000000133e+00 5.308600756518131458e-01
1.835156250000000044e+00 5.315616802619043124e-01
1.838671874999999956e+00 5.322653569662691986e-01
1.842187500000000089e+00 5.329711095168713220e-01
1.845703125000000000e+00 5.336789416693651367e-01
1.849218750000000133e+00 5.343888571830706091e-01
1.852734375000000044e+00 5.351008598209479050e-01
1.856249999999999956e+00 5.358149533495717431e-01
1.859765625000000089e+00 5.365311415391047500e-01
1.863281250000000000e+00 5.372494281632739233e-01
1.866796875000000133e+00 5.379698169993429868e-01
1.870312500000000044e+00 5.386923118280875222e-01
1.873828124999999956e+00 5.394169164337698774e-01
1.877343750000000089e+00 5.401436346041128544e-01
1.880859375000000000e+00 5.408724701302737303e-01
1.884375000000000133e+00 5.416034268068203872e-01
1.887890625000000044e+00 5.423365084317033347e-01
1.891406249999999956e+00 5.430717188062323952e-01
1.894921875000000089e+00 5.438090617350492817e-01
1.898437500000000000e+00 5.445485410261037273e-01
1.901953125000000133e+00 5.452901604906276178e-01
1.905468750000000044e+00 5.460339239431086789e-01
1.908984374999999956e+00 5.467798352012663843e-01
1.912500000000000089e+00 5.475278980860263101e-01
1.916015625000000000e+00 5.482781164214944880e-01
1.919531250000000133e+00 5.490304940349330920e-01
1.923046875000000044e+00 5.497850347567352358e-01
1.926562499999999956e+00 5.505417424203995491e-01
1.930078125000000089e+00 5.513006208625061966e-01
1.933593750000000000e+00 5.520616739226913428e-01
1.937109375000000133e+00 5.528249054436232823e-01
1.940625000000000044e+00 5.535903192709776821e-01
1.944140624999999956e+00 5.543579192534133782e-01
1.947656250000000089e+00 5.551277092425477289e-01
1.951171875000000000e+00 5.558996930929336333e-01
1.954687500000000133e+00 5.566738746620344402e-01
1.958203125000000044e+00 5.574502578102011885e-01
1.961718749999999956e+00 5.582288464006486262e-01
1.965234375000000089e+00 5.590096442994314518e-01
1.968750000000000000e+00 5.597926553754225543e-01
1.972265625000000133e+00 5.605778835002885874e-01
1.975781250000000044e+00 5.613653325484679879e-01
1.979296874999999956e+00 5.621550063971478828e-01
1.982812500000000089e+00 5.629469089262426618e-01
1.986328125000000000e+00 5.637410440183712179e-01
1.989843750000000133e+00 5.645374155588358533e-01
1.993359375000000044e+00 5.653360274355991866e-01
1.996874999999999956e+00 5.661368835392648347e-01
2.000390625000000089e+00 5.669399877630552087e-01
2.003906250000000000e+00 5.677453440027908638e-01
2.007421874999999911e+00 5.685529561568709589e-01
2.010937500000000266e+00 5.693628281262517188e-01
2.014453125000000178e+00 5.701749638144284482e-01
2.017968750000000089e+00 5.709893671274144378e-01
2.021484375000000000e+00 5.718060419737232003e-01
2.024999999999999911e+00 5.726249922643483758e-01
2.028515625000000266e+00 5.734462219127468563e-01
2.032031250000000178e+00 5.742697348348198005e-01
2.035546875000000089e+00 5.750955349488958701e-01
2.039062500000000000e+00 5.759236261757130215e-01
2.042578124999999911e+00 5.767540124384026301e-01
2.046093750000000266e+00 5.775866976624730587e-01
2.049609375000000178e+00 5.784216857757934482e-01
2.053125000000000089e+00 5.792589807085787301e-01
2.056640625000000000e+00 5.800985863933747488e-01
2.060156249999999911e+00 5.809405067650431631e-01
2.063671875000000266e+00 5.817847457607487893e-01
2.067187500000000178e+00 5.826313073199451686e-01
2.070703125000000089e+00 5.834801953843615774e-01
2.074218750000000000e+00 5.843314138979922578e-01
2.077734374999999911e+00 5.851849668070827626e-01
2.081250000000000266e+00 5.860408580601199624e-01
2.084765625000000178e+00 5.868990916078213882e-01
2.088281250000000089e+00 5.877596714031250169e-01
2.091796875000000000e+00 5.886226014011803898e-01
2.095312499999999911e+00 5.894878855593392863e-01
2.098828125000000266e+00 5.903555278371481752e-01
2.102343750000000178e+00 5.912255321963415522e-01
2.105859375000000089e+00 5.920979026008339474e-01
2.109375000000000000e+00 5.929726430167150397e-01
2.112890624999999911e+00 5.938497574122438838e-01
2.116406250000000266e+00 5.947292497578458015e-01
2.119921875000000178e+00 5.956111240261067197e-01
2.123437500000000089e+00 5.964953841917721711e-01
2.126953125000000000e+00 5.973820342317446297e-01
2.130468749999999911e+00 5.982710781250816234e-01
2.133984375000000266e+00 5.991625198529968443e-01
2.137500000000000178e+00 6.000563633988590384e-01
2.141015625000000089e+00 6.009526127481948921e-01
2.144531250000000000e+00 6.018512718886908086e-01
2.148046874999999911e+00 6.027523448101955728e-01
2.151562500000000266e+00 6.036558355047256796e-01
2.155078125000000178e+00 6.045617479664693317e-01
2.158593750000000089e+00 6.054700861917943211e-01
2.162109375000000000e+00 6.063808541792532480e-01
2.165624999999999911e+00 6.072940559295934015e-01
2.169140625000000266e+00 6.082096954457650861e-01
2.172656250000000178e+00 6.091277767329323911e-01
2.176171875000000089e+00 6.100483037984851808e-01
2.179687500000000000e+00 6.109712806520508632e-01
2.183203124999999911e+00 6.118967113055091556e-01
2.186718750000000266e+00 6.128245997730059624e-01
2.190234375000000178e+00 6.137549500709706951e-01
2.193750000000000089e+00 6.146877662181338131e-01
2.197265625000000000e+00 6.156230522355439216e-01
2.200781249999999911e+00 6.165608121465900870e-01
2.204296875000000266e+00 6.175010499770210437e-01
2.207812500000000178e+00 6.184437697549693969e-01
2.211328125000000089e+00 6.193889755109747153e-01
2.214843750000000000e+00 6.203366712780101766e-01
2.218359374999999911e+00 6.212868610915076584e-01
2.221875000000000266e+00 6.222395489893872700e-01
2.225390625000000178e+00 6.231947390120872177e-01
2.228906250000000089e+00 6.241524352025944467e-01
2.232421875000000000e+00 6.251126416064776148e-01
2.235937499999999911e+00 6.260753622719221756e-01
2.239453125000000266e+00 6.270406012497655723e-01
2.242968750000000178e+00 6.280083625935355407e-01
2.246484375000000089e+00 6.289786503594887446e-01
2.250000000000000000e+00 6.299514686066522984e-01
2.253515624999999911e+00 6.309268213968661776e-01
2.257031250000000266e+00 6.319047127948280718e-01
2.260546875000000178e+00 6.328851468681393477e-01
2.264062500000000089e+00 6.338681276873527892e-01
2.267578125000000000e+00 6.348536593260234451e-01
2.271093749999999911e+00 6.358417458607599215e-01
2.274609375000000266e+00 6.368323913712778950e-01
2.278125000000000178e+00 6.378255999404562893e-01
2.281640625000000089e+00 6.388213756543947852e-01
2.285156250000000000e+00 6.398197226024735507e-01
2.288671874999999911e+00 6.408206448774149688e-01
2.292187500000000266e+00 6.418241465753476982e-01
2.295703125000000178e+00 6.428302317958725087e-01
2.299218750000000089e+00 6.438389046421311157e-01
2.302734375000000000e+00 6.448501692208752356e-01
2.306249999999999911e+00 6.458640296425409710e-01
2.309765625000000266e+00 6.468804900213223075e-01
2.313281250000000178e+00 6.478995544752494951e-01
2.316796875000000089e+00 6.489212271262680964e-01
2.320312500000000000e+00 6.499455121003203661e-01
2.323828124999999911e+00 6.509724135274319590e-01
2.327343750000000266e+00 6.520019355417967510e-01
2.330859375000000178e+00 6.530340822818669899e-01
2.334375000000000089e+00 6.540688578904461092e-01
2.337890625000000000e+00 6.551062665147826536e-01
2.341406249999999911e+00 6.561463123066677561e-01
2.344921875000000266e+00 6.571889994225352805e-01
2.348437500000000178e+00 6.582343320235648498e-01
2.351953125000000089e+00 6.592823142757875399e-01
2.355468750000000000e+00 6.603329503501935704e-01
2.358984374999999911e+00 6.613862444228442161e-01
2.362500000000000266e+00 6.624422006749860481e-01
2.366015625000000178e+00 6.635008232931676186e-01
2.369531250000000089e+00 6.645621164693600313e-01
2.373046875000000000e+00 6.656260844010808420e-01
2.376562499999999911e+00 6.666927312915189585e-01
2.380078125000000266e+00 6.677620613496654256e-01
2.383593750000000178e+00 6.688340787904454299e-01
2.387109375000000089e+00 6.699087878348545244e-01
2.390625000000000000e+00 6.709861927100984058e-01
2.394140624999999911e+00 6.720662976497349117e-01
2.397656250000000266e+00 6.731491068938197930e-01
2.401171875000000178e+00 6.742346246890570383e-01
2.404687500000000089e+00 6.753228552889516401e-01
2.408203125000000000e+00 6.764138029539656927e-01
2.411718749999999911e+00 6.775074719516791522e-01
2.415234375000000266e+00 6.786038665569530393e-01
2.418750000000000178e+00 6.797029910520977491e-01
2.422265625000000089e+00 6.808048497270436927e-01
2.425781250000000000e+00 6.819094468795167119e-01
2.429296874999999911e+00 6.830167868152170474e-01
2.432812500000000266e+00 6.841268738480026368e-01
2.436328125000000178e+00 6.852397123000748547e-01
2.439843750000000089e+00 6.863553065021714694e-01
2.443359375000000000e+00 6.874736607937602662e-01
2.446874999999999911e+00 6.885947795232384427e-01
2.450390625000000266e+00 6.897186670481363358e-01
2.453906250000000178e+00 6.908453277353256983e-01
2.457421875000000089e+00 6.919747659612306423e-01
2.460937500000000000e+00 6.931069861120451314e-01
2.464453124999999911e+00 6.942419925839533601e-01
2.467968750000000266e+00 6.953797897833557951e-01
2.471484375000000178e+00 6.965203821270982143e-01
2.475000000000000089e+00 6.976637740427076295e-01
2.478515625000000000e+00 6.988099699686306510e-01
2.482031249999999911e+00 6.999589743544785136e-01
2.485546875000000266e+00 7.011107916612755453e-01
2.489062500000000178e+00 7.022654263617131853e-01
2.492578125000000089e+00 7.034228829404085559e-01
2.496093750000000000e+00 7.045831658941688058e-01
2.499609374999999911e+00 7.057462797322604509e-01
2.503125000000000266e+00 7.069122289766824885e-01
2.506640625000000178e+00 7.080810181624461741e-01
2.510156250000000089e+00 7.092526518378603484e-01
2.513671875000000000e+00 7.104271345648203173e-01
2.517187499999999911e+00 7.116044709191042816e-01
2.520703125000000266e+00 7.127846654906735413e-01
2.524218750000000178e+00 7.139677228839803602e-01
2.527734375000000089e+00 7.151536477182778295e-01
2.531250000000000000e+00 7.163424446279402780e-01
2.534765624999999911e+00 7.175341182627850145e-01
2.538281250000000266e+00 7.187286732884035079e-01
2.541796875000000178e+00 7.199261143864947865e-01
2.545312500000000089e+00 7.211264462552096077e-01
2.548828125000000000e+00 7.223296736094952930e-01
2.552343749999999911e+00 7.235358011814515544e-01
2.555859375000000266e+00 7.247448337206888747e-01
2.559375000000000178e+00 7.259567759946963239e-01
2.562890625000000089e+00 7.271716327892123743e-01
2.566406250000000000e+00 7.283894089086058177e-01
2.569921874999999911e+00 7.296101091762596802e-01
2.573437500000000266e+00 7.308337384349654631e-01
2.576953125000000178e+00 7.320603015473199360e-01
2.580468750000000089e+00 7.332898033961328110e-01
2.583984375000000000e+00 7.345222488848379694e-01
2.587499999999999911e+00 7.357576429379133476e-01
2.591015625000000266e+00 7.369959905013084844e-01
2.594531250000000178e+00 7.382372965428765088e-01
2.598046875000000089e+00 7.394815660528167856e-01
2.601562500000000000e+00 7.407288040441211141e-01
2.605078124999999911e+00 7.419790155530316955e-01
2.608593750000000266e+00 7.432322056395012089e-01
2.612109375000000178e+00 7.444883793876659883e-01
2.615625000000000089e+00 7.457475419063224198e-01
2.619140625000000000e+00 7.470096983294132187e-01
2.622656249999999911e+00 7.482748538165215901e-01
2.626171875000000266e+00 7.495430135533718286e-01
2.629687500000000178e+00 7.508141827523395762e-01
2.633203125000000089e+00 7.520883666529689648e-01
2.636718750000000000e+00 7.533655705224986399e-01
2.640234374999999911e+00 7.546457996563953330e-01
2.643750000000000266e+00 7.559290593788965396e-01
2.647265625000000178e+00 7.572153550435610780e-01
2.650781250000000089e+00 7.585046920338283094e-01
2.654296875000000000e+00 7.597970757635865713e-01
2.657812499999999911e+00 7.610925116777498278e-01
2.661328125000000266e+00 7.623910052528422021e-01
2.664843750000000178e+00 7.636925619975931667e-01
2.668359375000000089e+00 7.649971874535412830e-01
2.671875000000000000e+00 7.663048871956459340e-01
2.675390624999999911e+00 7.676156668329097155e-01
2.678906250000000266e+00 7.689295320090097086e-01
2.682421875000000178e+00 7.702464884029374126e-01
2.685937500000000089e+00 7.715665417296493356e-01
2.689453125000000000e+00 7.728896977407262447e-01
2.692968749999999911e+00 7.742159622250430751e-01
2.696484375000000266e+00 7.755453410094486077e-01
2.700000000000000178e+00 7.768778399594540307e-01
2.703515625000000089e+00 7.782134649799318238e-01
2.707031250000000000e+00 7.795522220158270787e-01
2.710546874999999911e+00 7.808941170528753695e-01
2.714062500000000266e+00 7.822391561183343889e-01
2.717578125000000178e+00 7.835873452817236906e-01
2.721093750000000089e+00 7.849386906555768650e-01
2.724609375000000000e+00 7.862931983962027083e-01
2.728124999999999911e+00 7.876508747044590475e-01
2.731640625000000266e+00 7.890117258265358924e-01
2.735156250000000178e+00 7.903757580547507988e-01
2.738671875000000089e+00 7.917429777283548908e-01
2.742187500000000000e+00 7.931133912343509840e-01
2.745703124999999911e+00 7.944870050083217006e-01
2.749218750000000266e+00 7.958638255352701307e-01
2.752734375000000178e+00 7.972438593504722615e-01
2.756250000000000089e+00 7.986271130403416185e-01
2.759765625000000000e+00 8.000135932433036778e-01
2.763281249999999911e+00 8.014033066506853764e-01
2.766796875000000266e+00 8.027962600076148370e-01
2.770312500000000178e+00 8.041924601139334161e-01
2.773828125000000089e+00 8.055919138251215195e-01
2.777343750000000000e+00 8.069946280532354077e-01
2.780859374999999911e+00 8.084006097678582137e-01
2.784375000000000266e+00 8.098098659970623947e-01
2.787890625000000178e+00 8.112224038283868399e-01
2.791406250000000089e+00 8.126382304098247467e-01
2.794921875000000000e+00 8.140573529508270401e-01
2.798437499999999911e+00 8.154797787233190043e-01
2.801953125000000266e+00 8.169055150627275719e-01
2.805468750000000178e+00 8.183345693690262657e-01
2.808984375000000089e+00 8.197669491077919091e-01
2.812500000000000000e+00 8.212026618112749921e-01
2.816015624999999911e+00 8.226417150794846922e-01
2.819531250000000266e+00 8.240841165812888836e-01
2.823046875000000178e+00 8.255298740555270243e-01
2.826562500000000089e+00 8.269789953121391424e-01
2.830078125000000000e+00 8.284314882333081442e-01
2.833593749999999911e+00 8.298873607746182213e-01
2.837109375000000266e+00 8.313466209662270234e-01
2.840625000000000178e+00 8.328092769140547080e-01
2.844140625000000089e+00 8.342753368009860893e-01
2.847656250000000000e+00 8.357448088880905512e-01
2.851171874999999911e+00 8.372177015158559499e-01
2.854687500000000266e+00 8.386940231054396122e-01
2.858203125000000178e+00 8.401737821599328804e-01
2.861718750000000089e+00 8.416569872656464169e-01
2.865234375000000000e+00 8.431436470934063898e-01
2.868749999999999911e+00 8.446337703998707536e-01
2.872265625000000266e+00 8.461273660288612941e-01
2.875781250000000178e+00 8.476244429127122171e-01
2.879296875000000089e+00 8.491250100736356110e-01
2.882812500000000000e+00 8.506290766251041191e-01
2.886328124999999911e+00 8.521366517732522627e-01
2.889843750000000266e+00 8.536477448182924199e-01
2.893359375000000178e+00 8.551623651559518979e-01
2.896875000000000089e+00 8.566805222789255492e-01
2.900390625000000000e+00 8.582022257783468167e-01
2.903906249999999911e+00 8.597274853452776533e-01
2.907421875000000266e+00 8.612563107722173150e-01
2.910937500000000178e+00 8.627887119546276962e-01
2.914453125000000089e+00 8.643246988924797591e-01
2.917968750000000000e+00 8.658642816918178386e-01
2.921484374999999911e+00 8.674074705663434859e-01
2.925000000000000266e+00 8.689542758390172983e-01
2.928515625000000178e+00 8.705047079436840640e-01
2.932031250000000089e+00 8.720587774267125614e-01
2.935546875000000000e+00 8.736164949486597830e-01
2.939062499999999911e+00 8.751778712859520359e-01
2.942578125000000266e+00 8.767429173325897995e-01
2.946093750000000178e+00 8.783116441018694598e-01
2.949609375000000089e+00 8.798840627281281357e-01
2.953125000000000000e+00 8.814601844685099330e-01
2.956640624999999911e+00 8.830400207047508498e-01
2.960156250000000266e+00 8.846235829449877741e-01
2.963671875000000178e+00 8.862108828255872428e-01
2.967187500000000089e+00 8.878019321129976271e-01
2.970703125000000000e+00 8.893967427056215236e-01
2.974218749999999911e+00 8.909953266357115709e-01
2.977734375000000266e+00 8.925976960712889152e-01
2.981250000000000178e+00 8.942038633180829921e-01
2.984765625000000089e+00 8.958138408214957327e-01
2.988281250000000000e+00 8.974276411685881971e-01
2.991796874999999911e+00 8.990452770900894119e-01
2.995312500000000266e+00 9.006667614624312979e-01
2.998828125000000178e+00 9.022921073098044698e-01
3.002343750000000089e+00 9.039213278062403489e-01
3.005859375000000000e+00 9.055544362777155909e-01
3.009374999999999911e+00 9.071914462042818261e-01
3.012890625000000266e+00 9.088323712222208250e-01
3.016406250000000178e+00 9.104772251262218674e-01
3.019921875000000089e+00 9.121260218715869783e-01
3.023437500000000000e+00 9.137787755764597009e-01
3.026953124999999911e+00 9.154355005240802923e-01
3.030468750000000266e+00 9.170962111650651227e-01
3.033984375000000178e+00 9.187609221197140519e-01
3.037500000000000089e+00 9.204296481803415642e-01
3.041015625000000000e+00 9.221024043136365478e-01
3.044531249999999911e+00 9.237792056630462767e-01
3.048046875000000266e+00 9.254600675511895913e-01
3.051562500000000178e+00 9.271450054822939491e-01
3.055078125000000089e+00 9.288340351446628951e-01
3.058593750000000000e+00 9.305271724131676248e-01
3.062109374999999911e+00 9.322244333517690773e-01
3.065625000000000266e+00 9.339258342160653426e-01
3.069140625000000178e+00 9.356313914558684885e-01
3.072656250000000089e+00 9.373411217178080346e-01
3.076171875000000000e+00 9.390550418479641781e-01
3.079687499999999911e+00 9.407731688945291104e-01
3.083203125000000266e+00 9.424955201104954217e-01
3.086718750000000178e+00 9.442221129563759252e-01
3.090234375000000089e+00 9.459529651029492392e-01
3.093750000000000000e+00 9.476880944340385637e-01
3.097265624999999911e+00 9.494275190493151051e-01
3.100781250000000266e+00 9.511712572671336963e-01
3.104296875000000178e+00 9.529193276273986157e-01
3.107812500000000089e+00 9.546717488944564955e-01
3.111328125000000000e+00 9.564285400600209819e-01
3.114843749999999911e+00 9.581897203461262613e-01
3.118359375000000266e+00 9.599553092081116734e-01
3.121875000000000178e+00 9.617253263376348560e-01
3.125390625000000089e+00 9.634997916657170869e-01
3.128906250000000000e+00 9.652787253658174915e-01
3.132421874999999911e+00 9.670621478569370044e-01
3.135937500000000266e+00 9.688500798067549713e-01
3.139453125000000178e+00 9.706425421347943949e-01
3.142968750000000089e+00 9.724395560156176010e-01
3.146484375000000000e+00 9.742411428820541008e-01
3.149999999999999911e+00 9.760473244284568750e-01
3.153515625000000266e+00 9.778581226139897442e-01
3.157031250000000178e+00 9.796735596659472689e-01
3.160546875000000089e+00 9.814936580831009616e-01
3.164062500000000000e+00 9.833184406390802490e-01
3.167578124999999911e+00 9.851479303857805236e-01
3.171093750000000266e+00 9.869821506568032810e-01
3.174609375000000178e+00 9.888211250709247890e-01
3.178125000000000089e+00 9.906648775355966219e-01
3.181640625000000000e+00 9.925134322504740592e-01
3.185156249999999911e+00 9.943668137109753502e-01
3.188671875000000266e+00 9.962250467118696218e-01
3.192187500000000178e+00 9.980881563508954279e-01
3.195703125000000089e+00 9.999561680324058344e-01
3.199218750000000000e+00 1.001829107471044811e+00
3.202734374999999911e+00 1.003707000695450047e+00
3.206250000000000266e+00 1.005589874051985078e+00
3.209765625000000178e+00 1.007477754208498055e+00
3.213281250000000089e+00 1.009370668158108941e+00
3.216796875000000000e+00 1.011268643223023567e+00
3.220312499999999911e+00 1.013171707058371673e+00
3.223828125000000266e+00 1.015079887656075819e+00
3.227343750000000178e+00 1.016993213348741598e+00
3.230859375000000089e+00 1.018911712813573178e+00
3.234375000000000000e+00 1.020835415076315700e+00
3.237890624999999911e+00 1.022764349515219440e+00
3.241406250000000266e+00 1.024698545865027288e+00
3.244921875000000178e+00 1.026638034220984874e+00
3.248437500000000089e+00 1.028582845042871785e+00
3.251953125000000000e+00 1.030533009159055657e+00
3.255468749999999911e+00 1.032488557770562476e+00
3.258984375000000266e+00 1.034449522455170634e+00
3.262500000000000178e+00 1.036415935171517866e+00
3.266015625000000089e+00 1.038387828263231061e+00
3.269531250000000000e+00 1.040365234463067612e+00
3.273046874999999911e+00 1.042348186897075868e+00
3.276562500000000266e+00 1.044336719088765575e+00
3.280078125000000178e+00 1.046330864963293639e+00
3.283593750000000089e+00 1.048330658851662101e+00
3.287109375000000000e+00 1.050336135494923440e+00
3.290624999999999911e+00 1.052347330048398089e+00
3.294140625000000266e+00 1.054364278085897499e+00
3.297656250000000178e+00 1.056387015603952317e+00
3.301171875000000089e+00 1.058415579026048770e+00
3.304687500000000000e+00 1.060450005206864166e+00
3.308203124999999911e+00 1.062490331436504176e+00
3.311718750000000266e+00 1.064536595444741884e+00
3.315234375000000178e+00 1.066588835405252844e+00
3.318750000000000089e+00 1.068647089939843031e+00
3.322265625000000000e+00 1.070711398122677238e+00
3.325781249999999911e+00 1.072781799484492815e+00
3.329296875000000266e+00 1.074858334016806305e+00
3.332812500000000178e+00 1.076941042176106311e+00
3.336328125000000089e+00 1.079029964888031490e+00
3.339843750000000000e+00 1.081125143551532108e+00
3.343359374999999911e+00 1.083226620043011623e+00
3.346875000000000266e+00 1.085334436720445161e+00
3.350390625000000178e+00 1.087448636427472692e+00
3.353906250000000089e+00 1.089569262497468660e+00
3.357421875000000000e+00 1.091696358757574092e+00
3.360937499999999911e+00 1.093829969532703172e+00
3.364453125000000266e+00 1.095970139649508290e+00
3.367968750000000178e+00 1.098116914440308456e+00
3.371484375000000089e+00 1.100270339746972637e+00
3.375000000000000000e+00 1.102430461924760685e+00
3.378515624999999911e+00 1.104597327846112531e+00
3.382031250000000266e+00 1.106770984904386523e+00
3.385546875000000178e+00 1.108951481017540264e+00
3.389062500000000089e+00 1.111138864631753265e+00
3.392578125000000000e+00 1.113333184724983660e+00
3.396093749999999911e+00 1.115534490810459856e+00
3.399609375000000266e+00 1.117742832940100683e+00
3.403125000000000178e+00 1.119958261707858505e+00
3.406640625000000089e+00 1.122180828252984153e+00
3.410156250000000000e+00 1.124410584263207724e+00
3.413671874999999911e+00 1.126647581977830992e+00
3.417187500000000266e+00 1.128891874190727451e+00
3.420703125000000178e+00 1.131143514253244220e+00
3.424218750000000089e+00 1.133402556077004686e+00
3.427734375000000000e+00 1.135669054136600575e+00
3.431249999999999911e+00 1.137943063472176108e+00
3.434765625000000266e+00 1.140224639691894248e+00
3.438281250000000178e+00 1.142513838974280826e+00
3.441796875000000089e+00 1.144810718070443656e+00
3.445312500000000000e+00 1.147115334306157752e+00
3.448828124999999911e+00 1.149427745583815108e+00
3.452343750000000266e+00 1.151748010384232357e+00
3.455859375000000178e+00 1.154076187768307893e+00
3.459375000000000089e+00 1.156412337378527999e+00
3.462890625000000000e+00 1.158756519440311550e+00
3.466406249999999911e+00 1.161108794763193064e+00
3.469921875000000266e+00 1.163469224741830343e+00
3.473437500000000178e+00 1.165837871356840694e+00
3.476953125000000089e+00 1.168214797175451292e+00
3.480468750000000000e+00 1.170600065351962371e+00
3.483984374999999911e+00 1.172993739628015675e+00
3.487500000000000266e+00 1.175395884332665286e+00
3.491015625000000178e+00 1.177806564382236854e+00
3.494531250000000089e+00 1.180225845279980756e+00
3.498046875000000000e+00 1.182653793115501006e+00
3.501562499999999911e+00 1.185090474563965213e+00
3.505078125000000266e+00 1.187535956885077848e+00
3.508593750000000178e+00 1.189990307921823032e+00
3.512109375000000089e+00 1.192453596098961288e+00
3.515625000000000000e+00 1.194925890421275394e+00
3.519140624999999911e+00 1.197407260471567980e+00
3.522656250000000266e+00 1.199897776408391570e+00
3.526171875000000178e+00 1.202397508963516604e+00
3.529687500000000089e+00 1.204906529439124352e+00
3.533203125000000000e+00 1.207424909704724048e+00
3.536718749999999911e+00 1.209952722193785579e+00
3.540234375000000266e+00 1.212490039900079086e+00
3.543750000000000178e+00 1.215036936373726562e+00
3.547265625000000089e+00 1.217593485716947921e+00
3.550781250000000000e+00 1.220159762579503315e+00
3.554296874999999911e+00 1.222735842153826358e+00
3.557812500000000266e+00 1.225321800169838937e+00
3.561328125000000178e+00 1.227917712889450286e+00
3.564843750000000089e+00 1.230523657100726531e+00
3.568359375000000000e+00 1.233139710111736065e+00
3.571874999999999911e+00 1.235765949744058068e+00
3.575390625000000266e+00 1.238402454325956192e+00
3.578906250000000178e+00 1.241049302685209632e+00
3.582421875000000089e+00 1.243706574141601573e+00
3.585937500000000000e+00 1.246374348499059259e+00
3.589453124999999911e+00 1.249052706037443450e+00
3.592968750000000266e+00 1.251741727503983714e+00
3.596484375000000178e+00 1.254441494104358679e+00
3.600000000000000089e+00 1.257152087493419224e+00
3.603515625000000000e+00 1.259873589765550417e+00
3.607031249999999911e+00 1.262606083444670846e+00
3.610546875000000266e+00 1.265349651473872239e+00
3.614062500000000178e+00 1.268104377204690714e+00
3.617578125000000089e+00 1.270870344386019202e+00
3.621093750000000000e+00 1.273647637152648837e+00
3.624609374999999911e+00 1.276436340013448856e+00
3.628125000000000266e+00 1.279236537839182564e+00
3.631640625000000178e+00 1.282048315849955378e+00
3.635156250000000089e+00 1.284871759602303376e+00
3.638671875000000000e+00 1.287706954975917473e+00
3.642187499999999911e+00 1.290553988160009435e+00
3.645703125000000266e+00 1.293412945639316636e+00
3.649218750000000178e+00 1.296283914179754415e+00
3.652734375000000089e+00 1.299166980813710293e+00
3.656250000000000000e+00 1.302062232824992893e+00
3.659765624999999911e+00 1.304969757733429159e+00
3.663281250000000266e+00 1.307889643279120495e+00
3.666796875000000178e+00 1.310821977406357641e+00
3.670312500000000089e+00 1.313766848247201136e+00
3.673828125000000000e+00 1.316724344104730715e+00
3.677343749999999911e+00 1.319694553435966977e+00
3.680859375000000266e+00 1.322677564834474406e+00
3.684375000000000178e+00 1.325673467012646878e+00
3.687890625000000089e+00 1.328682348783684741e+00
3.691406250000000000e+00 1.331704299043267259e+00
3.694921874999999911e+00 1.334739406750927504e+00
3.698437500000000266e+00 1.337787760911136825e+00
3.701953125000000178e+00 1.340849450554104205e+00
3.705468750000000089e+00 1.343924564716298509e+00
3.708984375000000000e+00 1.347013192420702055e+00
3.712499999999999911e+00 1.350115422656800401e+00
3.716015625000000266e+00 1.353231344360317223e+00
3.719531250000000178e+00 1.356361046392701830e+00
3.723046875000000089e+00 1.359504617520380432e+00
3.726562500000000000e+00 1.362662146393774032e+00
3.730078124999999911e+00 1.365833721526095390e+00
3.733593750000000266e+00 1.369019431271932818e+00
3.737109375000000178e+00 1.372219363805628145e+00
3.740625000000000089e+00 1.375433607099460165e+00
3.744140625000000000e+00 1.378662248901640908e+00
3.747656249999999911e+00 1.381905376714134936e+00
3.751171875000000266e+00 1.385163077770308782e+00
3.754687500000000178e+00 1.388435439012425165e+00
3.758203125000000089e+00 1.391722547068984239e+00
3.761718750000000000e+00 1.395024488231928483e+00
3.765234374999999911e+00 1.398341348433715936e+00
3.768750000000000266e+00 1.401673213224277514e+00
3.772265625000000178e+00 1.405020167747857984e+00
3.775781250000000089e+00 1.408382296719764781e+00
3.779296875000000000e+00 1.411759684403023130e+00
3.782812499999999911e+00 1.415152414584952556e+00
3.786328125000000266e+00 1.418560570553675237e+00
3.789843750000000178e+00 1.421984235074566616e+00
3.793359375000000089e+00 1.425423490366656720e+00
3.796875000000000000e+00 1.428878418078995516e+00
3.800390624999999911e+00 1.432349099266990500e+00
3.803906250000000266e+00 1.435835614368729196e+00
3.807421875000000178e+00 1.439338043181296323e+00
3.810937500000000089e+00 1.442856464837096730e+00
3.814453125000000000e+00 1.446390957780193887e+00
3.817968749999999911e+00 1.449941599742678555e+00
3.821484375000000266e+00 1.453508467721073449e+00
3.825000000000000178e+00 1.457091637952790286e+00
3.828515625000000089e+00 1.460691185892645017e+00
3.832031250000000000e+00 1.464307186189447885e+00
3.835546874999999911e+00 1.467939712662676310e+00
3.839062500000000266e+00 1.471588838279242362e+00
3.842578125000000178e+00 1.475254635130368364e+00
3.846093750000000089e+00 1.478937174408577526e+00
3.849609375000000000e+00 1.482636526384817799e+00
3.853124999999999911e+00 1.486352760385723837e+00
3.856640625000000266e+00 1.490085944771034399e+00
3.860156250000000178e+00 1.493836146911171614e+00
3.863671875000000089e+00 1.497603433164997888e+00
3.867187500000000000e+00 1.501387868857763319e+00
3.870703124999999911e+00 1.505189518259246739e+00
3.874218750000000266e+00 1.509008444562112583e+00
3.877734375000000178e+00 1.512844709860491577e+00
3.881250000000000089e+00 1.516698375128791909e+00
3.884765625000000000e+00 1.520569500200760427e+00
3.888281249999999911e+00 1.524458143748800509e+00
3.891796875000000266e+00 1.528364363263558623e+00
3.895312500000000178e+00 1.532288215033791978e+00
3.898828125000000089e+00 1.536229754126528402e+00
3.902343750000000000e+00 1.540189034367527299e+00
3.905859374999999911e+00 1.544166108322057696e+00
3.909375000000000266e+00 1.548161027275994694e+00
3.912890625000000178e+00 1.552173841217257211e+00
3.916406250000000089e+00 1.556204598817584106e+00
3.919921875000000000e+00 1.560253347414668479e+00
3.923437499999999911e+00 1.564320132994653001e+00
3.926953125000000266e+00 1.568405000175000730e+00
3.930468750000000178e+00 1.572507992187741621e+00
3.933984375000000089e+00 1.576629150863113171e+00
3.937500000000000000e+00 1.580768516613592745e+00
3.941015624999999911e+00 1.584926128418337576e+00
3.944531250000000266e+00 1.589102023808027120e+00
3.948046875000000178e+00 1.593296238850127722e+00
3.951562500000000089e+00 1.597508808134568525e+00
3.955078125000000000e+00 1.601739764759845475e+00
3.958593749999999911e+00 1.605989140319551201e+00
3.962109375000000266e+00 1.610256964889327458e+00
3.965625000000000178e+00 1.614543267014253214e+00
3.969140625000000089e+00 1.618848073696657508e+00
3.972656250000000000e+00 1.623171410384359081e+00
3.976171874999999911e+00 1.627513300959336551e+00
3.979687500000000266e+00 1.631873767726812474e+00
3.983203125000000178e+00 1.636252831404762187e+00
3.986718750000000089e+00 1.640650511113827204e+00
3.990234375000000000e+00 1.645066824367634961e+00
3.993749999999999911e+00 1.649501787063510028e+00
3.997265625000000266e+00 1.653955413473569447e+00
4.000781250000000178e+00 1.658427716236187788e+00
4.004296875000000533e+00 1.662918706347821018e+00
4.007812500000000000e+00 1.667428393155168109e+00
4.011328125000000355e+00 1.671956784347657488e+00
4.014843749999999822e+00 1.676503885950239692e+00
4.018359375000000178e+00 1.681069702316459580e+00
4.021875000000000533e+00 1.685654236121792326e+00
4.025390625000000000e+00 1.690257488357212790e+00
4.028906250000000355e+00 1.694879458322974042e+00
4.032421874999999822e+00 1.699520143622569535e+00
4.035937500000000178e+00 1.704179540156838257e+00
4.039453125000000533e+00 1.708857642118193798e+00
4.042968750000000000e+00 1.713554441984932897e+00
4.046484375000000355e+00 1.718269930515591071e+00
4.049999999999999822e+00 1.723004096743306457e+00
4.053515625000000178e+00 1.727756927970152567e+00
4.057031250000000533e+00 1.732528409761397103e+00
4.060546875000000000e+00 1.737318525939643532e+00
4.064062500000000355e+00 1.742127258578811677e+00
4.067578124999999822e+00 1.746954587997907593e+00
4.071093750000000178e+00 1.751800492754538308e+00
4.074609375000000533e+00 1.756664949638122142e+00
4.078125000000000000e+00 1.761547933662738874e+00
4.081640625000000355e+00 1.766449418059577336e+00
4.085156249999999822e+00 1.771369374268922936e+00
4.088671875000000178e+00 1.776307771931636026e+00
4.092187500000000533e+00 1.781264578880065397e+00
4.095703125000000000e+00 1.786239761128350700e+00
4.099218750000000355e+00 1.791233282862060294e+00
4.102734374999999822e+00 1.796245106427109661e+00
4.106250000000000178e+00 1.801275192317918883e+00
4.109765625000000533e+00 1.806323499164756541e+00
4.113281250000000000e+00 1.811389983720224972e+00
4.116796875000000355e+00 1.816474600844846687e+00
4.120312499999999822e+00 1.821577303491702882e+00
4.123828125000000178e+00 1.826698042690100721e+00
4.127343750000000533e+00 1.831836767528220111e+00
4.130859375000000000e+00 1.836993425134719526e+00
4.134375000000000355e+00 1.842167960659271131e+00
4.137890624999999822e+00 1.847360317252001005e+00
4.141406250000000178e+00 1.852570436041819590e+00
4.144921875000000533e+00 1.857798256113623925e+00
4.148437500000000000e+00 1.863043714484362567e+00
4.151953125000000355e+00 1.868306746077958547e+00
4.155468749999999822e+00 1.873587283699084338e+00
4.158984375000000178e+00 1.878885258005789538e+00
4.162500000000000533e+00 1.884200597480988115e+00
4.166015625000000000e+00 1.889533228402817677e+00
4.169531250000000355e+00 1.894883074813887180e+00
4.173046874999999822e+00 1.900250058489436178e+00
4.176562500000000178e+00 1.905634098904456231e+00
4.180078125000000533e+00 1.911035113199814450e+00
4.183593750000000000e+00 1.916453016147467103e+00
4.187109375000000355e+00 1.921887720114851650e+00
4.190624999999999822e+00 1.927339135028586448e+00
4.194140625000000178e+00 1.932807168337634440e+00
4.197656250000000533e+00 1.938291724976117791e+00
4.201171875000000000e+00 1.943792707326006841e+00
4.204687500000000355e+00 1.949310015179932964e+00
4.208203124999999822e+00 1.954843545704412877e+00
4.211718750000000178e+00 1.960393193403775491e+00
4.215234375000000533e+00 1.965958850085113063e+00
4.218750000000000000e+00 1.971540404824565940e+00
4.222265625000000355e+00 1.977137743935254433e+00
4.225781249999999822e+00 1.982750750937141593e+00
4.229296875000000178e+00 1.988379306529096002e+00
4.232812500000000533e+00 1.994023288563384178e+00
4.236328125000000000e+00 1.999682572022795757e+00
4.239843750000000355e+00 2.005357029000568225e+00
4.243359374999999822e+00 2.011046528683262835e+00
4.246875000000000178e+00 2.016750937336717620e+00
4.250390625000000533e+00 2.022470118295219166e+00
4.253906250000000000e+00 2.028203931954025929e+00
4.257421875000000355e+00 2.033952235765418060e+00
4.260937499999999822e+00 2.039714884238474468e+00
4.264453125000000178e+00 2.045491728942811172e+00
4.267968750000000533e+00 2.051282618516577561e+00
4.271484375000000000e+00 2.057087398679009471e+00
4.275000000000000355e+00 2.062905912247899209e+00
4.278515624999999822e+00 2.068737999162336472e+00
4.282031250000000178e+00 2.074583496511071434e+00
4.285546875000000533e+00 2.080442238566849511e+00
4.289062500000000000e+00 2.086314056827005992e+00
4.292578125000000355e+00 2.092198780060588348e+00
4.296093749999999822e+00 2.098096234362184287e+00
4.299609375000000178e+00 2.104006243212600324e+00
4.303125000000000533e+00 2.109928627546434843e+00
4.306640625000000000e+00 2.115863205826549631e+00
4.310156250000000355e+00 2.121809794125374182e+00
4.313671874999999822e+00 2.127768206212917068e+00
4.317187500000000178e+00 2.133738253651339178e+00
4.320703125000000533e+00 2.139719745895887648e+00
4.324218750000000000e+00 2.145712490401981754e+00
4.327734375000000355e+00 2.151716292738204750e+00
4.331249999999999822e+00 2.157730956704964065e+00
4.334765625000000178e+00 2.163756284458516532e+00
4.338281250000000533e+00 2.169792076640066902e+00
4.341796875000000000e+00 2.175838132509558598e+00
4.345312500000000355e+00 2.181894250083741937e+00
4.348828124999999822e+00 2.187960226277985143e+00
4.352343750000000178e+00 2.194035857051217064e+00
4.355859375000000533e+00 2.200120937553259992e+00
4.359375000000000000e+00 2.206215262273673261e+00
4.362890625000000355e+00 2.212318625191136423e+00
4.366406249999999822e+00 2.218430819922279973e+00
4.369921875000000178e+00 2.224551639868825426e+00
4.373437500000000533e+00 2.230680878361870789e+00
4.376953125000000000e+00 2.236818328802208100e+00
4.380468750000000355e+00 2.242963784795678706e+00
4.383984374999999822e+00 2.249117040282738511e+00
4.387500000000000178e+00 2.255277889661638113e+00
4.391015625000000533e+00 2.261446127904922498e+00
4.394531250000000000e+00 2.267621550669224106e+00
4.398046875000000355e+00 2.273803954398646354e+00
4.401562499999999822e+00 2.279993136422293176e+00
4.405078125000000178e+00 2.286188895046704861e+00
4.408593750000000533e+00 2.292391029644121225e+00
4.412109375000000000e+00 2.298599340737526475e+00
4.415625000000000355e+00 2.304813630083394571e+00
4.419140624999999822e+00 2.311033700752937570e+00
4.422656250000000178e+00 2.317259357212443138e+00
4.426171875000000533e+00 2.323490405403054737e+00
4.429687500000000000e+00 2.329726652820059307e+00
4.433203125000000355e+00 2.335967908591477737e+00
4.436718749999999822e+00 2.342213983555510914e+00
4.440234375000000178e+00 2.348464690336166782e+00
4.443750000000000533e+00 2.354719843416261504e+00
4.447265625000000000e+00 2.360979259206891889e+00
4.450781250000000355e+00 2.367242756112439395e+00
4.454296874999999822e+00 2.373510154590175780e+00
4.457812500000000178e+00 2.379781277203608880e+00
4.461328125000000533e+00 2.386055948668786897e+00
4.464843750000000000e+00 2.392333995892866660e+00
4.468359375000000355e+00 2.398615248004394296e+00
4.471874999999999822e+00 2.404899536374859537e+00
4.475390625000000178e+00 2.411186694631243466e+00
4.478906250000000533e+00 2.417476558659442443e+00
4.482421875000000000e+00 2.423768966598650820e+00
4.485937500000000355e+00 2.430063758826992881e+00
4.489453124999999822e+00 2.436360777938947564e+00
4.492968750000000178e+00 2.442659868715330695e+00
4.496484375000000533e+00 2.448960878086889004e+00
4.500000000000000000e+00 2.455263655092751129e+00
4.503515625000000355e+00 2.461568050835191812e+00
4.507031249999999822e+00 2.467873918432281322e+00
4.510546875000000178e+00 2.474181112970056162e+00
4.514062500000000533e+00 2.480489491455789342e+00
4.517578125000000000e+00 2.486798912773804382e+00
4.521093750000000355e+00 2.493109237645007248e+00
4.524609374999999822e+00 2.499420328590977292e+00
4.528125000000000178e+00 2.505732049902994696e+00
4.531640625000000533e+00 2.512044267615933357e+00
4.535156250000000000e+00 2.518356849486405480e+00
4.538671875000000355e+00 2.524669664974115157e+00
4.542187499999999822e+00 2.530982585224973214e+00
4.545703125000000178e+00 2.537295483054280432e+00
4.549218750000000533e+00 2.543608232928165513e+00
4.552734375000000000e+00 2.549920710941538715e+00
4.556250000000000355e+00 2.556232794790950003e+00
4.559765624999999822e+00 2.562544363741099396e+00
4.563281250000000178e+00 2.568855298584020730e+00
4.566796875000000533e+00 2.575165481590322436e+00
4.570312500000000000e+00 2.581474796452168263e+00
4.573828125000000355e+00 2.587783128217902018e+00
4.577343749999999822e+00 2.594090363218386042e+00
4.580859375000000178e+00 2.600396388985271923e+00
4.584375000000000533e+00 2.606701094161533838e+00
4.587890625000000000e+00 2.613004368404765465e+00
4.591406250000000355e+00 2.619306102283945670e+00
4.594921874999999822e+00 2.625606187170654415e+00
4.598437500000000178e+00 2.631904515126005428e+00
4.601953125000000533e+00 2.638200978784833950e+00
4.605468750000000000e+00 2.644495471238875517e+00
4.608984375000000355e+00 2.650787885920701914e+00
4.612499999999999822e+00 2.657078116490056985e+00
4.616015625000000178e+00 2.663366056723903696e+00
4.619531250000000533e+00 2.669651600411028447e+00
4.623046875000000000e+00 2.675934641251442869e+00
4.626562500000000355e+00 2.682215072760250507e+00
4.630078124999999822e+00 2.688492788175123493e+00
4.633593750000000178e+00 2.694767680366170204e+00
4.637109375000000533e+00 2.701039641746842079e+00
4.640625000000000000e+00 2.707308564184614852e+00
4.644140625000000355e+00 2.713574338910463624e+00
4.647656249999999822e+00 2.719836856426598892e+00
4.651171875000000178e+00 2.726096006412465300e+00
4.654687500000000533e+00 2.732351677629463182e+00
4.658203125000000000e+00 2.738603757825294416e+00
4.661718750000000355e+00 2.744852133639054337e+00
4.665234374999999822e+00 2.751096690508266107e+00
4.668750000000000178e+00 2.757337312578964195e+00
4.672265625000000533e+00 2.763573882619673405e+00
4.675781250000000000e+00 2.769806281939835024e+00
4.679296875000000355e+00 2.776034390312904776e+00
4.682812499999999822e+00 2.782258085904065759e+00
4.686328125000000178e+00 2.788477245202336086e+00
4.689843750000000533e+00 2.794691742956803004e+00
4.693359375000000000e+00 2.800901452116816959e+00
4.696875000000000355e+00 2.807106243776147814e+00
4.700390624999999822e+00 2.813305987121404783e+00
4.703906250000000178e+00 2.819500549385313359e+00
4.707421875000000533e+00 2.825689795805694793e+00
4.710937500000000000e+00 2.831873589591237028e+00
4.714453125000000355e+00 2.838051791895227716e+00
4.717968749999999822e+00 2.844224261798427911e+00
4.721484375000000178e+00 2.850390856302153608e+00
4.725000000000000533e+00 2.856551430332411989e+00
4.728515625000000000e+00 2.862705836755652378e+00
4.732031250000000355e+00 2.868853926406391253e+00
4.735546874999999822e+00 2.874995548126598521e+00
4.739062500000000178e+00 2.881130548816489778e+00
4.742578125000000533e+00 2.887258773496060194e+00
4.746093750000000000e+00 2.893380065376571775e+00
4.749609375000000355e+00 2.899494265941051196e+00
4.753124999999999822e+00 2.905601215032873164e+00
4.756640625000000178e+00 2.911700750951506933e+00
4.760156250000000533e+00 2.917792710554619973e+00
4.763671875000000000e+00 2.923876929365841093e+00
4.767187500000000355e+00 2.929953241687643484e+00
4.770703124999999822e+00 2.936021480718944865e+00
4.774218750000000178e+00 2.942081478677154749e+00
4.777734375000000533e+00 2.948133066924492951e+00
4.781250000000000000e+00 2.954176076098486092e+00
4.784765625000000355e+00 2.960210336246579921e+00
4.788281249999999822e+00 2.966235676964781742e+00
4.791796875000000178e+00 2.972251927540253469e+00
4.795312500000000533e+00 2.978258917097666991e+00
4.798828125000000000e+00 2.984256474749096277e+00
4.802343750000000355e+00 2.990244429747105137e+00
4.805859374999999822e+00 2.996222611640603439e+00
4.809375000000000178e+00 3.002190850432965519e+00
4.812890625000000533e+00 3.008148976741805036e+00
4.816406250000000000e+00 3.014096821959761030e+00
4.819921875000000355e+00 3.020034218415571736e+00
4.823437499999999822e+00 3.025960999534709650e+00
4.826953125000000178e+00 3.031876999998796229e+00
4.830468750000000533e+00 3.037782055903051948e+00
4.833984375000000000e+00 3.043676004911008981e+00
4.837500000000000355e+00 3.049558686405759111e+00
4.841015624999999822e+00 3.055429941637016533e+00
4.844531250000000178e+00 3.061289613863343195e+00
4.848046875000000533e+00 3.067137548488886090e+00
4.851562500000000000e+00 3.072973593194070929e+00
4.855078125000000355e+00 3.078797598059725082e+00
4.858593749999999822e+00 3.084609415684195888e+00
4.862109375000000178e+00 3.090408901293075772e+00
4.865625000000000533e+00 3.096195912841264608e+00
4.869140625000000000e+00 3.101970311107150824e+00
4.872656250000000355e+00 3.107731959778812225e+00
4.876171874999999822e+00 3.113480725532212112e+00
4.879687500000000178e+00 3.119216478101460410e+00
4.883203125000000533e+00 3.124939090341285031e+00
4.886718750000000000e+00 3.130648438281934176e+00
4.890234375000000355e+00 3.136344401176771157e+00
4.893749999999999822e+00 3.142026861542866811e+00
4.897265625000000178e+00 3.147695705194888838e+00
4.900781250000000533e+00 3.153350821272605131e+00
4.904296875000000000e+00 3.158992102262258683e+00
4.907812500000000355e+00 3.164619444012044092e+00
4.911328124999999822e+00 3.170232745741865088e+00
4.914843750000000178e+00 3.175831910047483664e+00
4.918359375000000533e+00 3.181416842899109199e+00
4.921875000000000000e+00 3.186987453634460898e+00
4.925390625000000355e+00 3.192543654946251586e+00
4.928906249999999822e+00 3.198085362864097725e+00
4.932421875000000178e+00 3.203612496730797066e+00
4.935937500000000533e+00 3.209124979173008541e+00
4.939453125000000000e+00 3.214622736066383268e+00
4.942968750000000355e+00 3.220105696495282999e+00
4.946484374999999822e+00 3.225573792707288501e+00
4.950000000000000178e+00 3.231026960062802988e+00
4.953515625000000533e+00 3.236465136980097412e+00
4.957031250000000000e+00 3.241888264876255477e+00
4.960546875000000355e+00 3.247296288104483786e+00
4.964062499999999822e+00 3.252689153888304485e+00
4.967578125000000178e+00 3.258066812253141542e+00
4.971093750000000533e+00 3.263429215955778950e+00
4.974609375000000000e+00 3.268776320412145608e+00
4.978125000000000355e+00 3.274108083623815002e+00
4.981640624999999822e+00 3.279424466103524338e+00
4.985156250000000178e+00 3.284725430799988466e+00
4.988671875000000533e+00 3.290010943022176448e+00
4.992187500000000000e+00 3.295280970363199557e+00
4.995703125000000355e+00 3.300535482623915939e+00
4.999218749999999822e+00 3.305774451736334996e+00
5.002734375000000178e+00 3.310997851686910298e+00
5.006250000000000533e+00 3.316205658439829396e+00
5.009765625000000000e+00 3.321397849860423079e+00
5.013281250000000355e+00 3.326574405638857534e+00
5.016796874999999822e+00 3.331735307214302999e+00
5.020312500000000178e+00 3.336880537699771665e+00
5.023828125000000533e+00 3.342010081807867738e+00
5.027343750000000000e+00 3.347123925777658826e+00
5.030859375000000355e+00 3.352222057302876479e+00
5.034374999999999822e+00 3.357304465461623977e+00
5.037890625000000178e+00 3.362371140647758772e+00
5.041406250000000533e+00 3.367422074504037965e+00
5.044921875000000000e+00 3.372457259857131184e+00
5.048437500000000355e+00 3.377476690654545699e+00
5.051953124999999822e+00 3.382480361903493549e+00
5.055468750000000178e+00 3.387468269611750848e+00
5.058984375000000533e+00 3.392440410730532818e+00
5.062500000000000000e+00 3.397396783099462247e+00
5.066015625000000355e+00 3.402337385393713109e+00
5.069531249999999822e+00 3.407262217073459887e+00
5.073046875000000178e+00 3.412171278335807578e+00
5.076562500000000533e+00 3.417064570069391571e+00
5.080078125000000000e+00 3.421942093811889407e+00
5.083593750000000355e+00 3.426803851710678472e+00
5.087109374999999822e+00 3.431649846486898525e+00
5.090625000000000178e+00 3.436480081403162856e+00
5.094140625000000533e+00 3.441294560235111710e+00
5.097656250000000000e+00 3.446093287247018466e+00
5.101171875000000355e+00 3.450876267171554268e+00
5.104687499999999822e+00 3.455643505193807918e+00
5.108203125000000178e+00 3.460395006939575246e+00
5.111718750000000533e+00 3.465130778467890860e+00
5.115234375000000000e+00 3.469850826267721899e+00
5.118750000000000355e+00 3.474555157258694571e+00
5.122265624999999822e+00 3.479243778795703790e+00
5.125781250000000178e+00 3.483916698677210100e+00
5.129296875000000533e+00 3.488573925157057332e+00
5.132812500000000000e+00 3.493215466959586735e+00
5.136328125000000355e+00 3.497841333297894373e+00
5.139843749999999822e+00 3.502451533895053259e+00
5.143359375000000178e+00 3.507046079008152795e+00
5.146875000000000533e+00 3.511624979455064022e+00
5.150390625000000000e+00 3.516188246643810356e+00
5.153906250000000355e+00 3.520735892604516692e+00
5.157421874999999822e+00 3.525267930023868068e+00
5.160937500000000178e+00 3.529784372282062321e+00
5.164453125000000533e+00 3.534285233492244771e+00
5.167968750000000000e+00 3.538770528542406701e+00
5.171484375000000355e+00 3.543240273139709018e+00
5.174999999999999822e+00 3.547694483857224412e+00
5.178515625000000178e+00 3.552133178183011886e+00
5.182031250000000533e+00 3.556556374571469448e+00
5.185546875000000000e+00 3.560964092496832656e+00
5.189062500000000355e+00 3.565356352508714188e+00
5.192578124999999822e+00 3.569733176289490828e+00
5.196093750000000178e+00 3.574094586713381538e+00
5.199609375000000533e+00 3.578440607906978599e+00
5.203125000000000000e+00 3.582771265311024855e+00
5.206640625000000355e+00 3.587086585743196387e+00
5.210156249999999822e+00 3.591386597461628583e+00
5.213671875000000178e+00 3.595671330228954687e+00
5.217187500000000533e+00 3.599940815376611702e+00
5.220703125000000000e+00 3.604195085869155157e+00
5.224218750000000355e+00 3.608434176368396251e+00
5.227734374999999822e+00 3.612658123297109114e+00
5.231250000000000178e+00 3.616866964902146542e+00
5.234765625000000533e+00 3.621060741316772802e+00
5.238281250000000000e+00 3.625239494622057634e+00
5.241796875000000355e+00 3.629403268907175573e+00
5.245312499999999822e+00 3.633552110328506224e+00
5.248828125000000178e+00 3.637686067167369863e+00
5.252343750000000533e+00 3.641805189886332617e+00
5.255859375000000000e+00 3.645909531183932017e+00
5.259375000000000355e+00 3.649999146047737675e+00
5.262890624999999822e+00 3.654074091805633362e+00
5.266406250000000178e+00 3.658134428175210395e+00
5.269921875000000533e+00 3.662180217311164832e+00
5.273437500000000000e+00 3.666211523850586573e+00
5.276953125000000355e+00 3.670228414956028473e+00
5.280468749999999822e+00 3.674230960356239528e+00
5.283984375000000178e+00 3.678219232384463133e+00
5.287500000000000533e+00 3.682193306014185374e+00
5.291015625000000000e+00 3.686153258892239215e+00
5.294531250000000355e+00 3.690099171369180198e+00
5.298046874999999822e+00 3.694031126526846620e+00
5.301562500000000178e+00 3.697949210203038461e+00
5.305078125000000533e+00 3.701853511013266207e+00
5.308593750000000000e+00 3.705744120369520278e+00
5.312109375000000355e+00 3.709621132496034868e+00
5.315624999999999822e+00 3.713484644442037741e+00
5.319140625000000178e+00 3.717334756091479342e+00
5.322656250000000533e+00 3.721171570169745202e+00
5.326171875000000000e+00 3.724995192247384956e+00
5.329687500000000355e+00 3.728805730740875735e+00
5.333203124999999822e+00 3.732603296910466995e+00
5.336718750000000178e+00 3.736388004855137446e+00
5.340234375000000533e+00 3.740159971504723124e+00
5.343750000000000000e+00 3.743919316609259695e+00
5.347265625000000355e+00 3.747666162725600714e+00
5.350781249999999822e+00 3.751400635201354916e+00
5.354296875000000178e+00 3.755122862156213159e+00
5.357812500000000533e+00 3.758832974460712073e+00
5.361328125000000000e+00 3.762531105712506374e+00
5.364843750000000355e+00 3.766217392210198689e+00
5.368359374999999822e+00 3.769891972924802381e+00
5.371875000000000178e+00 3.773554989468903109e+00
5.375390625000000533e+00 3.777206586063593718e+00
5.378906250000000000e+00 3.780846909503246422e+00
5.382421875000000355e+00 3.784476109118228848e+00
5.385937499999999822e+00 3.788094336735623457e+00
5.389453125000000178e+00 3.791701746638063586e+00
5.392968750000000533e+00 3.795298495520775361e+00
5.396484375000000000e+00 3.798884742446926310e+00
5.400000000000000355e+00 3.802460648801399223e+00
5.403515624999999822e+00 3.806026378243090758e+00
5.407031250000000178e+00 3.809582096655868000e+00
5.410546875000000533e+00 3.813127972098294016e+00
5.414062500000000000e+00 3.816664174752250283e+00
5.417578125000000355e+00 3.820190876870589669e+00
5.421093749999999822e+00 3.823708252723930556e+00
5.424609375000000178e+00 3.827216478546753287e+00
5.428125000000000533e+00 3.830715732482889546e+00
5.431640625000000000e+00 3.834206194530564993e+00
5.435156250000000355e+00 3.837688046487094162e+00
5.438671874999999822e+00 3.841161471893371537e+00
5.442187500000000178e+00 3.844626655978248486e+00
5.445703125000000533e+00 3.848083785602931961e+00
5.449218750000000000e+00 3.851533049205491110e+00
5.452734375000000355e+00 3.854974636745586380e+00
5.456249999999999822e+00 3.858408739649496599e+00
5.459765625000000178e+00 3.861835550755552404e+00
5.463281250000000533e+00 3.865255264260038182e+00
5.466796875000000000e+00 3.868668075663651784e+00
5.470312500000000355e+00 3.872074181718591745e+00
5.473828124999999822e+00 3.875473780376337274e+00
5.477343750000000178e+00 3.878867070736187195e+00
5.480859375000000533e+00 3.882254252994611576e+00
5.484375000000000000e+00 3.885635528395485316e+00
5.487890625000000355e+00 3.889011099181233444e+00
5.491406249999999822e+00 3.892381168544956971e+00
5.494921875000000178e+00 3.895745940583560607e+00
5.498437500000000533e+00 3.899105620251932081e+00
5.501953125000000000e+00 3.902460413318198817e+00
5.505468750000000355e+00 3.905810526320082410e+00
5.508984374999999822e+00 3.909156166522377518e+00
5.512500000000000178e+00 3.912497541875562312e+00
5.516015625000000533e+00 3.915834860975555110e+00
5.519531250000000000e+00 3.919168333024610540e+00
5.523046875000000355e+00 3.922498167793371682e+00
5.526562499999999822e+00 3.925824575584052845e+00
5.530078125000000178e+00 3.929147767194769436e+00
5.533593750000000533e+00 3.932467953884982492e+00
5.537109375000000000e+00 3.935785347342070750e+00
5.540625000000000355e+00 3.939100159648996957e+00
5.544140624999999822e+00 3.942412603253073300e+00
5.547656250000000178e+00 3.945722890935796645e+00
5.551171875000000533e+00 3.949031235783756699e+00
5.554687500000000000e+00 3.952337851160584670e+00
5.558203125000000355e+00 3.955642950679942871e+00
5.561718749999999822e+00 3.958946748179530406e+00
5.565234375000000178e+00 3.962249457696089827e+00
5.568750000000000533e+00 3.965551293441408554e+00
5.572265625000000000e+00 3.968852469779276859e+00
5.575781250000000355e+00 3.972153201203414419e+00
5.579296874999999822e+00 3.975453702316317006e+00
5.582812500000000178e+00 3.978754187809026455e+00
5.586328125000000533e+00 3.982054872441795901e+00
5.589843750000000000e+00 3.985355971025631217e+00
5.593359375000000355e+00 3.988657698404687757e+00
5.596874999999999822e+00 3.991960269439506881e+00
5.600390625000000178e+00 3.995263898991062046e+00
5.603906250000000533e+00 3.998568801905594938e+00
5.607421875000000000e+00 4.001875193000218545e+00
5.610937500000000355e+00 4.005183287049263186e+00
5.614453124999999822e+00 4.008493298771334423e+00
5.617968750000000178e+00 4.011805442817053091e+00
5.621484375000000533e+00 4.015119933757462789e+00
5.625000000000000000e+00 4.018436986073041339e+00
5.628515625000000355e+00 4.021756814143333081e+00
5.632031249999999822e+00 4.025079632237117622e+00
5.635546875000000178e+00 4.028405654503121269e+00
5.639062500000000533e+00 4.031735094961222288e+00
5.642578125000000000e+00 4.035068167494110014e+00
5.646093750000000355e+00 4.038405085839379183e+00
5.649609374999999822e+00 4.041746063582017712e+00
5.653125000000000178e+00 4.045091314147259531e+00
5.656640625000000533e+00 4.048441050793746498e+00
5.660156250000000000e+00 4.051795486607005614e+00
5.663671875000000355e+00 4.055154834493152727e+00
5.667187499999999822e+00 4.058519307172822721e+00
5.670703125000000178e+00 4.061889117175263131e+00
5.674218750000000533e+00 4.065264476832552987e+00
5.677734375000000000e+00 4.068645598273885611e+00
5.681250000000000355e+00 4.072032693419876281e+00
5.684765624999999822e+00 4.075425973976836147e+00
5.688281250000000178e+00 4.078825651430927124e+00
5.691796875000000533e+00 4.082231937042177350e+00
5.695312500000000000e+00 4.085645041838253277e+00
5.698828125000000355e+00 4.089065176607925345e+00
5.702343749999999822e+00 4.092492551894185482e+00
5.705859375000000178e+00 4.095927377986898321e+00
5.709375000000000533e+00 4.099369864914960360e+00
5.712890625000000000e+00 4.102820222437848940e+00
5.716406250000000355e+00 4.106278660036533523e+00
5.719921874999999822e+00 4.109745386903620457e+00
5.723437500000000178e+00 4.113220611932716153e+00
5.726953125000000533e+00 4.116704543706876329e+00
5.730468750000000000e+00 4.120197390486115552e+00
5.733984375000000355e+00 4.123699360193862518e+00
5.737499999999999822e+00 4.127210660402322873e+00
5.741015625000000178e+00 4.130731498316647432e+00
5.744531250000000533e+00 4.134262080757864055e+00
5.748046875000000000e+00 4.137802614144479918e+00
5.751562500000000355e+00 4.141353304472721319e+00
5.755078124999999822e+00 4.144914357295319540e+00
5.758593750000000178e+00 4.148485977698813443e+00
5.762109375000000533e+00 4.152068370279295095e+00
5.765625000000000000e+00 4.155661739116569109e+00
5.769140625000000355e+00 4.159266287746669732e+00
5.772656249999999822e+00 4.162882219132693074e+00
5.776171875000000178e+00 4.166509735633928457e+00
5.779687500000000533e+00 4.170149038973235633e+00
5.783203125000000000e+00 4.173800330202649178e+00
5.786718750000000355e+00 4.177463809667196770e+00
5.790234374999999822e+00 4.181139676966909136e+00
5.793750000000000178e+00 4.184828130916999456e+00
5.797265625000000533e+00 4.188529369506241551e+00
5.800781250000000000e+00 4.192243589853510422e+00
5.804296875000000355e+00 4.195970988162532223e+00
5.807812499999999822e+00 4.199711759674844558e+00
5.811328125000000178e+00 4.203466098620996405e+00
5.814843750000000533e+00 4.207234198170036521e+00
5.818359375000000000e+00 4.211016250377316084e+00
5.821875000000000355e+00 4.214812446130663304e+00
5.825390624999999822e+00 4.218622975094989513e+00
5.828906250000000178e+00 4.222448025655367587e+00
5.832421875000000533e+00 4.226287784858655527e+00
5.835937500000000000e+00 4.230142438353729162e+00
5.839453125000000355e+00 4.234012170330377245e+00
5.842968749999999822e+00 4.237897163456949556e+00
5.846484375000000178e+00 4.241797598816804182e+00
5.850000000000000533e+00 4.245713655843664114e+00
5.853515625000000000e+00 4.249645512255964874e+00
5.857031250000000355e+00 4.253593343990273112e+00
5.860546874999999822e+00 4.257557325133928927e+00
5.864062500000000178e+00 4.261537627857011401e+00
5.867578125000000533e+00 4.265534422343746357e+00
5.871093750000000000e+00 4.269547876723557067e+00
5.874609375000000355e+00 4.273578157001839628e+00
5.878124999999999822e+00 4.277625426990685042e+00
5.881640625000000178e+00 4.281689848239655483e+00
5.885156250000000533e+00 4.285771579966800360e+00
5.888671875000000000e+00 4.289870778990053424e+00
5.892187500000000355e+00 4.293987599659157439e+00
5.895703124999999822e+00 4.298122193788277201e+00
5.899218750000000178e+00 4.302274710589429674e+00
5.902734375000000533e+00 4.306445296606891127e+00
5.906250000000000000e+00 4.310634095652742914e+00
5.909765625000000355e+00 4.314841248743700675e+00
5.913281249999999822e+00 4.319066894039437443e+00
5.916796875000000178e+00 4.323311166782549009e+00
5.920312500000000533e+00 4.327574199240405761e+00
5.923828125000000000e+00 4.331856120649062447e+00
5.927343750000000355e+00 4.336157057159457651e+00
5.930859374999999822e+00 4.340477131786090403e+00
5.934375000000000178e+00 4.344816464358379093e+00
5.937890625000000533e+00 4.349175171474847446e+00
5.941406250000000000e+00 4.353553366460296559e+00
5.944921875000000355e+00 4.357951159326065138e+00
5.948437499999999822e+00 4.362368656733440986e+00
5.951953125000000178e+00 4.366805961960272597e+00
5.955468750000000533e+00 4.371263174870787083e+00
5.958984375000000000e+00 4.375740391888594871e+00
5.962500000000000355e+00 4.380237705972859885e+00
5.966015624999999822e+00 4.384755206597597876e+00
5.969531250000000178e+00 4.389292979734047861e+00
5.973046875000000533e+00 4.393851107836136194e+00
5.976562500000000000e+00 4.398429669828983535e+00
5.980078125000000355e+00 4.403028741100502685e+00
5.983593749999999822e+00 4.407648393496114814e+00
5.987109375000000178e+00 4.412288695316657794e+00
5.990625000000000533e+00 4.416949711319569261e+00
5.994140625000000000e+00 4.421631502723462503e+00
5.997656250000000355e+00 4.426334127216199121e+00
6.001171874999999822e+00 4.431057638966581891e+00
6.004687500000000178e+00 4.435802088639800189e+00
6.008203125000000533e+00 4.440567523416723894e+00
6.011718750000000000e+00 4.445353987017135466e+00
6.015234375000000355e+00 4.450161519726989923e+00
6.018749999999999822e+00 4.454990158429728453e+00
6.022265625000000178e+00 4.459839936641680325e+00
6.025781250000000533e+00 4.464710884551527315e+00
6.029296875000000000e+00 4.469603029063819122e+00
6.032812500000000355e+00 4.474516393846446505e+00
6.036328124999999822e+00 4.479450999382002863e+00
6.039843750000000178e+00 4.484406863022941891e+00
6.043359375000000533e+00 4.489383999050362561e+00
6.046875000000000000e+00 4.494382418736341478e+00
6.050390625000000355e+00 4.499402130409627887e+00
6.053906249999999822e+00 4.504443139524562767e+00
6.057421875000000178e+00 4.509505448733072797e+00
6.060937500000000533e+00 4.514589057959595308e+00
6.064453125000000000e+00 4.519693964478753045e+00
6.067968750000000355e+00 4.524820162995663253e+00
6.071484374999999822e+00 4.529967645728735448e+00
6.075000000000000178e+00 4.535136402494803320e+00
6.078515625000000533e+00 4.540326420796478857e+00
6.082031250000000000e+00 4.545537685911593684e+00
6.085546875000000355e+00 4.550770180984617497e+00
6.089062499999999822e+00 4.556023887119911464e+00
6.092578125000000178e+00 4.561298783476737562e+00
6.096093750000000533e+00 4.566594847365866627e+00
6.099609375000000000e+00 4.571912054347704313e+00
6.103125000000000355e+00 4.577250378331790159e+00
6.106640624999999822e+00 4.582609791677571209e+00
6.110156250000000178e+00 4.587990265296305381e+00
6.113671875000000533e+00 4.593391768753974702e+00
6.117187500000000000e+00 4.598814270375078728e+00
6.120703125000000355e+00 4.604257737347150936e+00
6.124218749999999822e+00 4.609722135825867539e+00
6.127734375000000178e+00 4.615207431040593278e+00
6.131250000000000533e+00 4.620713587400191003e+00
6.134765625000000000e+00 4.626240568598941394e+00
6.138281250000000355e+00 4.631788337722398730e+00
6.141796874999999822e+00 4.637356857352987305e+00
6.145312500000000178e+00 4.642946089675167087e+00
6.148828125000000533e+00 4.648555996579968763e+00
6.152343750000000000e+00 4.654186539768682351e+00
6.155859375000000355e+00 4.659837680855526187e+00
6.159374999999999822e+00 4.665509381469049366e+00
6.162890625000000178e+00 4.671201603352072240e+00
6.166406250000000533e+00 4.676914308459949154e+00
6.169921875000000000e+00 4.682647459056921591e+00
6.173437500000000355e+00 4.688401017810324589e+00
6.176953124999999822e+00 4.694174947882451931e+00
6.180468750000000178e+00 4.699969213019807412e+00
6.183984375000000533e+00 4.705783777639526377e+00
6.187500000000000000e+00 4.711618606912722385e+00
6.191015625000000355e+00 4.717473666844499647e+00
6.194531249999999822e+00 4.723348924350403877e+00
6.198046875000000178e+00 4.729244347329011333e+00
6.201562500000000533e+00 4.735159904730437574e+00
6.205078125000000000e+00 4.741095566620454171e+00
6.208593750000000355e+00 4.747051304239958469e+00
6.212109374999999822e+00 4.753027090059493531e+00
6.215625000000000178e+00 4.759022897828540266e+00
6.219140625000000533e+00 4.765038702619266431e+00
6.222656250000000000e+00 4.771074480864440304e+00
6.226171875000000355e+00 4.777130210389202603e+00
6.229687499999999822e+00 4.783205870436356477e+00
6.233203125000000178e+00 4.789301441684909122e+00
6.236718750000000533e+00 4.795416906261503520e+00
6.240234375000000000e+00 4.801552247744444557e+00
6.243750000000000355e+00 4.807707451160013967e+00
6.247265624999999822e+00 4.813882502970738386e+00
6.250781250000000178e+00 4.820077391055313853e+00
6.254296875000000533e+00 4.826292104679862582e+00
6.257812500000000000e+00 4.832526634460212023e+00
6.261328125000000355e+00 4.838780972314880913e+00
6.264843749999999822e+00 4.845055111408457904e+00
6.268359375000000178e+00 4.851349046085037031e+00
6.271875000000000533e+00 4.857662771791391165e+00
6.275390625000000000e+00 4.863996284989546837e+00
6.278906250000000355e+00 4.870349583058413145e+00
6.282421874999999822e+00 4.876722664184109490e+00
6.285937500000000178e+00 4.883115527238629738e+00
6.289453125000000533e+00 4.889528171646448484e+00
6.292968750000000000e+00 4.895960597238701695e+00
6.296484375000000355e+00 4.902412804094485210e+00
6.299999999999999822e+00 4.908884792368894523e+00
6.303515625000000178e+00 4.915376562107290681e+00
6.307031250000000533e+00 4.921888113045367774e+00
6.310546875000000000e+00 4.928419444394475768e+00
6.314062500000000355e+00 4.934970554611684435e+00
6.317578124999999822e+00 4.941541441154013725e+00
6.321093750000000178e+00 4.948132100216207974e+00
6.324609375000000533e+00 4.954742526451427764e+00
6.328125000000000000e+00 4.961372712674135599e+00
6.331640625000000355e+00 4.968022649544452385e+00
6.335156249999999822e+00 4.974692325233171175e+00
6.338671875000000178e+00 4.981381725066579946e+00
6.342187500000000533e+00 4.988090831150154614e+00
6.345703125000000000e+00 4.994819621970176371e+00
6.349218750000000355e+00 5.001568071972181784e+00
6.352734374999999822e+00 5.008336151115173607e+00
6.356250000000000178e+00 5.015123824400371078e+00
6.359765625000000533e+00 5.021931051373274002e+00
6.363281250000000000e+00 5.028757785597727903e+00
6.366796875000000355e+00 5.035603974100588687e+00
6.370312499999999822e+00 5.042469556785572848e+00
6.373828125000000178e+00 5.049354465814808179e+00
6.377343750000000533e+00 5.056258624956518233e+00
6.380859375000000000e+00 5.063181948897302220e+00
6.384375000000000355e+00 5.070124342517372540e+00
6.387890624999999822e+00 5.077085700127142331e+00
6.391406250000000178e+00 5.084065904663509272e+00
6.394921875000000533e+00 5.091064826844201363e+00
6.398437500000000000e+00 5.098082324278552235e+00
6.401953125000000355e+00 5.105118240533085050e+00
6.405468749999999822e+00 5.112172404150356897e+00
6.408984375000000178e+00 5.119244627619483623e+00
6.412500000000000533e+00 5.126334706296905352e+00
6.416015625000000000e+00 5.133442417275960956e+00
6.419531250000000355e+00 5.140567518203914332e+00
6.423046874999999822e+00 5.147709746045215695e+00
6.426562500000000178e+00 5.154868815789834358e+00
6.430078125000000533e+00 5.162044419105627391e+00
6.433593750000000000e+00 5.169236222933880853e+00
6.437109375000000355e+00 5.176443868027296169e+00
6.440624999999999822e+00 5.183666967429907402e+00
6.444140625000000178e+00 5.190905104898600797e+00
6.447656250000000533e+00 5.198157833266233041e+00
6.451171875000000000e+00 5.205424672746593373e+00
6.454687500000000355e+00 5.212705109181785090e+00
6.458203124999999822e+00 5.219998592233050516e+00
6.461718750000000178e+00 5.227304533516404561e+00
6.465234375000000533e+00 5.234622304684982907e+00
6.468750000000000000e+00 5.241951235460502012e+00
6.472265625000000355e+00 5.249290611616826752e+00
6.475781249999999822e+00 5.256639672919252604e+00
6.479296875000000178e+00 5.263997611023858880e+00
6.482812500000000533e+00 5.271363567342007173e+00
6.486328125000000000e+00 5.278736630876008640e+00
6.489843750000000355e+00 5.286115836032800885e+00
6.493359374999999822e+00 5.293500160423663559e+00
6.496875000000000178e+00 5.300888522658997459e+00
6.500390625000000533e+00 5.308279780148481564e+00
6.503906250000000000e+00 5.315672726918169388e+00
6.507421875000000355e+00 5.323066091457462790e+00
6.510937499999999822e+00 5.330458534610214016e+00
6.514453125000000178e+00 5.337848647525699874e+00
6.517968750000000533e+00 5.345234949686509474e+00
6.521484375000000000e+00 5.352615887031818787e+00
6.525000000000000355e+00 5.359989830195853955e+00
6.528515624999999822e+00 5.367355072882629585e+00
6.532031250000000178e+00 5.374709830399398314e+00
6.535546875000000533e+00 5.382052238372436292e+00
6.539062500000000000e+00 5.389380351670158831e+00
6.542578125000000355e+00 5.396692143559837618e+00
6.546093749999999822e+00 5.403985505125534772e+00
6.549609375000000178e+00 5.411258244976343335e+00
6.553125000000000533e+00 5.418508089275395179e+00
6.556640625000000000e+00 5.425732682121626738e+00
6.560156250000000355e+00 5.432929586317654547e+00
6.563671874999999822e+00 5.440096284558471496e+00
6.567187500000000178e+00 5.447230181076728961e+00
6.570703125000000533e+00 5.454328603781243956e+00
6.574218750000000000e+00 5.461388806925704387e+00
6.577734375000000355e+00 5.468407974344518863e+00
6.581249999999999822e+00 5.475383223291998114e+00
6.584765625000000178e+00 5.482311608919668622e+00
6.588281250000000533e+00 5.489190129424325271e+00
6.591796875000000000e+00 5.496015731896434886e+00
6.595312500000000355e+00 5.502785318894554578e+00
6.598828124999999822e+00 5.509495755766637970e+00
6.602343750000000178e+00 5.516143878733283046e+00
6.605859375000000533e+00 5.522726503741242965e+00
6.609375000000000000e+00 5.529240436087780708e+00
6.612890625000000355e+00 5.535682480807782468e+00
6.616406249999999822e+00 5.542049453805929282e+00
6.619921875000000178e+00 5.548338193705735222e+00
6.623437500000000533e+00 5.554545574376064110e+00
6.626953125000000000e+00 5.560668518083820899e+00
6.630468750000000355e+00 5.566704009209166415e+00
6.633984374999999822e+00 5.572649108447100375e+00
6.637500000000000178e+00 5.578500967406590405e+00
6.641015625000000533e+00 5.584256843506311796e+00
6.644531250000000000e+00 5.589914115054376964e+00
6.648046875000000355e+00 5.595470296388853626e+00
6.651562499999999822e+00 5.600923052946557235e+00
6.655078125000000178e+00 5.606270216119856542e+00
6.658593750000000533e+00 5.611509797755461548e+00
6.662109375000000000e+00 5.616640004145407872e+00
6.665625000000000355e+00 5.621659249359156618e+00
6.669140624999999822e+00 5.626566167766659632e+00
6.672656250000000178e+00 5.631359625605888652e+00
6.676171875000000533e+00 5.636038731454252826e+00
6.679687500000000000e+00 5.640602845471880400e+00
6.683203125000000355e+00 5.645051587295442985e+00
6.686718749999999822e+00 5.649384842474208135e+00
6.690234375000000178e+00 5.653602767354898972e+00
6.693750000000000533e+00 5.657705792338590278e+00
6.697265625000000000e+00 5.661694623451011488e+00
6.700781250000000355e+00 5.665570242186898753e+00
6.704296874999999822e+00 5.669333903609203418e+00
6.707812500000000178e+00 5.672987132704653490e+00
6.711328125000000533e+00 5.676531719017974709e+00
6.714843750000000000e+00 5.679969709607791017e+00
6.718359375000000355e+00 5.683303400387304194e+00
6.721874999999999822e+00 5.686535325932121410e+00
6.725390625000000178e+00 5.689668247855545147e+00
6.728906250000000533e+00 5.692705141868090735e+00
6.732421875000000000e+00 5.695649183652502501e+00
6.735937500000000355e+00 5.698503733697899420e+00
6.739453124999999822e+00 5.701272321246562136e+00
6.742968750000000178e+00 5.703958627514127855e+00
6.746484375000000533e+00 5.706566468348361454e+00
6.750000000000000000e+00 5.709099776493312461e+00
6.753515625000000355e+00 5.711562583624431255e+00
6.757031249999999822e+00 5.713959002316688185e+00
6.760546875000000178e+00 5.716293208101900447e+00
6.764062500000000533e+00 5.718569421764302163e+00
6.767578125000000000e+00 5.720791892015080649e+00
6.771093750000000355e+00 5.722964878677942124e+00
6.774609374999999822e+00 5.725092636508872346e+00
6.778125000000000178e+00 5.727179399764388279e+00
6.781640625000000533e+00 5.729229367623140945e+00
6.785156250000000000e+00 5.731246690555368062e+00
6.788671875000000355e+00 5.733235457722431150e+00
6.792187499999999822e+00 5.735199685473766351e+00
6.795703125000000178e+00 5.737143306990727609e+00
6.799218750000000533e+00 5.739070163106096523e+00
6.802734375000000000e+00 5.740983994305585369e+00
6.806250000000000355e+00 5.742888433895283029e+00
6.809765624999999822e+00 5.744787002298854972e+00
6.813281250000000178e+00 5.746683102433072676e+00
6.816796875000000533e+00 5.748580016101362489e+00
6.820312500000000000e+00 5.750480901343740570e+00
6.823828125000000355e+00 5.752388790686390863e+00
6.827343749999999822e+00 5.754306590243432495e+00
6.830859375000000178e+00 5.756237079633324427e+00
6.834375000000000533e+00 5.758182912679050247e+00
6.837890625000000000e+00 5.760146618861582191e+00
6.841406250000000355e+00 5.762130605488303914e+00
6.844921874999999822e+00 5.764137160522832204e+00
6.848437500000000178e+00 5.766168456002863429e+00
6.851953125000000533e+00 5.768226551953256731e+00
6.855468750000000000e+00 5.770313400687975047e+00
6.858984375000000355e+00 5.772430851391600726e+00
6.862499999999999822e+00 5.774580654881302344e+00
6.866015625000000178e+00 5.776764468472613601e+00
6.869531250000000533e+00 5.778983860902751957e+00
6.873046875000000000e+00 5.781240317296383324e+00
6.876562500000000355e+00 5.783535244182477442e+00
6.880078124999999822e+00 5.785869974580080566e+00
6.883593750000000178e+00 5.788245773161325047e+00
6.887109375000000533e+00 5.790663841472583506e+00
6.890625000000000000e+00 5.793125323154706408e+00
6.894140625000000355e+00 5.795631309060313541e+00
6.897656249999999822e+00 5.798182842131076598e+00
6.901171875000000178e+00 5.800780921881063534e+00
6.904687500000000533e+00 5.803426508339654788e+00
6.908203125000000000e+00 5.806120525340216609e+00
6.911718750000000355e+00 5.808863863093537638e+00
6.915234374999999822e+00 5.811657380048238508e+00
6.918750000000000178e+00 5.814501904101783580e+00
6.922265625000000533e+00 5.817398233274008845e+00
6.925781250000000000e+00 5.820347135981825737e+00
6.929296875000000355e+00 5.823349351056235079e+00
6.932812499999999822e+00 5.826405587623163740e+00
6.936328125000000178e+00 5.829516524934907906e+00
6.939843750000000533e+00 5.832682812198134670e+00
6.943359375000000000e+00 5.835905068406477270e+00
6.946875000000000355e+00 5.839183882157342964e+00
6.950390624999999822e+00 5.842519811417147935e+00
6.953906250000000178e+00 5.845913383196490898e+00
6.957421875000000533e+00 5.849365093104540669e+00
6.960937500000000000e+00 5.852875404765924827e+00
6.964453125000000355e+00 5.856444749100477409e+00
6.967968749999999822e+00 5.860073523483094071e+00
6.971484375000000178e+00 5.863762090816491579e+00
6.975000000000000533e+00 5.867510778562925466e+00
6.978515625000000000e+00 5.871319877791790098e+00
6.982031250000000355e+00 5.875189642307930171e+00
6.985546874999999822e+00 5.879120287929588073e+00
6.989062500000000178e+00 5.883111991983716038e+00
6.992578125000000533e+00 5.887164893078907113e+00
6.996093750000000000e+00 5.891279091201894857e+00
6.999609375000000355e+00 5.895454648163900302e+00
7.003124999999999822e+00 5.899691588400568065e+00
7.006640625000000178e+00 5.903989900107902145e+00
7.010156250000000533e+00 5.908349536680375991e+00
7.013671875000000000e+00 5.912770418408672235e+00
7.017187500000000355e+00 5.917252434393917682e+00
7.020703124999999822e+00 5.921795444640873818e+00
7.024218750000000178e+00 5.926399282301032301e+00
7.027734375000000533e+00 5.931063756044448354e+00
7.031250000000000000e+00 5.935788652544011335e+00
7.034765625000000355e+00 5.940573739057086300e+00
7.038281249999999822e+00 5.945418766087935403e+00
7.041796875000000178e+00 5.950323470111927193e+00
7.045312500000000533e+00 5.955287576340539069e+00
7.048828125000000000e+00 5.960310801505183775e+00
7.052343750000000355e+00 5.965392856637183883e+00
7.055859374999999822e+00 5.970533449819610539e+00
7.059375000000000178e+00 5.975732288883492060e+00
7.062890625000000533e+00 5.980989084016179902e+00
7.066406250000000000e+00 5.986303550245365201e+00
7.069921875000000355e+00 5.991675409760691018e+00
7.073437499999999822e+00 5.997104394038631270e+00
7.076953125000000178e+00 6.002590245746233677e+00
7.080468750000000533e+00 6.008132720414241845e+00
7.083984375000000000e+00 6.013731587886450569e+00
7.087500000000000355e+00 6.019386633565002143e+00
7.091015624999999822e+00 6.025097659476202239e+00
7.094531250000000178e+00 6.030864485175587042e+00
7.098046875000000533e+00 6.036686948495585625e+00
7.101562500000000000e+00 6.042564906118401247e+00
7.105078125000000355e+00 6.048498233937957380e+00
7.108593749999999822e+00 6.054486827165135310e+00
7.112109375000000178e+00 6.060530600135604296e+00
7.115625000000000533e+00 6.066629485800751453e+00
7.119140625000000000e+00 6.072783434915274725e+00
7.122656250000000355e+00 6.078992414971805758e+00
7.126171874999999822e+00 6.085256408961686958e+00
7.129687500000000178e+00 6.091575414051046522e+00
7.133203125000000533e+00 6.097949440246134500e+00
7.136718750000000000e+00 6.104378509082421189e+00
7.140234375000000355e+00 6.110862652318547639e+00
7.143749999999999822e+00 6.117401910566206524e+00
7.147265625000000178e+00 6.123996331760670486e+00
7.150781250000000533e+00 6.130645969389266980e+00
7.154296875000000000e+00 6.137350880449867319e+00
7.157812500000000355e+00 6.144111123195424184e+00
7.161328124999999822e+00 6.150926754805805530e+00
7.164843750000000178e+00 6.157797829180278626e+00
7.168359375000000533e+00 6.164724395034510529e+00
7.171875000000000000e+00 6.171706494406128840e+00
7.175390625000000355e+00 6.178744161540853597e+00
7.178906249999999822e+00 6.185837421990056484e+00
7.182421875000000178e+00 6.192986291655652842e+00
7.185937500000000533e+00 6.200190775515510566e+00
7.189453125000000000e+00 6.207450865869396317e+00
7.192968750000000355e+00 6.214766540137098616e+00
7.196484374999999822e+00 6.222137758454059586e+00
7.200000000000000178e+00 6.229564461463455771e+00
7.203515625000000533e+00 6.237046568726427154e+00
7.207031250000000000e+00 6.244583978033961813e+00
7.210546875000000355e+00 6.252176565633710936e+00
7.214062499999999822e+00 6.259824187066771017e+00
7.217578125000000178e+00 6.267526678056876577e+00
7.221093750000000533e+00 6.275283854810560058e+00
7.224609375000000000e+00 6.283095513223681650e+00
7.228125000000000355e+00 6.290961426823140634e+00
7.231640624999999822e+00 6.298881343704186619e+00
7.235156250000000178e+00 6.306854983109531965e+00
7.238671875000000533e+00 6.314882032495786390e+00
7.242187500000000000e+00 6.322962145858577188e+00
7.245703125000000355e+00 6.331094943741277348e+00
7.249218749999999822e+00 6.339280014829426158e+00
7.252734375000000178e+00 6.347516918496310723e+00
7.256250000000000533e+00 6.355805187293753100e+00
7.259765625000000000e+00 6.364144328310583631e+00
7.263281250000000355e+00 6.372533822593229758e+00
7.266796874999999822e+00 6.380973122371161210e+00
7.270312500000000178e+00 6.389461646494664748e+00
7.273828125000000533e+00 6.397998775068490573e+00
7.277343750000000000e+00 6.406583844567949271e+00
7.280859375000000355e+00 6.415216144649253494e+00
7.284374999999999822e+00 6.423894917423748296e+00
7.287890625000000178e+00 6.432619359280440818e+00
7.291406250000000533e+00 6.441388624613255232e+00
7.294921875000000000e+00 6.450201830254362001e+00
7.298437500000000355e+00 6.459058059197902324e+00
7.301953124999999822e+00 6.467956362384887470e+00
7.305468750000000178e+00 6.476895757857557001e+00
7.308984375000000533e+00 6.485875227327378312e+00
7.312500000000000000e+00 6.494893710928483443e+00
7.316015625000000355e+00 6.503950101447751209e+00
7.319531249999999822e+00 6.513043239496894898e+00
7.323046875000000178e+00 6.522171910882098800e+00
7.326562500000000533e+00 6.531334846898900537e+00
7.330078125000000000e+00 6.540530727581552739e+00
7.333593750000000355e+00 6.549758187252022523e+00
7.337109374999999822e+00 6.559015821215476549e+00
7.340625000000000178e+00 6.568302192251069371e+00
7.344140625000000533e+00 6.577615835680905576e+00
7.347656250000000000e+00 6.586955262214758022e+00
7.351171875000000355e+00 6.596318958347707095e+00
7.354687499999999822e+00 6.605705384686924475e+00
7.358203125000000178e+00 6.615112973064661617e+00
7.361718750000000533e+00 6.624540123558355198e+00
7.365234375000000000e+00 6.633985202544241844e+00
7.368750000000000355e+00 6.643446542676661792e+00
7.372265624999999822e+00 6.652922445279418895e+00
7.375781250000000178e+00 6.662411185154921256e+00
7.379296875000000533e+00 6.671911017364600127e+00
7.382812500000000000e+00 6.681420185197328721e+00
7.386328125000000355e+00 6.690936928377892556e+00
7.389843749999999822e+00 6.700459490592674427e+00
7.393359375000000178e+00 6.709986125604893381e+00
7.396875000000000533e+00 6.719515101546643443e+00
7.400390625000000000e+00 6.729044703342122347e+00
7.403906250000000355e+00 6.738573233564377318e+00
7.407421874999999822e+00 6.748099012295773136e+00
7.410937500000000178e+00 6.757620376709031262e+00
7.414453125000000533e+00 6.767135681095345134e+00
7.417968750000000000e+00 6.776643297947955169e+00
7.421484375000000355e+00 6.786141620493511439e+00
7.424999999999999822e+00 6.795629066792548301e+00
7.428515625000000178e+00 6.805104085252162704e+00
7.432031250000000533e+00 6.814565161153415929e+00
7.435546875000000000e+00 6.824010823628301026e+00
7.439062500000000355e+00 6.833439652448691781e+00
7.442578124999999822e+00 6.842850284019281304e+00
7.446093750000000178e+00 6.852241416089746906e+00
7.449609375000000533e+00 6.861611810896047103e+00
7.453125000000000000e+00 6.870960296674191170e+00
7.456640625000000355e+00 6.880285767723160362e+00
7.460156249999999822e+00 6.889587183388252711e+00
7.463671875000000178e+00 6.898863566459679575e+00
7.467187500000000533e+00 6.908114001514421787e+00
7.470703125000000000e+00 6.917337633669855990e+00
7.474218750000000355e+00 6.926533668081066963e+00
7.477734374999999822e+00 6.935701370330553672e+00
7.481250000000000178e+00 6.944840067667250594e+00
7.484765625000000533e+00 6.953949150888526276e+00
7.488281250000000000e+00 6.963028076551428747e+00
7.491796875000000355e+00 6.972076369159964315e+00
7.495312499999999822e+00 6.981093622999299697e+00
7.498828125000000178e+00 6.990079503358485269e+00
7.502343750000000533e+00 6.999033746977177728e+00
7.505859375000000000e+00 7.007956161647262761e+00
7.509375000000000355e+00 7.016846624982491676e+00
7.512890624999999822e+00 7.025705082432798676e+00
7.516406250000000178e+00 7.034531544667295577e+00
7.519921875000000533e+00 7.043326084486746907e+00
7.523437500000000000e+00 7.052088833456924277e+00
7.526953125000000355e+00 7.060819978478219738e+00
7.530468749999999822e+00 7.069519758518371333e+00
7.533984375000000178e+00 7.078188461725794411e+00
7.537500000000000533e+00 7.086826423103586237e+00
7.541015625000000000e+00 7.095434022857734391e+00
7.544531250000000355e+00 7.104011685444151070e+00
7.548046874999999822e+00 7.112559879242462912e+00
7.551562500000000178e+00 7.121079116698104450e+00
7.555078125000000533e+00 7.129569954715875291e+00
7.558593750000000000e+00 7.138032995068405384e+00
7.562109375000000355e+00 7.146468884604439964e+00
7.565624999999999822e+00 7.154878315096668828e+00
7.569140625000000178e+00 7.163262022642982174e+00
7.572656250000000533e+00 7.171620786611484277e+00
7.576171875000000000e+00 7.179955428183667721e+00
7.579687500000000355e+00 7.188266808592256751e+00
7.583203124999999822e+00 7.196555827168456432e+00
7.586718750000000178e+00 7.204823419311435551e+00
7.590234375000000533e+00 7.213070554479037888e+00
7.593750000000000000e+00 7.221298234281571027e+00
7.597265625000000355e+00 7.229507490746602372e+00
7.600781249999999822e+00 7.237699384814479941e+00
7.604296875000000178e+00 7.245875005120058887e+00
7.607812500000000533e+00 7.254035467111316748e+00
7.611328125000000000e+00 7.262181912544598106e+00
7.614843750000000355e+00 7.270315509375214091e+00
7.618359374999999822e+00 7.278437452029870691e+00
7.621875000000000178e+00 7.286548962006536456e+00
7.625390625000000533e+00 7.294651288703179581e+00
7.628906250000000000e+00 7.302745710337036122e+00
7.632421875000000355e+00 7.310833534788345744e+00
7.635937499999999822e+00 7.318916100193561647e+00
7.639453125000000178e+00 7.326994775126845383e+00
7.642968750000000533e+00 7.335070958245393236e+00
7.646484375000000000e+00 7.343146077329373966e+00
7.650000000000000355e+00 7.351221587712808869e+00
7.653515624999999822e+00 7.359298970166555875e+00
7.657031250000000178e+00 7.367379728347604129e+00
7.660546875000000533e+00 7.375465385961490483e+00
7.664062500000000000e+00 7.383557483793254939e+00
7.667578125000000355e+00 7.391657576747970637e+00
7.671093749999999822e+00 7.399767231011338708e+00
7.674609375000000178e+00 7.407888021401900502e+00
7.678125000000000533e+00 7.416021528947631225e+00
7.681640625000000000e+00 7.424169338686434472e+00
7.685156250000000355e+00 7.432333037664701436e+00
7.688671874999999822e+00 7.440514213089721274e+00
7.692187500000000178e+00 7.448714450578155066e+00
7.695703125000000533e+00 7.456935332431516628e+00
7.699218750000000000e+00 7.465178435859680661e+00
7.702734375000000355e+00 7.473445331065600605e+00
7.706249999999999822e+00 7.481737579100715685e+00
7.709765625000000178e+00 7.490056729403828939e+00
7.713281250000000533e+00 7.498404316948325210e+00
7.716796875000000000e+00 7.506781858944391317e+00
7.720312500000000355e+00 7.515190851072921063e+00
7.723828124999999822e+00 7.523632763263142564e+00
7.727343750000000178e+00 7.532109035062592994e+00
7.730859375000000533e+00 7.540621070681542193e+00
7.734375000000000000e+00 7.549170233820527542e+00
7.737890625000000355e+00 7.557757842406788384e+00
7.741406249999999822e+00 7.566385163372039813e+00
7.744921875000000178e+00 7.575053407600359279e+00
7.748437500000000533e+00 7.583763725162570246e+00
7.751953125000000000e+00 7.592517200934068455e+00
7.755468750000000355e+00 7.601314850669115941e+00
7.758984374999999822e+00 7.610157617578536815e+00
7.762500000000000178e+00 7.619046369432235011e+00
7.766015625000000533e+00 7.627981896185811017e+00
7.769531250000000000e+00 7.636964908113961670e+00
7.773046875000000355e+00 7.645996034424051402e+00
7.776562499999999822e+00 7.655075822320858592e+00
7.780078125000000178e+00 7.664204736496397885e+00
7.783593750000000533e+00 7.673383159023497768e+00
7.787109375000000000e+00 7.682611389635320975e+00
7.790625000000000355e+00 7.691889646372622735e+00
7.794140624999999822e+00 7.701218066576148047e+00
7.797656250000000178e+00 7.710596708194410454e+00
7.801171875000000533e+00 7.720025551369992023e+00
7.804687500000000000e+00 7.729504500262622813e+00
7.808203125000000355e+00 7.739033385065808623e+00
7.811718749999999822e+00 7.748611964175214695e+00
7.815234375000000178e+00 7.758239926469821413e+00
7.818750000000000533e+00 7.767916893669713829e+00
7.822265625000000000e+00 7.777642422736608552e+00
7.825781250000000355e+00 7.787416008285333646e+00
7.829296874999999822e+00 7.797237084977558297e+00
7.832812500000000178e+00 7.807105029873680380e+00
7.836328125000000533e+00 7.817019164725055091e+00
7.839843750000000000e+00 7.826978758194947261e+00
7.843359375000000355e+00 7.836983028001104579e+00
7.846874999999999822e+00 7.847031142973955653e+00
7.850390625000000178e+00 7.857122225021836215e+00
7.853906250000000533e+00 7.867255350989651674e+00
7.857421875000000000e+00 7.877429554392779920e+00
7.860937500000000355e+00 7.887643827007169151e+00
7.864453124999999822e+00 7.897897120302295626e+00
7.867968750000000178e+00 7.908188346716682027e+00
7.871484375000000533e+00 7.918516380794372367e+00
7.875000000000000000e+00 7.928880060220239834e+00
7.878515625000000355e+00 7.939278186806047799e+00
7.882031249999999822e+00 7.949709527480914417e+00
7.885546875000000178e+00 7.960172815325417872e+00
7.889062500000000533e+00 7.970666750658573108e+00
7.892578125000000000e+00 7.981190002148101037e+00
7.896093750000000355e+00 7.991741207879455189e+00
7.899609374999999822e+00 8.002318976302824183e+00
7.903125000000000178e+00 8.012921886992835141e+00
7.906640625000000533e+00 8.023548491207897371e+00
7.910156250000000000e+00 8.034197312317505890e+00
7.913671875000000355e+00 8.044866846255771975e+00
7.917187499999999822e+00 8.055555562227230126e+00
7.920703125000000178e+00 8.066261903905132868e+00
7.924218750000000533e+00 8.076984291301492647e+00
7.927734375000000000e+00 8.087721123351656161e+00
7.931250000000000355e+00 8.098470781070435720e+00
7.934765624999999822e+00 8.109231630951821757e+00
7.938281250000000178e+00 8.120002028162851104e+00
7.941796875000000533e+00 8.130780319078954932e+00
7.945312500000000000e+00 8.141564842851163775e+00
7.948828125000000355e+00 8.152353931968075784e+00
7.952343749999999822e+00 8.163145912114952552e+00
7.955859375000000178e+00 8.173939101940835172e+00
7.959375000000000533e+00 8.184731813516808785e+00
7.962890625000000000e+00 8.195522354225623474e+00
7.966406250000000355e+00 8.206309030543151195e+00
7.969921874999999822e+00 8.217090153708124234e+00
7.973437500000000178e+00 8.227864046748067040e+00
7.976953125000000533e+00 8.238629051892843336e+00
7.980468750000000000e+00 8.249383537210089656e+00
7.983984375000000355e+00 8.260125901425560357e+00
7.987499999999999822e+00 8.270854576338338759e+00
7.991015625000000178e+00 8.281568026895733681e+00
7.994531250000000533e+00 8.292264749668866841e+00
7.998046875000000000e+00 8.302943270959779909e+00
8.001562500000000355e+00 8.313602145910541807e+00
8.005078125000000711e+00 8.324239959711558612e+00
8.008593750000001066e+00 8.334855331384382282e+00
8.012109374999999645e+00 8.345446919822002485e+00
8.015625000000000000e+00 8.356013431045489881e+00
8.019140625000000355e+00 8.366553625205382261e+00
8.022656250000000711e+00 8.377066321856428743e+00
8.026171875000001066e+00 8.387550402469063471e+00
8.029687499999999645e+00 8.398004809876375987e+00
8.033203125000000000e+00 8.408428545162291101e+00
8.036718750000000355e+00 8.418820663125277548e+00
8.040234375000000711e+00 8.429180267712570895e+00
8.043750000000001066e+00 8.439506508644345928e+00
8.047265624999999645e+00 8.449798579907591645e+00
8.050781250000000000e+00 8.460055720081616215e+00
8.054296875000000355e+00 8.470277213796366667e+00
8.057812500000000711e+00 8.480462393227011120e+00
8.061328125000001066e+00 8.490610638506069563e+00
8.064843749999999645e+00 8.500721376273896013e+00
8.068359375000000000e+00 8.510794076162630617e+00
8.071875000000000355e+00 8.520828245623576436e+00
8.075390625000000711e+00 8.530823423969758679e+00
8.078906250000001066e+00 8.540779176680530327e+00
8.082421874999999645e+00 8.550695090869508519e+00
8.085937500000000000e+00 8.560570772416948415e+00
8.089453125000000355e+00 8.570405844753157254e+00
8.092968750000000711e+00 8.580199948812975208e+00
8.096484375000001066e+00 8.589952743397644142e+00
8.099999999999999645e+00 8.599663905146599063e+00
8.103515625000000000e+00 8.609333127523786544e+00
8.107031250000000355e+00 8.618960118577287943e+00
8.110546875000000711e+00 8.628544597615647405e+00
8.114062500000001066e+00 8.638086291241048542e+00
8.117578124999999645e+00 8.647584929308340662e+00
8.121093750000000000e+00 8.657040241320661522e+00
8.124609375000000355e+00 8.666451953567403166e+00
8.128125000000000711e+00 8.675819787041522346e+00
8.131640625000001066e+00 8.685143455934996481e+00
8.135156249999999645e+00 8.694422666377741749e+00
8.138671875000000000e+00 8.703657115088574869e+00
8.142187500000000355e+00 8.712846487730477207e+00
8.145703125000000711e+00 8.721990456953001569e+00
8.149218750000001066e+00 8.731088680294934790e+00
8.152734374999999645e+00 8.740140798254405041e+00
8.156250000000000000e+00 8.749146432884067792e+00
8.159765625000000355e+00 8.758105187241669753e+00
8.163281250000000711e+00 8.767016645948586984e+00
8.166796875000001066e+00 8.775880377014050993e+00
8.170312499999999645e+00 8.784695934991976429e+00
8.173828125000000000e+00 8.793462865454880983e+00
8.177343750000000355e+00 8.802180710685826526e+00
8.180859375000000711e+00 8.810849016396780087e+00
8.184375000000001066e+00 8.819467339185049326e+00
8.187890624999999645e+00 8.828035254363889806e+00
8.191406250000000000e+00 8.836552363785756370e+00
8.194921875000000355e+00 8.845018303349331035e+00
8.198437500000000711e+00 8.853432750050064470e+00
8.201953125000001066e+00 8.861795428666322749e+00
8.205468749999999645e+00 8.870106118400826745e+00
8.208984375000000000e+00 8.878364659935634506e+00
8.212500000000000355e+00 8.886570963340986395e+00
8.216015625000000711e+00 8.894725017081711371e+00
8.219531250000001066e+00 8.902826898030863134e+00
8.223046874999999645e+00 8.910876782023528619e+00
8.226562500000000000e+00 8.918874954184813575e+00
8.230078125000000355e+00 8.926821818146649434e+00
8.233593750000000711e+00 8.934717903375066328e+00
8.237109375000001066e+00 8.942563870133962922e+00
8.240624999999999645e+00 8.950360512019459591e+00
8.244140625000000000e+00 8.958108756384913107e+00
8.247656250000000355e+00 8.965809663228187176e+00
8.251171875000000711e+00 8.973464423170792514e+00
8.254687500000001066e+00 8.981074355033257461e+00
8.258203124999999645e+00 8.988640903272941074e+00
8.261718750000000000e+00 8.996165635297803220e+00
8.265234375000000355e+00 9.003650238487601598e+00
8.268750000000000711e+00 9.011096516685920932e+00
8.272265625000001066e+00 9.018506385961476468e+00
8.275781249999999645e+00 9.025881869526827472e+00
8.279296875000000000e+00 9.033225091789017114e+00
8.282812500000000355e+00 9.040538271553991478e+00
8.286328125000000711e+00 9.047823714418507635e+00
8.289843750000001066e+00 9.055083804397195735e+00
8.293359374999999645e+00 9.062320994894474069e+00
8.296875000000000000e+00 9.069537799263649447e+00
8.300390625000000355e+00 9.076736781373750063e+00
8.303906250000000711e+00 9.083920546758253778e+00
8.307421875000001066e+00 9.091091734962214232e+00
8.310937499999999645e+00 9.098253013578741388e+00
8.314453125000000000e+00 9.105407074187031213e+00
8.317968750000000355e+00 9.112556630068372243e+00
8.321484375000000711e+00 9.119704415330046388e+00
8.325000000000001066e+00 9.126853185036203797e+00
8.328515624999999645e+00 9.134005716161698984e+00
8.332031250000000000e+00 9.141164809545728076e+00
8.335546875000000355e+00 9.148333293313033465e+00
8.339062500000000711e+00 9.155514028220892442e+00
8.342578125000001066e+00 9.162709914958387714e+00
8.346093749999999645e+00 9.169923902653405179e+00
8.349609375000000000e+00 9.177158997024269738e+00
8.353125000000000355e+00 9.184418266143545395e+00
8.356640625000000711e+00 9.191704841982243579e+00
8.360156250000001066e+00 9.199021916844262847e+00
8.363671874999999645e+00 9.206372735225254900e+00
8.367187500000000000e+00 9.213760583017625905e+00
8.370703125000000355e+00 9.221188776753480809e+00
8.374218750000000711e+00 9.228660655340700458e+00
8.377734375000001066e+00 9.236179575502054817e+00
8.381249999999999645e+00 9.243748910300457311e+00
8.384765625000000000e+00 9.251372048439591822e+00
8.388281250000000355e+00 9.259052391184036779e+00
8.391796875000000711e+00 9.266793344149959921e+00
8.395312500000001066e+00 9.274598302762736779e+00
8.398828124999999645e+00 9.282470632242521447e+00
8.402343750000000000e+00 9.290413644686342565e+00
8.405859375000000355e+00 9.298430576421015559e+00
8.409375000000000711e+00 9.306524568047901624e+00
8.412890625000001066e+00 9.314698647860360836e+00
8.416406249999999645e+00 9.322955717428197175e+00
8.419921875000000000e+00 9.331298537021869066e+00
8.423437500000000355e+00 9.339729708730562407e+00
8.426953125000000711e+00 9.348251656516698205e+00
8.430468750000001066e+00 9.356866604368928364e+00
8.433984374999999645e+00 9.365576555249933932e+00
8.437500000000000000e+00 9.374383273970371633e+00
8.441015625000000355e+00 9.383288276265727035e+00
8.444531250000000711e+00 9.392292824596701450e+00
8.448046875000001066e+00 9.401397929284488697e+00
8.451562499999999645e+00 9.410604352288633123e+00
8.455078125000000000e+00 9.419912610687982024e+00
8.458593750000000355e+00 9.429322977733253452e+00
8.462109375000000711e+00 9.438835480798323019e+00
8.465625000000001066e+00 9.448449897057896507e+00
8.469140624999999645e+00 9.458165748692726638e+00
8.472656250000000000e+00 9.467982299543720615e+00
8.476171875000000355e+00 9.477898554419883936e+00
8.479687500000000711e+00 9.487913261043821933e+00
8.483203125000001066e+00 9.498024913401039271e+00
8.486718749999999645e+00 9.508231754529532509e+00
8.490234375000000000e+00 9.518531776816871570e+00
8.493750000000000355e+00 9.528922718627292454e+00
8.497265625000000711e+00 9.539402057248345557e+00
8.500781250000001066e+00 9.549966999281604529e+00
8.504296874999999645e+00 9.560614470316528113e+00
8.507812500000000000e+00 9.571341105833440110e+00
8.511328125000000355e+00 9.582143244838620788e+00
8.514843750000000711e+00 9.593016926981709602e+00
8.518359375000001066e+00 9.603957893146706226e+00
8.521874999999999645e+00 9.614961588986954411e+00
8.525390625000000000e+00 9.626023170707675547e+00
8.528906250000000355e+00 9.637137512559082353e+00
8.532421875000000711e+00 9.648299215855518085e+00
8.535937500000001066e+00 9.659502619698855597e+00
8.539453124999999645e+00 9.670741813791455144e+00
8.542968750000000000e+00 9.682010653679338219e+00
8.546484375000000355e+00 9.693302778479512938e+00
8.550000000000000711e+00 9.704611630730685334e+00
8.553515625000001066e+00 9.715930477640842611e+00
8.557031249999999645e+00 9.727252432850356456e+00
8.560546875000000000e+00 9.738570477955068583e+00
8.564062500000000355e+00 9.749877483377378695e+00
8.567578125000000711e+00 9.761166228572623282e+00
8.571093750000001066e+00 9.772429421838502606e+00
8.574609374999999645e+00 9.783659720066154364e+00
8.578125000000000000e+00 9.794849748663645883e+00
8.581640625000000355e+00 9.805992121708289488e+00
8.585156250000000711e+00 9.817079462250351440e+00
8.588671875000001066e+00 9.828104422634531545e+00
8.592187499999999645e+00 9.839059704698058795e+00
8.595703125000000000e+00 9.849938079708557837e+00
8.599218750000000355e+00 9.860732407925780763e+00
8.602734375000000711e+00 9.871435657749831449e+00
8.606250000000001066e+00 9.882040924571768414e+00
8.609765624999999645e+00 9.892541449612380688e+00
8.613281250000000000e+00 9.902930639103495025e+00
8.616796875000000355e+00 9.913202084033034822e+00
8.620312500000000711e+00 9.923349580345675491e+00
8.623828125000001066e+00 9.933367149094507909e+00
8.627343749999999645e+00 9.943249055762581889e+00
8.630859375000000000e+00 9.952989827951734370e+00
8.634375000000000355e+00 9.962584270878856785e+00
8.637890625000000711e+00 9.972027480516288733e+00
8.641406250000001066e+00 9.981314854603084541e+00
8.644921874999999645e+00 9.990442102009879477e+00
8.648437500000000000e+00 9.999405251008273154e+00
8.651953125000000355e+00 1.000820065689076444e+01
8.655468750000000711e+00 1.001682500916640350e+01
8.658984375000001066e+00 1.002527533829653095e+01
8.662499999999999645e+00 1.003354902171789576e+01
8.666015625000000000e+00 1.004164378879549346e+01
8.669531250000000355e+00 1.004955772437583050e+01
8.673046875000000711e+00 1.005728927071946543e+01
8.676562500000001066e+00 1.006483722767648814e+01
8.680078124999999645e+00 1.007220075095035483e+01
8.683593750000000000e+00 1.007937934820408543e+01
8.687109375000000355e+00 1.008637287274652650e+01
8.690625000000000711e+00 1.009318151476219683e+01
8.694140625000001066e+00 1.009980579053805627e+01
8.697656249999999645e+00 1.010624653067746692e+01
8.701171875000000000e+00 1.011250486849637653e+01
8.704687500000000355e+00 1.011858222937209106e+01
8.708203125000000711e+00 1.012448032080142823e+01
8.711718750000001066e+00 1.013020112177814980e+01
8.715234374999999645e+00 1.013574686948333081e+01
8.718750000000000000e+00 1.014112004167920489e+01
8.722265625000000355e+00 1.014632333456716040e+01
8.725781250000000711e+00 1.015135963760348758e+01
8.729296875000001066e+00 1.015623200798275683e+01
8.732812499999999645e+00 1.016094364754264490e+01
8.736328125000000000e+00 1.016549788367116136e+01
8.739843750000000355e+00 1.016989815401834818e+01
8.743359375000000711e+00 1.017414799336675202e+01
8.746875000000001066e+00 1.017825102064858456e+01
8.750390624999999645e+00 1.018221092497635283e+01
8.753906250000000000e+00 1.018603145118624553e+01
8.757421875000000355e+00 1.018971638691136405e+01
8.760937500000000711e+00 1.019326955381624700e+01
8.764453125000001066e+00 1.019669480500410685e+01
8.767968749999999645e+00 1.019999602900516322e+01
8.771484375000000000e+00 1.020317715884403142e+01
8.775000000000000355e+00 1.020624218324274679e+01
8.778515625000000711e+00 1.020919515659054966e+01
8.782031250000001066e+00 1.021204020501684440e+01
8.785546874999999645e+00 1.021478152740129630e+01
8.789062500000000000e+00 1.021742339180446990e+01
8.792578125000000355e+00 1.021997012893014656e+01
8.796093750000000711e+00 1.022242612441058185e+01
8.799609375000001066e+00 1.022479581094262002e+01
8.803124999999999645e+00 1.022708366001895186e+01
8.806640625000000000e+00 1.022929417183260270e+01
8.810156250000000355e+00 1.023143186143158090e+01
8.813671875000000711e+00 1.023350123957091284e+01
8.817187500000001066e+00 1.023550678773807832e+01
8.820703124999999645e+00 1.023745292800884243e+01
8.824218750000000000e+00 1.023934398918287414e+01
8.827734375000000355e+00 1.024118417074919307e+01
8.831250000000000711e+00 1.024297750573128596e+01
8.834765625000001066e+00 1.024472782280704664e+01
8.838281249999999645e+00 1.024643870785485333e+01
8.841796875000000000e+00 1.024811346559247127e+01
8.845312500000000355e+00 1.024975508312350669e+01
8.848828125000000711e+00 1.025136619837425300e+01
8.852343750000001066e+00 1.025294907678597056e+01
8.855859374999999645e+00 1.025450559868620104e+01
8.859375000000000000e+00 1.025603725760565155e+01
8.862890625000000355e+00 1.025754516723246823e+01
8.866406250000000711e+00 1.025903007283925206e+01
8.869921875000001066e+00 1.026049236277041743e+01
8.873437499999999645e+00 1.026193207709749800e+01
8.876953125000000000e+00 1.026334891316000508e+01
8.880468750000000355e+00 1.026474223025138599e+01
8.883984375000000711e+00 1.026611105714803962e+01
8.887500000000001066e+00 1.026745410609190934e+01
8.891015624999999645e+00 1.026876979550997504e+01
8.894531250000000000e+00 1.027005628187360387e+01
8.898046875000000355e+00 1.027131149931348730e+01
8.901562500000000711e+00 1.027253320425653449e+01
8.905078125000001066e+00 1.027371902152691163e+01
8.908593749999999645e+00 1.027486648808682190e+01
8.912109375000000000e+00 1.027597309097474465e+01
8.915625000000000355e+00 1.027703629708587307e+01
8.919140625000000711e+00 1.027805357406901621e+01
8.922656250000001066e+00 1.027902240334694284e+01
8.926171874999999645e+00 1.027994028754882905e+01
8.929687500000000000e+00 1.028080475508310343e+01
8.933203125000000355e+00 1.028161336412554760e+01
8.936718750000000711e+00 1.028236370720372506e+01
8.940234375000001066e+00 1.028305341620342972e+01
8.943749999999999645e+00 1.028368016635642768e+01
8.947265625000000000e+00 1.028424167688213942e+01
8.950781250000000355e+00 1.028473570571463469e+01
8.954296875000000711e+00 1.028516003636719844e+01
8.957812500000001066e+00 1.028551245650362134e+01
8.961328124999999645e+00 1.028579072990018162e+01
8.964843750000000000e+00 1.028599256555780883e+01
8.968359375000000355e+00 1.028611558899775602e+01
8.971875000000000711e+00 1.028615732070315048e+01
8.975390625000001066e+00 1.028611516520615510e+01
8.978906249999999645e+00 1.028598641195683427e+01
8.982421875000000000e+00 1.028576824665728040e+01
8.985937500000000355e+00 1.028545776998937100e+01
8.989453125000000711e+00 1.028505202006748398e+01
8.992968750000001066e+00 1.028454799551501253e+01
8.996484374999999645e+00 1.028394267740669576e+01
9.000000000000000000e+00 1.028323304984140307e+01
9.003515625000000355e+00 1.028241612003216332e+01
9.007031250000000711e+00 1.028148893914875117e+01
9.010546875000001066e+00 1.028044862466149212e+01
9.014062499999999645e+00 1.027929238386555966e+01
9.017578125000000000e+00 1.027801753707842636e+01
9.021093750000000355e+00 1.027662153820837787e+01
9.024609375000000711e+00 1.027510199035413052e+01
9.028125000000001066e+00 1.027345665489767867e+01
9.031640624999999645e+00 1.027168345395535454e+01
9.035156250000000000e+00 1.026978046757318808e+01
9.038671875000000355e+00 1.026774592813965725e+01
9.042187500000000711e+00 1.026557821472867715e+01
9.045703125000001066e+00 1.026327584937104831e+01
9.049218749999999645e+00 1.026083749583853333e+01
9.052734375000000000e+00 1.025826195994769918e+01
9.056250000000000355e+00 1.025554818926960010e+01
9.059765625000000711e+00 1.025269526993145774e+01
9.063281250000001066e+00 1.024970241904035717e+01
9.066796874999999645e+00 1.024656897286702062e+01
9.070312500000000000e+00 1.024329437271241972e+01
9.073828125000000355e+00 1.023987815165709137e+01
9.077343750000000711e+00 1.023631992563258208e+01
9.080859375000001066e+00 1.023261939127613829e+01
9.084374999999999645e+00 1.022877633107702877e+01
9.087890625000000000e+00 1.022479062398991800e+01
9.091406250000000355e+00 1.022066225773371428e+01
9.094921875000000711e+00 1.021639133808550248e+01
9.098437500000001066e+00 1.021197809098296716e+01
9.101953124999999645e+00 1.020742285509206582e+01
9.105468750000000000e+00 1.020272606517373859e+01
9.108984375000000355e+00 1.019788822930373051e+01
9.112500000000000711e+00 1.019290990493130167e+01
9.116015625000001066e+00 1.018779167929681861e+01
9.119531249999999645e+00 1.018253415867535594e+01
9.123046875000000000e+00 1.017713796856503095e+01
9.126562500000000355e+00 1.017160376397688104e+01
9.130078125000000711e+00 1.016593224626809899e+01
9.133593750000001066e+00 1.016012418126892314e+01
9.137109374999999645e+00 1.015418041324956988e+01
9.140625000000000000e+00 1.014810187058213309e+01
9.144140625000000355e+00 1.014188956136696618e+01
9.147656250000000711e+00 1.013554456011019589e+01
9.151171875000001066e+00 1.012906798897229876e+01
9.154687499999999645e+00 1.012246099851438785e+01
9.158203125000000000e+00 1.011572475292276252e+01
9.161718750000000355e+00 1.010886042345562430e+01
9.165234375000000711e+00 1.010186919173302300e+01
9.168750000000001066e+00 1.009475226209189813e+01
9.172265624999999645e+00 1.008751088018144060e+01
9.175781250000000000e+00 1.008014635376098944e+01
9.179296875000000355e+00 1.007266007150674447e+01
9.182812500000000711e+00 1.006505351647845892e+01
9.186328125000001066e+00 1.005732827245677719e+01
9.189843749999999645e+00 1.004948602321834272e+01
9.193359375000000000e+00 1.004152854652866367e+01
9.196875000000000355e+00 1.003345770583343821e+01
9.200390625000000711e+00 1.002527544308577134e+01
9.203906250000001066e+00 1.001698377579749177e+01
9.207421874999999645e+00 1.000858480035951636e+01
9.210937500000000000e+00 1.000008070219718448e+01
9.214453125000000355e+00 9.991473771768189849e+00
9.217968750000000711e+00 9.982766424149325246e+00
9.221484375000001066e+00 9.973961219305554238e+00
9.224999999999999645e+00 9.965060880253410858e+00
9.228515625000000000e+00 9.956068307183866040e+00
9.232031250000000355e+00 9.946986586958054488e+00
9.235546875000000711e+00 9.937818998851362551e+00
9.239062500000001066e+00 9.928569018578318861e+00
9.242578124999999645e+00 9.919240323150145144e+00
9.246093750000000000e+00 9.909836798849635642e+00
9.249609375000000355e+00 9.900362553629914686e+00
9.253125000000000711e+00 9.890821933823261247e+00
9.256640625000001066e+00 9.881219543561057250e+00
9.260156249999999645e+00 9.871560264130607720e+00
9.263671875000000000e+00 9.861849269907210669e+00
9.267187500000000355e+00 9.852092037622849574e+00
9.270703125000000711e+00 9.842294346524322890e+00
9.274218750000001066e+00 9.832462268253134852e+00
9.277734374999999645e+00 9.822602146779416898e+00
9.281250000000000000e+00 9.812720570142520415e+00
9.284765625000000355e+00 9.802824336817193895e+00
9.288281250000000711e+00 9.792920420033826900e+00
9.291796875000001066e+00 9.783015933241969719e+00
9.295312499999999645e+00 9.773118099156427263e+00
9.298828125000000000e+00 9.763234223629520869e+00
9.302343750000000355e+00 9.753371674213585862e+00
9.305859375000000711e+00 9.743537862019231000e+00
9.309375000000001066e+00 9.733740224618200543e+00
9.312890624999999645e+00 9.723986207476809085e+00
9.316406250000000000e+00 9.714283241793022938e+00
9.319921875000000355e+00 9.704638717551283378e+00
9.323437500000000711e+00 9.695059951872767812e+00
9.326953125000001066e+00 9.685554154011159156e+00
9.330468749999999645e+00 9.676128389300535204e+00
9.333984375000000000e+00 9.666789544750368890e+00
9.337500000000000355e+00 9.657544298690389439e+00
9.341015625000000711e+00 9.648399095959687699e+00
9.344531250000001066e+00 9.639360128843168951e+00
9.348046874999999645e+00 9.630433322629098569e+00
9.351562500000000000e+00 9.621624323658551248e+00
9.355078125000000355e+00 9.612938487343477334e+00
9.358593750000000711e+00 9.604380863962084902e+00
9.362109375000001066e+00 9.595956181013328035e+00
9.365624999999999645e+00 9.587668822261457890e+00
9.369140625000000000e+00 9.579522804952702586e+00
9.372656250000000355e+00 9.571521757662356578e+00
9.376171875000000711e+00 9.563668901556217961e+00
9.379687500000001066e+00 9.555967037429734745e+00
9.383203124999999645e+00 9.548418539832912444e+00
9.386718750000000000e+00 9.541025358189347827e+00
9.390234375000000355e+00 9.533789023462668766e+00
9.393750000000000711e+00 9.526710657991849018e+00
9.397265625000001066e+00 9.519790985867413013e+00
9.400781249999999645e+00 9.513030341715170479e+00
9.404296875000000000e+00 9.506428676836538472e+00
9.407812500000000355e+00 9.499985562996357658e+00
9.411328125000000711e+00 9.493700195348587556e+00
9.414843750000001066e+00 9.487571396698943005e+00
9.418359374999999645e+00 9.481597625332264911e+00
9.421875000000000000e+00 9.475776988009631197e+00
9.425390625000000355e+00 9.470107258692539887e+00
9.428906250000000711e+00 9.464585902422914643e+00
9.432421875000001066e+00 9.459210102918017782e+00
9.435937499999999645e+00 9.453976792053957467e+00
9.439453125000000000e+00 9.448882679555079989e+00
9.442968750000000355e+00 9.443924281747362315e+00
9.446484375000000711e+00 9.439097948929148885e+00
9.450000000000001066e+00 9.434399891505908187e+00
9.453515624999999645e+00 9.429826205349606028e+00
9.457031250000000000e+00 9.425372896827973079e+00
9.460546875000000355e+00 9.421035907679900845e+00
9.464062500000000711e+00 9.416811139541465536e+00
9.467578125000001066e+00 9.412694477612305377e+00
9.471093749999999645e+00 9.408681812802996092e+00
9.474609375000000000e+00 9.404769061752478621e+00
9.478125000000000355e+00 9.400952184309499415e+00
9.481640625000000711e+00 9.397227198351963295e+00
9.485156250000001066e+00 9.393590192085312651e+00
9.488671874999999645e+00 9.390037334151235981e+00
9.492187500000000000e+00 9.386564881959358786e+00
9.495703125000000355e+00 9.383169188627253021e+00
9.499218750000000711e+00 9.379846708799620458e+00
9.502734375000001066e+00 9.376594003451630854e+00
9.506249999999999645e+00 9.373407743607970133e+00
9.509765625000000000e+00 9.370284712776076219e+00
9.513281250000000355e+00 9.367221807844440917e+00
9.516796875000000711e+00 9.364216038263883490e+00
9.520312500000001066e+00 9.361264523512392799e+00
9.523828124999999645e+00 9.358364489106509865e+00
9.527343750000000000e+00 9.355513261694024862e+00
9.530859375000000355e+00 9.352708263958474433e+00
9.534375000000000711e+00 9.349947010109929124e+00
9.537890625000001066e+00 9.347227102592171377e+00
9.541406249999999645e+00 9.344546230321807201e+00
9.544921875000000000e+00 9.341902168362835823e+00
9.548437500000000355e+00 9.339292778536961492e+00
9.551953125000000711e+00 9.336716010183245373e+00
9.555468750000001066e+00 9.334169900185044000e+00
9.558984374999999645e+00 9.331652571496711346e+00
9.562500000000000000e+00 9.329162229689284658e+00
9.566015625000000355e+00 9.326697157413750716e+00
9.569531250000000711e+00 9.324255707062867771e+00
9.573046875000001066e+00 9.321836292222602793e+00
9.576562499999999645e+00 9.319437378698296470e+00
9.580078125000000000e+00 9.317057475964212188e+00
9.583593750000000355e+00 9.314695129822386122e+00
9.587109375000000711e+00 9.312348916881122207e+00
9.590625000000001066e+00 9.310017441195345356e+00
9.594140624999999645e+00 9.307699333084865856e+00
9.597656250000000000e+00 9.305393249817536017e+00
9.601171875000000355e+00 9.303097877582555242e+00
9.604687500000000711e+00 9.300811934052156005e+00
9.608203125000001066e+00 9.298534170873960392e+00
9.611718749999999645e+00 9.296263375636723225e+00
9.615234375000000000e+00 9.293998373143043779e+00
9.618750000000000355e+00 9.291738026108021131e+00
9.622265625000000711e+00 9.289481235593125774e+00
9.625781250000001066e+00 9.287226941527778834e+00
9.629296874999999645e+00 9.284974123568570548e+00
9.632812500000000000e+00 9.282721802345868412e+00
9.636328125000000355e+00 9.280469040923268409e+00
9.639843750000000711e+00 9.278214946121345008e+00
9.643359375000001066e+00 9.275958669286747948e+00
9.646874999999999645e+00 9.273699406142803525e+00
9.650390625000000000e+00 9.271436395524961682e+00
9.653906250000000355e+00 9.269168917039060318e+00
9.657421875000000711e+00 9.266896287917877117e+00
9.660937500000001066e+00 9.264617859523152532e+00
9.664453124999999645e+00 9.262333013994833664e+00
9.667968750000000000e+00 9.260041161468279824e+00
9.671484375000000355e+00 9.257741738088235195e+00
9.675000000000000711e+00 9.255434204804615206e+00
9.678515625000001066e+00 9.253118046716441114e+00
9.682031249999999645e+00 9.250792772603553260e+00
9.685546875000000000e+00 9.248457914288167103e+00
9.689062500000000355e+00 9.246113025594480561e+00
9.692578125000000711e+00 9.243757680881524053e+00
9.696093750000001066e+00 9.241391473347132290e+00
9.699609374999999645e+00 9.239014013473195064e+00
9.703125000000000000e+00 9.236624928057352690e+00
9.706640625000000355e+00 9.234223860237381842e+00
9.710156250000000711e+00 9.231810470777954691e+00
9.713671875000001066e+00 9.229384440695064029e+00
9.717187499999999645e+00 9.226945475093376814e+00
9.720703125000000000e+00 9.224493307931890484e+00
9.724218750000000355e+00 9.222027707344969016e+00
9.727734375000000711e+00 9.219548481136030205e+00
9.731250000000001066e+00 9.217055482117997300e+00
9.734765624999999645e+00 9.214548613071425365e+00
9.738281250000000000e+00 9.212027831199826267e+00
9.741796875000000355e+00 9.209493152059495813e+00
9.745312500000000711e+00 9.206944653016158497e+00
9.748828125000001066e+00 9.204382476331545604e+00
9.752343749999999645e+00 9.201806832012547233e+00
9.755859375000000000e+00 9.199218000567736198e+00
9.759375000000000355e+00 9.196616335810386289e+00
9.762890625000000711e+00 9.194002267820099661e+00
9.766406250000001066e+00 9.191376306122247541e+00
9.769921874999999645e+00 9.188739043064888534e+00
9.773437500000000000e+00 9.186091157272084473e+00
9.776953125000000355e+00 9.183433416943755034e+00
9.780468750000000711e+00 9.180766682673343837e+00
9.783984375000001066e+00 9.178091909384310298e+00
9.787499999999999645e+00 9.175410146959380953e+00
9.791015625000000000e+00 9.172722539159394728e+00
9.794531250000000355e+00 9.170030320499064302e+00
9.798046875000000711e+00 9.167334810855194860e+00
9.801562500000001066e+00 9.164637407712691086e+00
9.805078124999999645e+00 9.161939576087448245e+00
9.808593750000000000e+00 9.159242836284198219e+00
9.812109375000000355e+00 9.156548749736057147e+00
9.815625000000000711e+00 9.153858903217898302e+00
9.819140625000001066e+00 9.151174891722369864e+00
9.822656249999999645e+00 9.148498300236928671e+00
9.826171875000000000e+00 9.145830684575233960e+00
9.829687500000000355e+00 9.143173551317570258e+00
9.833203125000000711e+00 9.140528336828470657e+00
9.836718750000001066e+00 9.137896385269918653e+00
9.840234374999999645e+00 9.135278925529497940e+00
9.843750000000000000e+00 9.132677047033556761e+00
9.847265625000000355e+00 9.130091674498949317e+00
9.850781250000000711e+00 9.127523541764581694e+00
9.854296875000001066e+00 9.124973164907995482e+00
9.857812499999999645e+00 9.122440814874865467e+00
9.861328125000000000e+00 9.119926489833192207e+00
9.864843750000000355e+00 9.117429887432290769e+00
9.868359375000000711e+00 9.114950377139734883e+00
9.871875000000001066e+00 9.112486972892764214e+00
9.875390624999999645e+00 9.110038306475200187e+00
9.878906250000000000e+00 9.107602602341975384e+00
9.882421875000000355e+00 9.105177655060884945e+00
9.885937500000000711e+00 9.102760811094380955e+00
9.889453125000001066e+00 9.100348957235986802e+00
9.892968749999999645e+00 9.097938518545074515e+00
9.896484375000000000e+00 9.095525468968645555e+00
9.900000000000000355e+00 9.093105357879604611e+00
9.903515625000000711e+00 9.090673355413532164e+00
9.907031250000001066e+00 9.088224318730400597e+00
9.910546874999999645e+00 9.085752880226145578e+00
9.914062500000000000e+00 9.083253557414991519e+00
9.917578125000000355e+00 9.080720882898219770e+00
9.921093750000000711e+00 9.078149551750406943e+00
9.924609375000001066e+00 9.075534582981727993e+00
9.928124999999999645e+00 9.072871491580151826e+00
9.931640625000000000e+00 9.070156467968246261e+00
9.935156250000000355e+00 9.067386562325797428e+00
9.938671875000000711e+00 9.064559871776122435e+00
9.942187500000001066e+00 9.061675728466290991e+00
9.945703124999999645e+00 9.058734885671363202e+00
9.949218750000000000e+00 9.055739696965080299e+00
9.952734375000000355e+00 9.052694280251433412e+00
9.956250000000000711e+00 9.049604654426467221e+00
9.959765625000001066e+00 9.046478832381632529e+00
9.963281249999999645e+00 9.043326850996665556e+00
9.966796875000000000e+00 9.040160717840240778e+00
9.970312500000000355e+00 9.036994256483485088e+00
9.973828125000000711e+00 9.033842838146391330e+00
9.977343750000001066e+00 9.030722996618830933e+00
9.980859374999999645e+00 9.027651934995724048e+00
9.984375000000000000e+00 9.024646945087903660e+00
9.987890625000000355e+00 9.021724771547196653e+00
9.991406250000000711e+00 9.018900961135852157e+00
9.994921875000001066e+00 9.016189242057443209e+00
9.998437499999999645e+00 9.013600978300551958e+00
1.000195312500000000e+01 9.011144739444937102e+00
1.000546875000000036e+01 9.008826017627626470e+00
1.000898437500000071e+01 9.006647111038990516e+00
1.001250000000000107e+01 9.004607178582617166e+00
1.001601562499999964e+01 9.002702454879099037e+00
1.001953125000000000e+01 9.000926600687758850e+00
1.002304687500000036e+01 8.999271153135127932e+00
1.002656250000000071e+01 8.997726034474471390e+00
1.003007812500000107e+01 8.996280078124744506e+00
1.003359374999999964e+01 8.994921535928941836e+00
1.003710937500000000e+01 8.993638539293655754e+00
1.004062500000000036e+01 8.992419496819483271e+00
1.004414062500000071e+01 8.991253419945881120e+00
1.004765625000000107e+01 8.990130174510877481e+00
1.005117187499999964e+01 8.989040659642132169e+00
1.005468750000000000e+01 8.987976916848051445e+00
1.005820312500000036e+01 8.986932172978463029e+00
1.006171875000000071e+01 8.985900822173839231e+00
1.006523437500000107e+01 8.984878354586051330e+00
1.006874999999999964e+01 8.983861243127359231e+00
1.007226562500000000e+01 8.982846802650477969e+00
1.007578125000000036e+01 8.981833037503646366e+00
1.007929687500000071e+01 8.980818492557787636e+00
1.008281250000000107e+01 8.979802119646798531e+00
1.008632812499999964e+01 8.978783166768410595e+00
1.008984375000000000e+01 8.977761092596180603e+00
1.009335937500000036e+01 8.976735504916572239e+00
1.009687500000000071e+01 8.975706119066195754e+00
1.010039062500000107e+01 8.974672731281973626e+00
1.010390624999999964e+01 8.973635201742261813e+00
1.010742187500000000e+01 8.972593442591190183e+00
1.011093750000000036e+01 8.971547407164866428e+00
1.011445312500000071e+01 8.970497077867541691e+00
1.011796875000000107e+01 8.969442451567420704e+00
1.012148437499999964e+01 8.968383522787938489e+00
1.012500000000000000e+01 8.967320266074903401e+00
1.012851562500000036e+01 8.966252619478005670e+00
1.013203125000000071e+01 8.965180471013027841e+00
1.013554687500000107e+01 8.964103649385286587e+00
1.013906249999999964e+01 8.963021919410378402e+00
1.014257812500000000e+01 8.961934981745596218e+00
1.014609375000000036e+01 8.960842475952471631e+00
1.014960937500000071e+01 8.959743985641090092e+00
1.015312500000000107e+01 8.958639044486183423e+00
1.015664062499999964e+01 8.957527142168828505e+00
1.016015625000000000e+01 8.956407729670081252e+00
1.016367187500000036e+01 8.955280223710493814e+00
1.016718750000000071e+01 8.954144010406896115e+00
1.017070312500000107e+01 8.952998448362119888e+00
1.017421874999999964e+01 8.951842871417648340e+00
1.017773437500000000e+01 8.950676591221743195e+00
1.018125000000000036e+01 8.949498899650802031e+00
1.018476562500000071e+01 8.948309071020890570e+00
1.018828125000000107e+01 8.947106363971350618e+00
1.019179687499999964e+01 8.945890022902524663e+00
1.019531250000000000e+01 8.944659278893521304e+00
1.019882812500000036e+01 8.943413350092217939e+00
1.020234375000000071e+01 8.942151441635495246e+00
1.020585937500000107e+01 8.940872745207810723e+00
1.020937499999999964e+01 8.939576438374857048e+00
1.021289062500000000e+01 8.938261683839566984e+00
1.021640625000000036e+01 8.936927628766941467e+00
1.021992187500000071e+01 8.935573404318773783e+00
1.022343750000000107e+01 8.934198125530787848e+00
1.022695312499999964e+01 8.932800891651355712e+00
1.023046875000000000e+01 8.931380787037703328e+00
1.023398437500000036e+01 8.929936882669180065e+00
1.023750000000000071e+01 8.928468238288456149e+00
1.024101562500000107e+01 8.926973905125613840e+00
1.024453124999999964e+01 8.925452929106224786e+00
1.024804687500000000e+01 8.923904354402235839e+00
1.025156250000000036e+01 8.922327227161623853e+00
1.025507812500000071e+01 8.920720599252440763e+00
1.025859375000000107e+01 8.919083531877692650e+00
1.026210937499999964e+01 8.917415098954112551e+00
1.026562500000000000e+01 8.915714390191826766e+00
1.026914062500000036e+01 8.913980513855904064e+00
1.027265625000000071e+01 8.912212599226826626e+00
1.027617187500000107e+01 8.910409798800785097e+00
1.027968749999999964e+01 8.908571290280129062e+00
1.028320312500000000e+01 8.906696278399856226e+00
1.028671875000000036e+01 8.904783996620810882e+00
1.029023437500000071e+01 8.902833708698956627e+00
1.029375000000000107e+01 8.900844710117787884e+00
1.029726562499999964e+01 8.898816329352765564e+00
1.030078125000000000e+01 8.896747928925872628e+00
1.030429687500000036e+01 8.894638906206687068e+00
1.030781250000000071e+01 8.892488693923414900e+00
1.031132812500000107e+01 8.890296760361005468e+00
1.031484374999999964e+01 8.888062609241048406e+00
1.031835937500000000e+01 8.885785779296242026e+00
1.032187500000000036e+01 8.883465843568849607e+00
1.032539062500000071e+01 8.881102408475566534e+00
1.032890625000000107e+01 8.878695112690671465e+00
1.033242187499999964e+01 8.876243625905328116e+00
1.033593750000000000e+01 8.873747647524520943e+00
1.033945312500000036e+01 8.871206905365337292e+00
1.034296875000000071e+01 8.868621154421857611e+00
1.034648437500000107e+01 8.865990175762824776e+00
1.034999999999999964e+01 8.863313775628153479e+00
1.035351562500000000e+01 8.860591784787821723e+00
1.035703125000000036e+01 8.857824058220650443e+00
1.036054687500000071e+01 8.855010475159090788e+00
1.036406250000000107e+01 8.852150939528794282e+00
1.036757812499999964e+01 8.849245380788012483e+00
1.037109375000000000e+01 8.846293755142841775e+00
1.037460937500000036e+01 8.843296047082437994e+00
1.037812500000000071e+01 8.840252271146884055e+00
1.038164062500000107e+01 8.837162473814046848e+00
1.038515624999999964e+01 8.834026735374902017e+00
1.038867187500000000e+01 8.830845171663083804e+00
1.039218750000000036e+01 8.827617935516531844e+00
1.039570312500000071e+01 8.824345217876381042e+00
1.039921875000000107e+01 8.821027248468627846e+00
1.040273437499999964e+01 8.817664296062185159e+00
1.040625000000000000e+01 8.814256668346175161e+00
1.040976562500000036e+01 8.810804711512080445e+00
1.041328125000000071e+01 8.807308809656213100e+00
1.041679687500000107e+01 8.803769384129815023e+00
1.042031249999999964e+01 8.800186892956579854e+00
1.042382812500000000e+01 8.796561830411953053e+00
1.042734375000000036e+01 8.792894726820222218e+00
1.043085937500000071e+01 8.789186148581336511e+00
1.043437500000000107e+01 8.785436698397404598e+00
1.043789062499999964e+01 8.781647015635806852e+00
1.044140625000000000e+01 8.777817776746456246e+00
1.044492187500000036e+01 8.773949695646294344e+00
1.044843750000000071e+01 8.770043523992534062e+00
1.045195312500000107e+01 8.766100051283327588e+00
1.045546874999999964e+01 8.762120104745083182e+00
1.045898437500000000e+01 8.758104548984864124e+00
1.046250000000000036e+01 8.754054285401338120e+00
1.046601562500000071e+01 8.749970251358249129e+00
1.046953125000000107e+01 8.745853419131677242e+00
1.047304687499999964e+01 8.741704794648844867e+00
1.047656250000000000e+01 8.737525416043361304e+00
1.048007812500000036e+01 8.733316352059876664e+00
1.048359375000000071e+01 8.729078700347592701e+00
1.048710937500000107e+01 8.724813585684337625e+00
1.049062499999999964e+01 8.720522158167554494e+00
1.049414062500000000e+01 8.716205591395066676e+00
1.049765625000000036e+01 8.711865080638460768e+00
1.050117187500000071e+01 8.707501840990399700e+00
1.050468750000000107e+01 8.703117105450168367e+00
1.050820312499999964e+01 8.698712122904067812e+00
1.051171875000000000e+01 8.694288155961441333e+00
1.051523437500000036e+01 8.689846478619898562e+00
1.051875000000000071e+01 8.685388373748542890e+00
1.052226562500000107e+01 8.680915130386150480e+00
1.052578124999999964e+01 8.676428040845401313e+00
1.052929687500000000e+01 8.671928397592685300e+00
1.053281250000000036e+01 8.667417489843431966e+00
1.053632812500000071e+01 8.662896599792684782e+00
1.053984375000000107e+01 8.658366998411070270e+00
1.054335937499999964e+01 8.653829940794276254e+00
1.054687500000000000e+01 8.649286661159610645e+00
1.055039062500000036e+01 8.644738367712708538e+00
1.055390625000000071e+01 8.640186237716818596e+00
1.055742187500000107e+01 8.635631413137616619e+00
1.056093749999999964e+01 8.631074997177323738e+00
1.056445312500000000e+01 8.626518051860220027e+00
1.056796875000000036e+01 8.621961596634474034e+00
1.057148437500000071e+01 8.617406607782800876e+00
1.057500000000000107e+01 8.612854018347263718e+00
1.057851562499999964e+01 8.608304718294858660e+00
1.058203125000000000e+01 8.603759554754935479e+00
1.058554687500000036e+01 8.599219332288791762e+00
1.058906250000000071e+01 8.594684813244409582e+00
1.059257812500000107e+01 8.590156718270277381e+00
1.059609374999999964e+01 8.585635727015677787e+00
1.059960937500000000e+01 8.581122478965827582e+00
1.060312500000000036e+01 8.576617574293130986e+00
1.060664062500000071e+01 8.572121574582215686e+00
1.061015625000000107e+01 8.567635003312876307e+00
1.061367187499999964e+01 8.563158346046188640e+00
1.061718750000000000e+01 8.558692050327737277e+00
1.062070312500000036e+01 8.554236525374083300e+00
1.062421875000000071e+01 8.549792141631133546e+00
1.062773437500000107e+01 8.545359230286637242e+00
1.063124999999999964e+01 8.540938082792770558e+00
1.063476562500000000e+01 8.536528950421278239e+00
1.063828125000000036e+01 8.532132043842084457e+00
1.064179687500000071e+01 8.527747532692368182e+00
1.064531250000000107e+01 8.523375545088416771e+00
1.064882812499999964e+01 8.519016167028127029e+00
1.065234375000000000e+01 8.514669441638186953e+00
1.065585937500000036e+01 8.510335368237200271e+00
1.065937500000000071e+01 8.506013901212273964e+00
1.066289062500000107e+01 8.501704948737641487e+00
1.066640624999999964e+01 8.497408371392662474e+00
1.066992187500000000e+01 8.493123980756747571e+00
1.067343750000000036e+01 8.488851538065482316e+00
1.067695312500000071e+01 8.484590753005559094e+00
1.068046875000000107e+01 8.480341282709197515e+00
1.068398437499999964e+01 8.476102730987925327e+00
1.068750000000000000e+01 8.471874647826876270e+00
1.069101562500000036e+01 8.467656529149138578e+00
1.069453125000000071e+01 8.463447816856859873e+00
1.069804687500000107e+01 8.459247899161676187e+00
1.070156249999999964e+01 8.455056111228552496e+00
1.070507812500000000e+01 8.450871736171116311e+00
1.070859375000000036e+01 8.446694006448570491e+00
1.071210937500000071e+01 8.442522105721419479e+00
1.071562500000000107e+01 8.438355171223001605e+00
1.071914062499999964e+01 8.434192296695595559e+00
1.072265625000000000e+01 8.430032535924592452e+00
1.072617187500000036e+01 8.425874906884255111e+00
1.072968750000000071e+01 8.421718396486424396e+00
1.073320312500000107e+01 8.417561965902608634e+00
1.073671874999999964e+01 8.413404556411531843e+00
1.074023437500000000e+01 8.409245095710087270e+00
1.074375000000000036e+01 8.405082504615284833e+00
1.074726562500000071e+01 8.400915704077860369e+00
1.075078125000000107e+01 8.396743622423961995e+00
1.075429687499999964e+01 8.392565202739003638e+00
1.075781250000000000e+01 8.388379410307472028e+00
1.076132812500000036e+01 8.384185240023573016e+00
1.076484375000000071e+01 8.379981723690244522e+00
1.076835937500000107e+01 8.375767937127395868e+00
1.077187499999999964e+01 8.371543007013645621e+00
1.077539062500000000e+01 8.367306117388391584e+00
1.077890625000000036e+01 8.363056515742531616e+00
1.078242187500000071e+01 8.358793518626516317e+00
1.078593750000000107e+01 8.354516516704377338e+00
1.078945312499999964e+01 8.350224979182829799e+00
1.079296875000000000e+01 8.345918457545899116e+00
1.079648437500000036e+01 8.341596588528396694e+00
1.080000000000000071e+01 8.337259096265654534e+00
1.080351562500000107e+01 8.332905793562417784e+00
1.080703124999999964e+01 8.328536582230686491e+00
1.081054687500000000e+01 8.324151452455641476e+00
1.081406250000000036e+01 8.319750481160934186e+00
1.081757812500000071e+01 8.315333829360678664e+00
1.082109375000000107e+01 8.310901738505382497e+00
1.082460937499999964e+01 8.306454525851862059e+00
1.082812500000000000e+01 8.301992578911622900e+00
1.083164062500000036e+01 8.297516349056103024e+00
1.083515625000000071e+01 8.293026344378755965e+00
1.083867187500000107e+01 8.288523121931813620e+00
1.084218749999999964e+01 8.284007279468536211e+00
1.084570312500000000e+01 8.279479446830311673e+00
1.084921875000000036e+01 8.274940277121565657e+00
1.085273437500000071e+01 8.270390437815517970e+00
1.085625000000000107e+01 8.265830601930463928e+00
1.085976562499999964e+01 8.261261439410478857e+00
1.086328125000000000e+01 8.256683608836418387e+00
1.086679687500000036e+01 8.252097749583526820e+00
1.087031250000000071e+01 8.247504474530710894e+00
1.087382812500000107e+01 8.242904363413945390e+00
1.087734374999999964e+01 8.238297956902577823e+00
1.088085937500000000e+01 8.233685751462312297e+00
1.088437500000000036e+01 8.229068195052903434e+00
1.088789062500000071e+01 8.224445683692007236e+00
1.089140625000000107e+01 8.219818558899515182e+00
1.089492187499999964e+01 8.215187106019314456e+00
1.089843750000000000e+01 8.210551553398278912e+00
1.090195312500000036e+01 8.205912072386144729e+00
1.090546875000000071e+01 8.201268778105362145e+00
1.090898437500000107e+01 8.196621730928345784e+00
1.091249999999999964e+01 8.191970938591055074e+00
1.091601562500000000e+01 8.187316358867324340e+00
1.091953125000000036e+01 8.182657902727683563e+00
1.092304687500000071e+01 8.177995437909009624e+00
1.092656250000000107e+01 8.173328792826445977e+00
1.093007812499999964e+01 8.168657760765494658e+00
1.093359375000000000e+01 8.163982104298749931e+00
1.093710937500000036e+01 8.159301559877475185e+00
1.094062500000000071e+01 8.154615842552505711e+00
1.094414062500000107e+01 8.149924650781304791e+00
1.094765624999999964e+01 8.145227671278799875e+00
1.095117187500000000e+01 8.140524583868781860e+00
1.095468750000000036e+01 8.135815066291051778e+00
1.095820312500000071e+01 8.131098798917175685e+00
1.096171875000000107e+01 8.126375469325324730e+00
1.096523437499999964e+01 8.121644776681982592e+00
1.096875000000000000e+01 8.116906435876032333e+00
1.097226562500000036e+01 8.112160181348397003e+00
1.097578125000000071e+01 8.107405770559132918e+00
1.097929687500000107e+01 8.102642987033442878e+00
1.098281249999999964e+01 8.097871642929845848e+00
1.098632812500000000e+01 8.093091581078127206e+00
1.098984375000000036e+01 8.088302676442285843e+00
1.099335937500000071e+01 8.083504836975006214e+00
1.099687500000000107e+01 8.078698003844845488e+00
1.100039062499999964e+01 8.073882151034782240e+00
1.100390625000000000e+01 8.069057284329787194e+00
1.100742187500000036e+01 8.064223439730319853e+00
1.101093750000000071e+01 8.059380681346464570e+00
1.101445312500000107e+01 8.054529098842603929e+00
1.101796874999999964e+01 8.049668804514050535e+00
1.102148437500000000e+01 8.044799930084566952e+00
1.102500000000000036e+01 8.039922623317583117e+00
1.102851562500000071e+01 8.035037044534441009e+00
1.103203125000000107e+01 8.030143363131504231e+00
1.103554687499999964e+01 8.025241754184808229e+00
1.103906250000000000e+01 8.020332395227143252e+00
1.104257812500000036e+01 8.015415463277797414e+00
1.104609375000000071e+01 8.010491132199582864e+00
1.104960937500000107e+01 8.005559570450856199e+00
1.105312499999999964e+01 8.000620939290897127e+00
1.105664062500000000e+01 7.995675391485612238e+00
1.106015625000000036e+01 7.990723070546103202e+00
1.106367187500000071e+01 7.985764110516472947e+00
1.106718750000000107e+01 7.980798636309313743e+00
1.107070312499999964e+01 7.975826764569378113e+00
1.107421875000000000e+01 7.970848605028544753e+00
1.107773437500000036e+01 7.965864262299606757e+00
1.108125000000000071e+01 7.960873838043006856e+00
1.108476562500000107e+01 7.955877433429765944e+00
1.108828124999999964e+01 7.950875151815187891e+00
1.109179687500000000e+01 7.945867101531327137e+00
1.109531250000000036e+01 7.940853398701266386e+00
1.109882812500000071e+01 7.935834169975058749e+00
1.110234375000000107e+01 7.930809555086020701e+00
1.110585937499999964e+01 7.925779709127546369e+00
1.110937500000000000e+01 7.920744804455580379e+00
1.111289062500000036e+01 7.915705032131123531e+00
1.111640625000000071e+01 7.910660602830908772e+00
1.111992187500000107e+01 7.905611747172729409e+00
1.112343749999999964e+01 7.900558715423804834e+00
1.112695312500000000e+01 7.895501776584929132e+00
1.113046875000000036e+01 7.890441216868087970e+00
1.113398437500000071e+01 7.885377337609130954e+00
1.113750000000000107e+01 7.880310452678203958e+00
1.114101562499999964e+01 7.875240885467993834e+00
1.114453125000000000e+01 7.870168965552732487e+00
1.114804687500000036e+01 7.865095025119153149e+00
1.115156250000000071e+01 7.860019395274713716e+00
1.115507812500000107e+01 7.854942402338644492e+00
1.115859374999999964e+01 7.849864364218509749e+00
1.116210937500000000e+01 7.844785586969326374e+00
1.116562500000000036e+01 7.839706361624110720e+00
1.116914062500000071e+01 7.834626961374263843e+00
1.117265625000000107e+01 7.829547639165445716e+00
1.117617187499999964e+01 7.824468625759826601e+00
1.117968750000000000e+01 7.819390128299051668e+00
1.118320312500000036e+01 7.814312329384853761e+00
1.118671875000000071e+01 7.809235386676426138e+00
1.119023437500000107e+01 7.804159432986836009e+00
1.119374999999999964e+01 7.799084576845526584e+00
1.119726562500000000e+01 7.794010903481329855e+00
1.120078125000000036e+01 7.788938476170782721e+00
1.120429687500000071e+01 7.783867337890240989e+00
1.120781250000000107e+01 7.778797513207088343e+00
1.121132812499999964e+01 7.773729010345053148e+00
1.121484375000000000e+01 7.768661823360811347e+00
1.121835937500000036e+01 7.763595934373116236e+00
1.122187500000000071e+01 7.758531315791298510e+00
1.122539062500000107e+01 7.753467932496565851e+00
1.122890624999999964e+01 7.748405743936783274e+00
1.123242187500000000e+01 7.743344706102783803e+00
1.123593750000000036e+01 7.738284773361539415e+00
1.123945312500000071e+01 7.733225900128124941e+00
1.124296875000000107e+01 7.728168042364283785e+00
1.124648437499999964e+01 7.723111158896263539e+00
1.125000000000000000e+01 7.718055212548604160e+00
1.125351562500000036e+01 7.713000171093882251e+00
1.125703125000000071e+01 7.707946008021369977e+00
1.126054687500000107e+01 7.702892703130597596e+00
1.126406249999999964e+01 7.697840242958902124e+00
1.126757812500000000e+01 7.692788621055483667e+00
1.127109375000000036e+01 7.687737838117767453e+00
1.127460937500000071e+01 7.682687902008753511e+00
1.127812500000000107e+01 7.677638827675806965e+00
1.128164062499999964e+01 7.672590636991731827e+00
1.128515625000000000e+01 7.667543358537606935e+00
1.128867187500000036e+01 7.662497027344095102e+00
1.129218750000000071e+01 7.657451684604088982e+00
1.129570312500000107e+01 7.652407377365666008e+00
1.129921874999999964e+01 7.647364158211058083e+00
1.130273437500000000e+01 7.642322084925565306e+00
1.130625000000000036e+01 7.637281220160296868e+00
1.130976562500000071e+01 7.632241631094263568e+00
1.131328125000000107e+01 7.627203389103717868e+00
1.131679687499999964e+01 7.622166569449136730e+00
1.132031250000000000e+01 7.617131250991315383e+00
1.132382812500000036e+01 7.612097515947157333e+00
1.132734375000000071e+01 7.607065449692429482e+00
1.133085937500000107e+01 7.602035140613237374e+00
1.133437499999999964e+01 7.597006680001436862e+00
1.133789062500000000e+01 7.591980161982830211e+00
1.134140625000000036e+01 7.586955683462434763e+00
1.134492187500000071e+01 7.581933344069556213e+00
1.134843750000000107e+01 7.576913246087398690e+00
1.135195312499999964e+01 7.571895494357223200e+00
1.135546875000000000e+01 7.566880196154507132e+00
1.135898437500000036e+01 7.561867461042503180e+00
1.136250000000000071e+01 7.556857400714905637e+00
1.136601562500000107e+01 7.551850128842703569e+00
1.136953124999999964e+01 7.546845760939358883e+00
1.137304687500000000e+01 7.541844414253683127e+00
1.137656250000000036e+01 7.536846207691983324e+00
1.138007812500000071e+01 7.531851261762190219e+00
1.138359375000000107e+01 7.526859698525035114e+00
1.138710937499999964e+01 7.521871641532785091e+00
1.139062500000000000e+01 7.516887215735948757e+00
1.139414062500000036e+01 7.511906547342833029e+00
1.139765625000000071e+01 7.506929763624980545e+00
1.140117187500000107e+01 7.501956992671335200e+00
1.140468749999999964e+01 7.496988363103243458e+00
1.140820312500000000e+01 7.492024003768797513e+00
1.141171875000000036e+01 7.487064043437078986e+00
1.141523437500000071e+01 7.482108610510206148e+00
1.141875000000000107e+01 7.477157832764383727e+00
1.142226562499999964e+01 7.472211837122344491e+00
1.142578125000000000e+01 7.467270749450719336e+00
1.142929687500000036e+01 7.462334694369382682e+00
1.143281250000000071e+01 7.457403795057121698e+00
1.143632812500000107e+01 7.452478173039569498e+00
1.143984374999999964e+01 7.447557947950727453e+00
1.144335937500000000e+01 7.442643237266826972e+00
1.144687500000000036e+01 7.437734156018880327e+00
1.145039062500000071e+01 7.432830816495792803e+00
1.145390625000000107e+01 7.427933327952221276e+00
1.145742187499999964e+01 7.423041796333777143e+00
1.146093750000000000e+01 7.418156324027338044e+00
1.146445312500000036e+01 7.413277009637688764e+00
1.146796875000000071e+01 7.408403947785050292e+00
1.147148437500000107e+01 7.403537228913365631e+00
1.147499999999999964e+01 7.398676939097427407e+00
1.147851562500000000e+01 7.393823159838674997e+00
1.148203125000000036e+01 7.388975967844033654e+00
1.148554687500000071e+01 7.384135434788350771e+00
1.148906250000000107e+01 7.379301627067184732e+00
1.149257812499999964e+01 7.374474605551244899e+00
1.149609375000000000e+01 7.369654425355757432e+00
1.149960937500000036e+01 7.364841135637004932e+00
1.150312500000000071e+01 7.360034779424581508e+00
1.150664062500000107e+01 7.355235393492742801e+00
1.151015624999999964e+01 7.350443008268682021e+00
1.151367187500000000e+01 7.345657647771001386e+00
1.151718750000000036e+01 7.340879329568926082e+00
1.152070312500000071e+01 7.336108064752263402e+00
1.152421875000000107e+01 7.331343857903521055e+00
1.152773437499999964e+01 7.326586707066450543e+00
1.153125000000000000e+01 7.321836603708522517e+00
1.153476562500000036e+01 7.317093532678059731e+00
1.153828125000000071e+01 7.312357472159000338e+00
1.154179687500000107e+01 7.307628393627657815e+00
1.154531249999999964e+01 7.302906261816310973e+00
1.154882812500000000e+01 7.298191034688242596e+00
1.155234375000000036e+01 7.293482663428407342e+00
1.155585937500000071e+01 7.288781092453342936e+00
1.155937500000000107e+01 7.284086259443336431e+00
1.156289062499999964e+01 7.279398095399175261e+00
1.156640625000000000e+01 7.274716524724778921e+00
1.156992187500000036e+01 7.270041465335582487e+00
1.157343750000000071e+01 7.265372828790662041e+00
1.157695312500000107e+01 7.260710520444551896e+00
1.158046874999999964e+01 7.256054439612896978e+00
1.158398437500000000e+01 7.251404479744973486e+00
1.158750000000000036e+01 7.246760528596228212e+00
1.159101562500000071e+01 7.242122468395403523e+00
1.159453125000000107e+01 7.237490176003522180e+00
1.159804687499999964e+01 7.232863523065389266e+00
1.160156250000000000e+01 7.228242376157652416e+00
1.160507812500000036e+01 7.223626596939925371e+00
1.160859375000000071e+01 7.219016042316237503e+00
1.161210937500000107e+01 7.214410564612856902e+00
1.161562499999999964e+01 7.209810011775331873e+00
1.161914062500000000e+01 7.205214227582991349e+00
1.162265625000000036e+01 7.200623051874333491e+00
1.162617187500000071e+01 7.196036320772658534e+00
1.162968750000000107e+01 7.191453866899237823e+00
1.163320312499999964e+01 7.186875519561845671e+00
1.163671875000000000e+01 7.182301104909655898e+00
1.164023437500000036e+01 7.177730446050845536e+00
1.164375000000000071e+01 7.173163363135434345e+00
1.164726562500000107e+01 7.168599673411648610e+00
1.165078124999999964e+01 7.164039191267872475e+00
1.165429687500000000e+01 7.159481728273086709e+00
1.165781250000000036e+01 7.154927093226318924e+00
1.166132812500000071e+01 7.150375092220331297e+00
1.166484375000000107e+01 7.145825528717926645e+00
1.166835937499999964e+01 7.141278203632381860e+00
1.167187500000000000e+01 7.136732915398400046e+00
1.167539062500000036e+01 7.132189460017934302e+00
1.167890625000000071e+01 7.127647631067054235e+00
1.168242187500000107e+01 7.123107219655281597e+00
1.168593749999999964e+01 7.118568014336574379e+00
1.168945312500000000e+01 7.114029800979493778e+00
1.169296875000000036e+01 7.109492362611097960e+00
1.169648437500000071e+01 7.104955479253050044e+00
1.170000000000000107e+01 7.100418927768274990e+00
1.170351562499999964e+01 7.095882481732190605e+00
1.170703125000000000e+01 7.091345911335106500e+00
1.171054687500000036e+01 7.086808983313553689e+00
1.171406250000000071e+01 7.082271460900311233e+00
1.171757812500000107e+01 7.077733103777664070e+00
1.172109374999999964e+01 7.073193668017367486e+00
1.172460937500000000e+01 7.068652905994139424e+00
1.172812500000000036e+01 7.064110566266508684e+00
1.173164062500000071e+01 7.059566393427711972e+00
1.173515625000000107e+01 7.055020127937824626e+00
1.173867187499999964e+01 7.050471505954136298e+00
1.174218750000000000e+01 7.045920259178551248e+00
1.174570312500000036e+01 7.041366114737664716e+00
1.174921875000000071e+01 7.036808795104088077e+00
1.175273437500000107e+01 7.032248018058129269e+00
1.175624999999999964e+01 7.027683496679502539e+00
1.175976562500000000e+01 7.023114939351872366e+00
1.176328125000000036e+01 7.018542049760534418e+00
1.176679687500000071e+01 7.013964526866496740e+00
1.177031250000000107e+01 7.009382064847977212e+00
1.177382812499999964e+01 7.004794353011567942e+00
1.177734375000000000e+01 7.000201075687298768e+00
1.178085937500000036e+01 6.995601912131986566e+00
1.178437500000000071e+01 6.990996536471012490e+00
1.178789062500000107e+01 6.986384617708646161e+00
1.179140624999999964e+01 6.981765819830974884e+00
1.179492187500000000e+01 6.977139802014557191e+00
1.179843750000000036e+01 6.972506218940345946e+00
1.180195312500000071e+01 6.967864721198971267e+00
1.180546875000000107e+01 6.963214955762950353e+00
1.180898437499999964e+01 6.958556566495861517e+00
1.181250000000000000e+01 6.953889194668883889e+00
1.181601562500000036e+01 6.949212479461122527e+00
1.181953125000000071e+01 6.944526058430216864e+00
1.182304687500000107e+01 6.939829567951693257e+00
1.182656249999999964e+01 6.935122643636688622e+00
1.183007812500000000e+01 6.930404920746094710e+00
1.183359375000000036e+01 6.925676034623194255e+00
1.183710937500000071e+01 6.920935621166321106e+00
1.184062500000000107e+01 6.916183317358347793e+00
1.184414062499999964e+01 6.911418761862420546e+00
1.184765625000000000e+01 6.906641595684824608e+00
1.185117187500000036e+01 6.901851462897880651e+00
1.185468750000000071e+01 6.897048011409548707e+00
1.185820312500000107e+01 6.892230893762656407e+00
1.186171874999999964e+01 6.887399767945412421e+00
1.186523437500000000e+01 6.882554298195865172e+00
1.186875000000000036e+01 6.877694155785636809e+00
1.187226562500000071e+01 6.872819019771919002e+00
1.187578125000000107e+01 6.867928577710803673e+00
1.187929687499999964e+01 6.863022526329102035e+00
1.188281250000000000e+01 6.858100572155210628e+00
1.188632812500000036e+01 6.853162432112172020e+00
1.188984375000000071e+01 6.848207834077207679e+00
1.189335937500000107e+01 6.843236517411573239e+00
1.189687499999999964e+01 6.838248233462504544e+00
1.190039062500000000e+01 6.833242746035575799e+00
1.190390625000000036e+01 6.828219831831749964e+00
1.190742187500000071e+01 6.823179280839648975e+00
1.191093750000000107e+01 6.818120896671224784e+00
1.191445312499999964e+01 6.813044496828759122e+00
1.191796875000000000e+01 6.807949912893365152e+00
1.192148437500000036e+01 6.802836990629293368e+00
1.192500000000000071e+01 6.797705590003499054e+00
1.192851562500000107e+01 6.792555585124565809e+00
1.193203124999999964e+01 6.787386864108041706e+00
1.193554687500000000e+01 6.782199328875619493e+00
1.193906250000000036e+01 6.776992894893655084e+00
1.194257812500000071e+01 6.771767490852937499e+00
1.194609375000000107e+01 6.766523058288218095e+00
1.194960937499999964e+01 6.761259551134076062e+00
1.195312500000000000e+01 6.755976935214518697e+00
1.195664062500000036e+01 6.750675187667345867e+00
1.196015625000000071e+01 6.745354296309775677e+00
1.196367187500000107e+01 6.740014258957399917e+00
1.196718749999999964e+01 6.734655082712158070e+00
1.197070312500000000e+01 6.729276783234965364e+00
1.197421875000000036e+01 6.723879384014640692e+00
1.197773437500000071e+01 6.718462915637378963e+00
1.198125000000000107e+01 6.713027415052577496e+00
1.198476562499999964e+01 6.707572924823870686e+00
1.198828125000000000e+01 6.702099492351273113e+00
1.199179687500000036e+01 6.696607169052733788e+00
1.199531250000000071e+01 6.691096009500835606e+00
1.199882812500000107e+01 6.685566070520941651e+00
1.200234374999999964e+01 6.680017410267627298e+00
1.200585937500000000e+01 6.674450087303543278e+00
1.200937500000000036e+01 6.668864159706526351e+00
1.201289062500000071e+01 6.663259684226082058e+00
1.201640625000000107e+01 6.657636715500753866e+00
1.201992187499999964e+01 6.651995305336040332e+00
1.202343750000000000e+01 6.646335502032526321e+00
1.202695312500000036e+01 6.640657349748481764e+00
1.203046875000000071e+01 6.634960887882565217e+00
1.203398437500000107e+01 6.629246150469873200e+00
1.203749999999999964e+01 6.623513165596126129e+00
1.204101562500000000e+01 6.617761954846640648e+00
1.204453125000000036e+01 6.611992532815166967e+00
1.204804687500000071e+01 6.606204906699558066e+00
1.205156250000000107e+01 6.600399076005995624e+00
1.205507812499999964e+01 6.594575032372009815e+00
1.205859375000000000e+01 6.588732759504043912e+00
1.206210937500000036e+01 6.582872233211792157e+00
1.206562500000000071e+01 6.576993421512722371e+00
1.206914062500000107e+01 6.571096284778510821e+00
1.207265624999999964e+01 6.565180775900966381e+00
1.207617187500000000e+01 6.559246840466633977e+00
1.207968750000000036e+01 6.553294416943279188e+00
1.208320312500000071e+01 6.547323436893828230e+00
1.208671875000000107e+01 6.541333825240650768e+00
1.209023437499999964e+01 6.535325500603192950e+00
1.209375000000000000e+01 6.529298375725222314e+00
1.209726562500000036e+01 6.523252357995959372e+00
1.210078125000000071e+01 6.517187350056012463e+00
1.210429687500000107e+01 6.511103250467568770e+00
1.210781249999999964e+01 6.504999954422190811e+00
1.211132812500000000e+01 6.498877354460123712e+00
1.211484375000000036e+01 6.492735341181852249e+00
1.211835937500000071e+01 6.486573803943862515e+00
1.212187500000000107e+01 6.480392631542590820e+00
1.212539062499999964e+01 6.474191712900291051e+00
1.212890625000000000e+01 6.467970937771081452e+00
1.213242187500000036e+01 6.461730197483642968e+00
1.213593750000000071e+01 6.455469385729459830e+00
1.213945312500000107e+01 6.449188399394256699e+00
1.214296874999999964e+01 6.442887139418589371e+00
1.214648437500000000e+01 6.436565511664674943e+00
1.215000000000000036e+01 6.430223427763085198e+00
1.215351562500000071e+01 6.423860805915952099e+00
1.215703125000000107e+01 6.417477571642056233e+00
1.216054687499999964e+01 6.411073658461371672e+00
1.216406250000000000e+01 6.404649008528842558e+00
1.216757812500000036e+01 6.398203573235992536e+00
1.217109375000000071e+01 6.391737313801897358e+00
1.217460937500000107e+01 6.385250201870988462e+00
1.217812499999999964e+01 6.378742220125126039e+00
1.218164062500000000e+01 6.372213362903984546e+00
1.218515625000000036e+01 6.365663636814508308e+00
1.218867187500000071e+01 6.359093061300756133e+00
1.219218750000000107e+01 6.352501669142508689e+00
1.219570312499999964e+01 6.345889506855584727e+00
1.219921875000000000e+01 6.339256634978099214e+00
1.220273437500000036e+01 6.332603128242412893e+00
1.220625000000000071e+01 6.325929075648717870e+00
1.220976562500000107e+01 6.319234580469402118e+00
1.221328124999999964e+01 6.312519760220798304e+00
1.221679687500000000e+01 6.305784746638952498e+00
1.222031250000000036e+01 6.299029685689156111e+00
1.222382812500000071e+01 6.292254737626657324e+00
1.222734375000000107e+01 6.285460077111364008e+00
1.223085937499999964e+01 6.278645893365567332e+00
1.223437500000000000e+01 6.271812390353630917e+00
1.223789062500000036e+01 6.264959786958254284e+00
1.224140625000000071e+01 6.258088317129844924e+00
1.224492187500000107e+01 6.251198229992894539e+00
1.224843749999999964e+01 6.244289789904220456e+00
1.225195312500000000e+01 6.237363276469778839e+00
1.225546875000000036e+01 6.230418984536777671e+00
1.225898437500000071e+01 6.223457224183838399e+00
1.226250000000000107e+01 6.216478320732626628e+00
1.226601562499999964e+01 6.209482614799698652e+00
1.226953125000000000e+01 6.202470462398395057e+00
1.227304687500000036e+01 6.195442235089331007e+00
1.227656250000000071e+01 6.188398320166877298e+00
1.228007812500000107e+01 6.181339120860050329e+00
1.228359374999999964e+01 6.174265056521077710e+00
1.228710937500000000e+01 6.167176562774210780e+00
1.229062500000000036e+01 6.160074091600932888e+00
1.229414062500000071e+01 6.152958111344549508e+00
1.229765625000000107e+01 6.145829106625935623e+00
1.230117187499999964e+01 6.138687578171290404e+00
1.230468750000000000e+01 6.131534042560907949e+00
1.230820312500000036e+01 6.124369031913806438e+00
1.231171875000000071e+01 6.117193093526017478e+00
1.231523437500000107e+01 6.110006789479863087e+00
1.231874999999999964e+01 6.102810696238002208e+00
1.232226562500000000e+01 6.095605404230026281e+00
1.232578125000000036e+01 6.088391517432363287e+00
1.232929687500000071e+01 6.081169652935738412e+00
1.233281250000000107e+01 6.073940440490172676e+00
1.233632812499999964e+01 6.066704522016459045e+00
1.233984375000000000e+01 6.059462551075590397e+00
1.234335937500000036e+01 6.052215192292731416e+00
1.234687500000000071e+01 6.044963120738594320e+00
1.235039062500000107e+01 6.037707021276289332e+00
1.235390624999999964e+01 6.030447587884305349e+00
1.235742187500000000e+01 6.023185522965391669e+00
1.236093750000000036e+01 6.015921536647120149e+00
1.236445312500000071e+01 6.008656346074122467e+00
1.236796875000000107e+01 6.001390674686478022e+00
1.237148437499999964e+01 5.994125251475237448e+00
1.237500000000000000e+01 5.986860810205751449e+00
1.237851562500000036e+01 5.979598088602798178e+00
1.238203125000000071e+01 5.972337827497350204e+00
1.238554687500000107e+01 5.965080769942030514e+00
1.238906249999999964e+01 5.957827660309131801e+00
1.239257812500000000e+01 5.950579243389924500e+00
1.239609375000000036e+01 5.943336263516225237e+00
1.239960937500000071e+01 5.936099463724358927e+00
1.240312500000000107e+01 5.928869584978272655e+00
1.240664062499999964e+01 5.921647365463380552e+00
1.241015625000000000e+01 5.914433539956869268e+00
1.241367187500000036e+01 5.907228839274438315e+00
1.241718750000000071e+01 5.900033989788626698e+00
1.242070312500000107e+01 5.892849713010324564e+00
1.242421874999999964e+01 5.885676725222509731e+00
1.242773437500000000e+01 5.878515737153634291e+00
1.243125000000000036e+01 5.871367453676800352e+00
1.243476562500000071e+01 5.864232573519702285e+00
1.243828125000000107e+01 5.857111788969426414e+00
1.244179687499999964e+01 5.850005785555799420e+00
1.244531250000000000e+01 5.842915241697930639e+00
1.244882812500000036e+01 5.835840828301286365e+00
1.245234375000000071e+01 5.828783208297528162e+00
1.245585937500000107e+01 5.821743036126095561e+00
1.245937499999999964e+01 5.814720957164211335e+00
1.246289062500000000e+01 5.807717607119588621e+00
1.246640625000000036e+01 5.800733611405773260e+00
1.246992187500000071e+01 5.793769584522939553e+00
1.247343750000000107e+01 5.786826129466035695e+00
1.247695312499999964e+01 5.779903837177809756e+00
1.248046875000000000e+01 5.773003286056876959e+00
1.248398437500000036e+01 5.766125041522254691e+00
1.248750000000000071e+01 5.759269655627005768e+00
1.249101562500000107e+01 5.752437666706486041e+00
1.249453124999999964e+01 5.745629599042379354e+00
1.249804687500000000e+01 5.738845962522820088e+00
1.250156250000000036e+01 5.732087252281699463e+00
1.250507812500000071e+01 5.725353948305945906e+00
1.250859375000000107e+01 5.718646515007474562e+00
1.251210937499999964e+01 5.711965400764830392e+00
1.251562500000000000e+01 5.705311037447218681e+00
1.251914062500000036e+01 5.698683839939088003e+00
1.252265625000000071e+01 5.692084205685985054e+00
1.252617187500000107e+01 5.685512514281752416e+00
1.252968749999999964e+01 5.678969127113703053e+00
1.253320312500000000e+01 5.672454387077049631e+00
1.253671875000000036e+01 5.665968618363990572e+00
1.254023437500000071e+01 5.659512126327459036e+00
1.254375000000000107e+01 5.653085197415860463e+00
1.254726562499999964e+01 5.646688099173422515e+00
1.255078125000000000e+01 5.640321080300971346e+00
1.255429687500000036e+01 5.633984370773592154e+00
1.255781250000000071e+01 5.627678182013673869e+00
1.256132812500000107e+01 5.621402707119502296e+00
1.256484374999999964e+01 5.615158121150175319e+00
1.256835937500000000e+01 5.608944581466931645e+00
1.257187500000000036e+01 5.602762228129213540e+00
1.257539062500000071e+01 5.596611184341467649e+00
1.257890625000000107e+01 5.590491556944623852e+00
1.258242187499999964e+01 5.584403436945059696e+00
1.258593750000000000e+01 5.578346900074055092e+00
1.258945312500000036e+01 5.572322007372296326e+00
1.259296875000000071e+01 5.566328805796485923e+00
1.259648437500000107e+01 5.560367328847815926e+00
1.259999999999999964e+01 5.554437597224034739e+00
1.260351562500000000e+01 5.548539619497399045e+00
1.260703125000000036e+01 5.542673392819592593e+00
1.261054687500000071e+01 5.536838903651652544e+00
1.261406250000000107e+01 5.531036128512868189e+00
1.261757812499999964e+01 5.525265034738350067e+00
1.262109375000000000e+01 5.519525581231569333e+00
1.262460937500000036e+01 5.513817719196697276e+00
1.262812500000000071e+01 5.508141392836413353e+00
1.263164062500000107e+01 5.502496540004082171e+00
1.263515624999999964e+01 5.496883092804193183e+00
1.263867187500000000e+01 5.491300978140653655e+00
1.264218750000000036e+01 5.485750118217791460e+00
1.264570312500000071e+01 5.480230431002604874e+00
1.264921875000000107e+01 5.474741830658171438e+00
1.265273437499999964e+01 5.469284227957031952e+00
1.265625000000000000e+01 5.463857530680122032e+00
1.265976562500000036e+01 5.458461644002374769e+00
1.266328125000000071e+01 5.453096470861440004e+00
1.266679687500000107e+01 5.447761912302254927e+00
1.267031249999999964e+01 5.442457867788243142e+00
1.267382812500000000e+01 5.437184235470046367e+00
1.267734375000000036e+01 5.431940912404918720e+00
1.268085937500000071e+01 5.426727794723518628e+00
1.268437500000000107e+01 5.421544777745124222e+00
1.268789062499999964e+01 5.416391756046293082e+00
1.269140625000000000e+01 5.411268623490782304e+00
1.269492187500000036e+01 5.406175273229978373e+00
1.269843750000000071e+01 5.401111597682657361e+00
1.270195312500000107e+01 5.396077488501151542e+00
1.270546874999999964e+01 5.391072836528471690e+00
1.270898437500000000e+01 5.386097531748069045e+00
1.271250000000000036e+01 5.381151463225721798e+00
1.271601562500000071e+01 5.376234519041629412e+00
1.271953125000000107e+01 5.371346586210670182e+00
1.272304687499999964e+01 5.366487550589653210e+00
1.272656250000000000e+01 5.361657296772158965e+00
1.273007812500000036e+01 5.356855707973528169e+00
1.273359375000000071e+01 5.352082665910467441e+00
1.273710937500000107e+01 5.347338050680972010e+00
1.274062499999999964e+01 5.342621740650663753e+00
1.274414062500000000e+01 5.337933612351166701e+00
1.274765625000000036e+01 5.333273540394820600e+00
1.275117187500000071e+01 5.328641397408309999e+00
1.275468750000000107e+01 5.324037053985902546e+00
1.275820312499999964e+01 5.319460378661355904e+00
1.276171875000000000e+01 5.314911237896478902e+00
1.276523437500000036e+01 5.310389496083845806e+00
1.276875000000000071e+01 5.305895015561414851e+00
1.277226562500000107e+01 5.301427656637486940e+00
1.277578124999999964e+01 5.296987277625452961e+00
1.277929687500000000e+01 5.292573734888764037e+00
1.278281250000000036e+01 5.288186882897354835e+00
1.278632812500000071e+01 5.283826574297105338e+00
1.278984375000000107e+01 5.279492659993893611e+00
1.279335937499999964e+01 5.275184989253293821e+00
1.279687500000000000e+01 5.270903409816233065e+00
1.280039062500000036e+01 5.266647768030110477e+00
1.280390625000000071e+01 5.262417908994121873e+00
1.280742187500000107e+01 5.258213676717057083e+00
1.281093749999999964e+01 5.254034914285711011e+00
1.281445312500000000e+01 5.249881464042235102e+00
1.281796875000000036e+01 5.245753167769209746e+00
1.282148437500000071e+01 5.241649866881816777e+00
1.282500000000000107e+01 5.237571402627044570e+00
1.282851562499999964e+01 5.233517616290177976e+00
1.283203125000000000e+01 5.229488349408854653e+00
1.283554687500000036e+01 5.225483443994638044e+00
1.283906250000000071e+01 5.221502742761300553e+00
1.284257812500000107e+01 5.217546089358098271e+00
1.284609374999999964e+01 5.213613328605201325e+00
1.284960937500000000e+01 5.209704306727493517e+00
1.285312500000000036e+01 5.205818871582181373e+00
1.285664062500000071e+01 5.201956872875315163e+00
1.286015625000000107e+01 5.198118162362459493e+00
1.286367187499999964e+01 5.194302594029265308e+00
1.286718750000000000e+01 5.190510024248764509e+00
1.287070312500000036e+01 5.186740311913343504e+00
1.287421875000000071e+01 5.182993318540672689e+00
1.287773437500000107e+01 5.179268908354057288e+00
1.288124999999999964e+01 5.175566948338492068e+00
1.288476562500000000e+01 5.171887308274166983e+00
1.288828125000000036e+01 5.168229860749143256e+00
1.289179687500000071e+01 5.164594481152335881e+00
1.289531250000000107e+01 5.160981047647138276e+00
1.289882812499999964e+01 5.157389441124776042e+00
1.290234375000000000e+01 5.153819545135425173e+00
1.290585937500000036e+01 5.150271245793989650e+00
1.290937500000000071e+01 5.146744431656806285e+00
1.291289062500000107e+01 5.143238993565262263e+00
1.291640624999999964e+01 5.139754824452543502e+00
1.291992187500000000e+01 5.136291819110544665e+00
1.292343750000000036e+01 5.132849873915114713e+00
1.292695312500000071e+01 5.129428886509330709e+00
1.293046875000000107e+01 5.126028755446080609e+00
1.293398437499999964e+01 5.122649379792774127e+00
1.293750000000000000e+01 5.119290658702349006e+00
1.294101562500000036e+01 5.115952490955672616e+00
1.294453125000000071e+01 5.112634774481004563e+00
1.294804687500000107e+01 5.109337405856312131e+00
1.295156249999999964e+01 5.106060279799894630e+00
1.295507812500000000e+01 5.102803288654270020e+00
1.295859375000000036e+01 5.099566321867490259e+00
1.296210937500000071e+01 5.096349265475352830e+00
1.296562500000000107e+01 5.093152001587277766e+00
1.296914062499999964e+01 5.089974407878239404e+00
1.297265625000000000e+01 5.086816357088938645e+00
1.297617187500000036e+01 5.083677716536580959e+00
1.297968750000000071e+01 5.080558347638946870e+00
1.298320312500000107e+01 5.077458105455091797e+00
1.298671874999999964e+01 5.074376838246630328e+00
1.299023437500000000e+01 5.071314387064240314e+00
1.299375000000000036e+01 5.068270585364594183e+00
1.299726562500000071e+01 5.065245258663197525e+00
1.300078125000000107e+01 5.062238224228799766e+00
1.300429687499999964e+01 5.059249290824718415e+00
1.300781250000000000e+01 5.056278258502006295e+00
1.301132812500000036e+01 5.053324918448550918e+00
1.301484375000000071e+01 5.050389052897271469e+00
1.301835937500000107e+01 5.047470435095430474e+00
1.302187499999999964e+01 5.044568829335907445e+00
1.302539062500000000e+01 5.041683991050113001e+00
1.302890625000000036e+01 5.038815666961079742e+00
1.303242187500000071e+01 5.035963595294329131e+00
1.303593750000000107e+01 5.033127506043229893e+00
1.303945312499999964e+01 5.030307121284917748e+00
1.304296875000000000e+01 5.027502155542356910e+00
1.304648437500000036e+01 5.024712316187788907e+00
1.305000000000000071e+01 5.021937303882639370e+00
1.305351562500000107e+01 5.019176813048909835e+00
1.305703124999999964e+01 5.016430532367095907e+00
1.306054687500000000e+01 5.013698145295820474e+00
1.306406250000000036e+01 5.010979330608488880e+00
1.306757812500000071e+01 5.008273762942463847e+00
1.307109375000000107e+01 5.005581113356419642e+00
1.307460937499999964e+01 5.002901049891708141e+00
1.307812500000000000e+01 5.000233238133690250e+00
1.308164062500000036e+01 4.997577341769096293e+00
1.308515625000000071e+01 4.994933023135615713e+00
1.308867187500000107e+01 4.992299943759920033e+00
1.309218749999999964e+01 4.989677764880511290e+00
1.309570312500000000e+01 4.987066147951797035e+00
1.309921875000000036e+01 4.984464755125967983e+00
1.310273437500000071e+01 4.981873249709446227e+00
1.310625000000000107e+01 4.979291296590870886e+00
1.310976562499999964e+01 4.976718562637922005e+00
1.311328125000000000e+01 4.974154717060653041e+00
1.311679687500000036e+01 4.971599431739438302e+00
1.312031250000000071e+01 4.969052381516167571e+00
1.312382812500000107e+01 4.966513244447878783e+00
1.312734374999999964e+01 4.963981702022618236e+00
1.313085937500000000e+01 4.961457439337959130e+00
1.313437500000000036e+01 4.958940145243214914e+00
1.313789062500000071e+01 4.956429512447042995e+00
1.314140625000000107e+01 4.953925237592651243e+00
1.314492187499999964e+01 4.951427021303393516e+00
1.314843750000000000e+01 4.948934568201952544e+00
1.315195312500000036e+01 4.946447586906682403e+00
1.315546875000000071e+01 4.943965790008931549e+00
1.315898437500000107e+01 4.941488894035317436e+00
1.316249999999999964e+01 4.939016619398930885e+00
1.316601562500000000e+01 4.936548690343412815e+00
1.316953125000000036e+01 4.934084834883591064e+00
1.317304687500000071e+01 4.931624784746151846e+00
1.317656250000000107e+01 4.929168275313379866e+00
1.318007812499999964e+01 4.926715045572620966e+00
1.318359375000000000e+01 4.924264838073622030e+00
1.318710937500000036e+01 4.921817398895414364e+00
1.319062500000000071e+01 4.919372477623908502e+00
1.319414062500000107e+01 4.916929827340909220e+00
1.319765624999999964e+01 4.914489204624832297e+00
1.320117187500000000e+01 4.912050369563013774e+00
1.320468750000000036e+01 4.909613085775253793e+00
1.320820312500000071e+01 4.907177120447967944e+00
1.321171875000000107e+01 4.904742244378191174e+00
1.321523437499999964e+01 4.902308232026643786e+00
1.321875000000000000e+01 4.899874861578984664e+00
1.322226562500000036e+01 4.897441915014519864e+00
1.322578125000000071e+01 4.895009178181641829e+00
1.322929687500000107e+01 4.892576440879419231e+00
1.323281249999999964e+01 4.890143496944872936e+00
1.323632812500000000e+01 4.887710144345568608e+00
1.323984375000000036e+01 4.885276185277239946e+00
1.324335937500000071e+01 4.882841426266248952e+00
1.324687500000000107e+01 4.880405678276706460e+00
1.325039062499999964e+01 4.877968756822063767e+00
1.325390625000000000e+01 4.875530482081014583e+00
1.325742187500000036e+01 4.873090679017469284e+00
1.326093750000000071e+01 4.870649177504326133e+00
1.326445312500000107e+01 4.868205812450723258e+00
1.326796874999999964e+01 4.865760423932407264e+00
1.327148437500000000e+01 4.863312857324823213e+00
1.327500000000000036e+01 4.860862963438528084e+00
1.327851562500000071e+01 4.858410598656558221e+00
1.328203125000000107e+01 4.855955625073414161e+00
1.328554687499999964e+01 4.853497910635394597e+00
1.328906250000000000e+01 4.851037329282115174e+00
1.329257812500000036e+01 4.848573761089104650e+00
1.329609375000000071e+01 4.846107092411522821e+00
1.329960937500000107e+01 4.843637216029065939e+00
1.330312499999999964e+01 4.841164031292239933e+00
1.330664062500000000e+01 4.838687444270186155e+00
1.331015625000000036e+01 4.836207367900220433e+00
1.331367187500000071e+01 4.833723722139207979e+00
1.331718750000000107e+01 4.831236434116759071e+00
1.332070312499999964e+01 4.828745438290042102e+00
1.332421875000000000e+01 4.826250676599801892e+00
1.332773437500000036e+01 4.823752098626861162e+00
1.333125000000000071e+01 4.821249661748058912e+00
1.333476562500000107e+01 4.818743331290256116e+00
1.333828124999999964e+01 4.816233080680602185e+00
1.334179687500000000e+01 4.813718891590950122e+00
1.334531250000000036e+01 4.811200754073919228e+00
1.334882812500000071e+01 4.808678666687779213e+00
1.335234375000000107e+01 4.806152636607095019e+00
1.335585937499999964e+01 4.803622679715833677e+00
1.335937500000000000e+01 4.801088820679554559e+00
1.336289062500000036e+01 4.798551092993227130e+00
1.336640625000000071e+01 4.796009539001328648e+00
1.336992187500000107e+01 4.793464209887028815e+00
1.337343749999999964e+01 4.790915165627501082e+00
1.337695312500000000e+01 4.788362474912831068e+00
1.338046875000000036e+01 4.785806215026360277e+00
1.338398437500000071e+01 4.783246471684917012e+00
1.338750000000000107e+01 4.780683338837889096e+00
1.339101562499999964e+01 4.778116918424804460e+00
1.339453125000000000e+01 4.775547320091704684e+00
1.339804687500000036e+01 4.772974660867281393e+00
1.340156250000000071e+01 4.770399064800406208e+00
1.340507812500000107e+01 4.767820662561312872e+00
1.340859374999999964e+01 4.765239591009263975e+00
1.341210937500000000e+01 4.762655992730048027e+00
1.341562500000000036e+01 4.760070015547087863e+00
1.341914062500000071e+01 4.757481812010288635e+00
1.342265625000000107e+01 4.754891538867013878e+00
1.342617187499999964e+01 4.752299356519712248e+00
1.342968750000000000e+01 4.749705428474822355e+00
1.343320312500000036e+01 4.747109920787510262e+00
1.343671875000000071e+01 4.744513001506740935e+00
1.344023437500000107e+01 4.741914840124938024e+00
1.344374999999999964e+01 4.739315607036317601e+00
1.344726562500000000e+01 4.736715473007581778e+00
1.345078125000000036e+01 4.734114608664434343e+00
1.345429687500000071e+01 4.731513183996920446e+00
1.345781250000000107e+01 4.728911367886230011e+00
1.346132812499999964e+01 4.726309327655242143e+00
1.346484375000000000e+01 4.723707228644643763e+00
1.346835937500000036e+01 4.721105233816091484e+00
1.347187500000000071e+01 4.718503503383504771e+00
1.347539062500000107e+01 4.715902194473185816e+00
1.347890624999999964e+01 4.713301460813152488e+00
1.348242187500000000e+01 4.710701452451683480e+00
1.348593750000000036e+01 4.708102315504788749e+00
1.348945312500000071e+01 4.705504191931968450e+00
1.349296875000000107e+01 4.702907219339384604e+00
1.349648437499999964e+01 4.700311530809241134e+00
1.350000000000000000e+01 4.697717254753960958e+00
1.350351562500000036e+01 4.695124514793487691e+00
1.350703125000000071e+01 4.692533429653886756e+00
1.351054687500000107e+01 4.689944113085250166e+00
1.351406249999999964e+01 4.687356673796791995e+00
1.351757812500000000e+01 4.684771215407020684e+00
1.352109375000000036e+01 4.682187836406804138e+00
1.352460937500000071e+01 4.679606630133251954e+00
1.352812500000000107e+01 4.677027684752442127e+00
1.353164062499999964e+01 4.674451083249143934e+00
1.353515625000000000e+01 4.671876903421940952e+00
1.353867187500000036e+01 4.669305217882348202e+00
1.354218750000000071e+01 4.666736094056796347e+00
1.354570312500000107e+01 4.664169594190626711e+00
1.354921874999999964e+01 4.661605775353473646e+00
1.355273437500000000e+01 4.659044689445705600e+00
1.355625000000000036e+01 4.656486383205767687e+00
1.355976562500000071e+01 4.653930898218509249e+00
1.356328125000000107e+01 4.651378270924690028e+00
1.356679687499999964e+01 4.648828532631993582e+00
1.357031250000000000e+01 4.646281709527928072e+00
1.357382812500000036e+01 4.643737822695040762e+00
1.357734375000000071e+01 4.641196888128821030e+00
1.358085937500000107e+01 4.638658916758698680e+00
1.358437499999999964e+01 4.636123914472407570e+00
1.358789062500000000e+01 4.633591882143966778e+00
1.359140625000000036e+01 4.631062815665432986e+00
1.359492187500000071e+01 4.628536705982513766e+00
1.359843750000000107e+01 4.626013539134055996e+00
1.360195312499999964e+01 4.623493296295392518e+00
1.360546875000000000e+01 4.620975953825493754e+00
1.360898437500000036e+01 4.618461483317870098e+00
1.361250000000000071e+01 4.615949851655198444e+00
1.361601562500000107e+01 4.613441021067648862e+00
1.361953124999999964e+01 4.610934949194972710e+00
1.362304687500000000e+01 4.608431589152465868e+00
1.362656250000000036e+01 4.605930889600928779e+00
1.363007812500000071e+01 4.603432794820887075e+00
1.363359375000000107e+01 4.600937244791280634e+00
1.363710937499999964e+01 4.598444175272910606e+00
1.364062500000000000e+01 4.595953517896901985e+00
1.364414062500000036e+01 4.593465200258410874e+00
1.364765625000000071e+01 4.590979146015752299e+00
1.365117187500000107e+01 4.588495274995050721e+00
1.365468749999999964e+01 4.586013503300399030e+00
1.365820312500000000e+01 4.583533743429449636e+00
1.366171875000000036e+01 4.581055904394199629e+00
1.366523437500000071e+01 4.578579891846679573e+00
1.366875000000000107e+01 4.576105608209138254e+00
1.367226562499999964e+01 4.573632952808274865e+00
1.367578125000000000e+01 4.571161822013005249e+00
1.367929687500000036e+01 4.568692109375239951e+00
1.368281250000000071e+01 4.566223705773180264e+00
1.368632812500000107e+01 4.563756499556611779e+00
1.368984374999999964e+01 4.561290376693787785e+00
1.369335937500000000e+01 4.558825220919473509e+00
1.369687500000000036e+01 4.556360913883811925e+00
1.370039062500000071e+01 4.553897335301704707e+00
1.370390625000000107e+01 4.551434363102432989e+00
1.370742187499999964e+01 4.548971873579276348e+00
1.371093750000000000e+01 4.546509741538889315e+00
1.371445312500000036e+01 4.544047840450228470e+00
1.371796875000000071e+01 4.541586042592809846e+00
1.372148437500000107e+01 4.539124219204110133e+00
1.372499999999999964e+01 4.536662240625934928e+00
1.372851562500000000e+01 4.534199976449643898e+00
1.373203125000000036e+01 4.531737295660128950e+00
1.373554687500000071e+01 4.529274066778567587e+00
1.373906250000000107e+01 4.526810158003974571e+00
1.374257812499999964e+01 4.524345437353719745e+00
1.374609375000000000e+01 4.521879772803135467e+00
1.374960937500000036e+01 4.519413032424434817e+00
1.375312500000000071e+01 4.516945084525092469e+00
1.375664062500000107e+01 4.514475797785769906e+00
1.376015624999999964e+01 4.512005041397750382e+00
1.376367187500000000e+01 4.509532685199644675e+00
1.376718750000000036e+01 4.507058599812910238e+00
1.377070312500000071e+01 4.504582656775479421e+00
1.377421875000000107e+01 4.502104728672488676e+00
1.377773437499999964e+01 4.499624689262923027e+00
1.378125000000000000e+01 4.497142413600720090e+00
1.378476562500000036e+01 4.494657778148859251e+00
1.378828125000000071e+01 4.492170660884855948e+00
1.379179687500000107e+01 4.489680941396281710e+00
1.379531249999999964e+01 4.487188500965107352e+00
1.379882812500000000e+01 4.484693222640098398e+00
1.380234375000000036e+01 4.482194991296886144e+00
1.380585937500000071e+01 4.479693693685980804e+00
1.380937500000000107e+01 4.477189218469500354e+00
1.381289062499999964e+01 4.474681456248021050e+00
1.381640625000000000e+01 4.472170299579448560e+00
1.381992187500000036e+01 4.469655642992213629e+00
1.382343750000000071e+01 4.467137382995350237e+00
1.382695312500000107e+01 4.464615418088060395e+00
1.383046874999999964e+01 4.462089648771245365e+00
1.383398437500000000e+01 4.459559977563078093e+00
1.383750000000000036e+01 4.457026309020195143e+00
1.384101562500000071e+01 4.454488549765343919e+00
1.384453125000000107e+01 4.451946608521538451e+00
1.384804687499999964e+01 4.449400396151911075e+00
1.385156250000000000e+01 4.446849825703662162e+00
1.385507812500000036e+01 4.444294812453817300e+00
1.385859375000000071e+01 4.441735273953907992e+00
1.386210937500000107e+01 4.439171130070494797e+00
1.386562499999999964e+01 4.436602303018315041e+00
1.386914062500000000e+01 4.434028717383112550e+00
1.387265625000000036e+01 4.431450300131735354e+00
1.387617187500000071e+01 4.428866980607764070e+00
1.387968750000000107e+01 4.426278690511905367e+00
1.388320312499999964e+01 4.423685363867375209e+00
1.388671875000000000e+01 4.421086936971565962e+00
1.389023437500000036e+01 4.418483348336259553e+00
1.389375000000000071e+01 4.415874538619524614e+00
1.389726562500000107e+01 4.413260450553012859e+00
1.390078124999999964e+01 4.410641028868800717e+00
1.390429687500000000e+01 4.408016220229889370e+00
1.390781250000000036e+01 4.405385973168300495e+00
1.391132812500000071e+01 4.402750238034093044e+00
1.391484375000000107e+01 4.400108966957867906e+00
1.391835937499999964e+01 4.397462113828316532e+00
1.392187500000000000e+01 4.394809634285302025e+00
1.392539062500000036e+01 4.392151485727803006e+00
1.392890625000000071e+01 4.389487627335070030e+00
1.393242187500000107e+01 4.386818020098344206e+00
1.393593749999999964e+01 4.384142626859903302e+00
1.393945312500000000e+01 4.381461412355665885e+00
1.394296875000000036e+01 4.378774343257521906e+00
1.394648437500000071e+01 4.376081388211646050e+00
1.395000000000000107e+01 4.373382517869517372e+00
1.395351562499999964e+01 4.370677704908972672e+00
1.395703125000000000e+01 4.367966924043484411e+00
1.396054687500000036e+01 4.365250152018749219e+00
1.396406250000000071e+01 4.362527367596662486e+00
1.396757812500000107e+01 4.359798551527651611e+00
1.397109374999999964e+01 4.357063686513180656e+00
1.397460937500000000e+01 4.354322757160874247e+00
1.397812500000000036e+01 4.351575749935177484e+00
1.398164062500000071e+01 4.348822653106681813e+00
1.398515625000000107e+01 4.346063456703275207e+00
1.398867187499999964e+01 4.343298152466037010e+00
1.399218750000000000e+01 4.340526733812384741e+00
1.399570312500000036e+01 4.337749195808440206e+00
1.399921875000000071e+01 4.334965535151882321e+00
1.400273437500000107e+01 4.332175750165832895e+00
1.400624999999999964e+01 4.329379840803587953e+00
1.400976562500000000e+01 4.326577808663280678e+00
1.401328125000000036e+01 4.323769657010949174e+00
1.401679687500000071e+01 4.320955390809988472e+00
1.402031250000000107e+01 4.318135016754563793e+00
1.402382812499999964e+01 4.315308543304373856e+00
1.402734375000000000e+01 4.312475980718057045e+00
1.403085937500000036e+01 4.309637341082702022e+00
1.403437500000000071e+01 4.306792638337068269e+00
1.403789062500000107e+01 4.303941888286569650e+00
1.404140624999999964e+01 4.301085108608504015e+00
1.404492187500000000e+01 4.298222318846545598e+00
1.404843750000000036e+01 4.295353540394113878e+00
1.405195312500000071e+01 4.292478796466786761e+00
1.405546875000000107e+01 4.289598112064521018e+00
1.405898437499999964e+01 4.286711513924895911e+00
1.406250000000000000e+01 4.283819030469068423e+00
1.406601562500000036e+01 4.280920691742350570e+00
1.406953125000000071e+01 4.278016529351580388e+00
1.407304687500000107e+01 4.275106576401420888e+00
1.407656249999999964e+01 4.272190867431643113e+00
1.408007812500000000e+01 4.269269438357192747e+00
1.408359375000000036e+01 4.266342326412451591e+00
1.408710937500000071e+01 4.263409570100654022e+00
1.409062500000000107e+01 4.260471209148834149e+00
1.409414062499999964e+01 4.257527284468124229e+00
1.409765625000000000e+01 4.254577838118644983e+00
1.410117187500000036e+01 4.251622913277687488e+00
1.410468750000000071e+01 4.248662554209458264e+00
1.410820312500000107e+01 4.245696806234345644e+00
1.411171874999999964e+01 4.242725715695492283e+00
1.411523437500000000e+01 4.239749329920437404e+00
1.411875000000000036e+01 4.236767697175812586e+00
1.412226562500000071e+01 4.233780866613357396e+00
1.412578125000000107e+01 4.230788888205969656e+00
1.412929687499999964e+01 4.227791812673173055e+00
1.413281250000000000e+01 4.224789691395892000e+00
1.413632812500000036e+01 4.221782576321209568e+00
1.413984375000000071e+01 4.218770519858316526e+00
1.414335937500000107e+01 4.215753574767477474e+00
1.414687499999999964e+01 4.212731794044256795e+00
1.415039062500000000e+01 4.209705230801556120e+00
1.415390625000000036e+01 4.206673938152142966e+00
1.415742187500000071e+01 4.203637969094345728e+00
1.416093750000000107e+01 4.200597376403387706e+00
1.416445312499999964e+01 4.197552212530494486e+00
1.416796875000000000e+01 4.194502529511531463e+00
1.417148437500000036e+01 4.191448378886355464e+00
1.417500000000000071e+01 4.188389811629589232e+00
1.417851562500000107e+01 4.185326878092977765e+00
1.418203124999999964e+01 4.182259627959021842e+00
1.418554687500000000e+01 4.179188110205176443e+00
1.418906250000000036e+01 4.176112373077635276e+00
1.419257812500000071e+01 4.173032464073497927e+00
1.419609375000000107e+01 4.169948429930091294e+00
1.419960937499999964e+01 4.166860316620210725e+00
1.420312500000000000e+01 4.163768169352198179e+00
1.420664062500000036e+01 4.160672032573948798e+00
1.421015625000000071e+01 4.157571949980181536e+00
1.421367187500000107e+01 4.154467964522527978e+00
1.421718749999999964e+01 4.151360118422295464e+00
1.422070312500000000e+01 4.148248453185872542e+00
1.422421875000000036e+01 4.145133009623044096e+00
1.422773437500000071e+01 4.142013827868485265e+00
1.423125000000000107e+01 4.138890947406861365e+00
1.423476562499999964e+01 4.135764407101945928e+00
1.423828125000000000e+01 4.132634245230166314e+00
1.424179687500000036e+01 4.129500499518931278e+00
1.424531250000000071e+01 4.126363207190059335e+00
1.424882812500000107e+01 4.123222405008504232e+00
1.425234374999999964e+01 4.120078129336556039e+00
1.425585937500000000e+01 4.116930416193564923e+00
1.425937500000000036e+01 4.113779301321223159e+00
1.426289062500000071e+01 4.110624820254333400e+00
1.426640625000000107e+01 4.107467008396950447e+00
1.426992187499999964e+01 4.104305901103721510e+00
1.427343750000000000e+01 4.101141533766144320e+00
1.427695312500000036e+01 4.097973941903425121e+00
1.428046875000000071e+01 4.094803161257442703e+00
1.428398437500000107e+01 4.091629227891298015e+00
1.428749999999999964e+01 4.088452178290715722e+00
1.429101562500000000e+01 4.085272049467487676e+00
1.429453125000000036e+01 4.082088879064033726e+00
1.429804687500000071e+01 4.078902705457997158e+00
1.430156250000000107e+01 4.075713567865788534e+00
1.430507812499999964e+01 4.072521506443908201e+00
1.430859375000000000e+01 4.069326562386914148e+00
1.431210937500000036e+01 4.066128778020946299e+00
1.431562500000000071e+01 4.062928196891858690e+00
1.431914062500000107e+01 4.059724863847147702e+00
1.432265624999999964e+01 4.056518825111057325e+00
1.432617187500000000e+01 4.053310128352493713e+00
1.432968750000000036e+01 4.050098822745566096e+00
1.433320312500000071e+01 4.046884959022829520e+00
1.433671875000000107e+01 4.043668589521483447e+00
1.434023437499999964e+01 4.040449768222945437e+00
1.434375000000000000e+01 4.037228550786325698e+00
1.434726562500000036e+01 4.034004994576396719e+00
1.435078125000000071e+01 4.030779158686645935e+00
1.435429687500000107e+01 4.027551103957934586e+00
1.435781249999999964e+01 4.024320892993210386e+00
1.436132812500000000e+01 4.021088590168551136e+00
1.436484375000000036e+01 4.017854261640716018e+00
1.436835937500000071e+01 4.014617975351146839e+00
1.437187500000000107e+01 4.011379801026280667e+00
1.437539062499999964e+01 4.008139810173880768e+00
1.437890625000000000e+01 4.004898076074975499e+00
1.438242187500000036e+01 4.001654673770993043e+00
1.438593750000000071e+01 3.998409680045639014e+00
1.438945312500000107e+01 3.995163173401107493e+00
1.439296874999999964e+01 3.991915234028285298e+00
1.439648437500000000e+01 3.988665943770725697e+00
1.440000000000000036e+01 3.985415386082259648e+00
1.440351562500000071e+01 3.982163645978266775e+00
1.440703125000000107e+01 3.978910809980724217e+00
1.441054687499999964e+01 3.975656966057281139e+00
1.441406250000000000e+01 3.972402203554677325e+00
1.441757812500000036e+01 3.969146613126889989e+00
1.442109375000000071e+01 3.965890286658432018e+00
1.442460937500000107e+01 3.962633317183228421e+00
1.442812499999999964e+01 3.959375798799476431e+00
1.443164062500000000e+01 3.956117826580896057e+00
1.443515625000000036e+01 3.952859496484705915e+00
1.443867187500000071e+01 3.949600905256650307e+00
1.444218750000000107e+01 3.946342150333359555e+00
1.444570312499999964e+01 3.943083329742311349e+00
1.444921875000000000e+01 3.939824541999657814e+00
1.445273437500000036e+01 3.936565886006165194e+00
1.445625000000000071e+01 3.933307460941580125e+00
1.445976562500000107e+01 3.930049366157721380e+00
1.446328124999999964e+01 3.926791701070655005e+00
1.446679687500000000e+01 3.923534565052350764e+00
1.447031250000000036e+01 3.920278057322237775e+00
1.447382812500000071e+01 3.917022276839109196e+00
1.447734375000000107e+01 3.913767322193831610e+00
1.448085937499999964e+01 3.910513291503325828e+00
1.448437500000000000e+01 3.907260282306249000e+00
1.448789062500000036e+01 3.904008391460787930e+00
1.449140625000000071e+01 3.900757715044942842e+00
1.449492187500000107e+01 3.897508348259611566e+00
1.449843749999999964e+01 3.894260385334757490e+00
1.450195312500000000e+01 3.891013919438872204e+00
1.450546875000000036e+01 3.887769042591922020e+00
1.450898437500000071e+01 3.884525845581913828e+00
1.451250000000000107e+01 3.881284417885193516e+00
1.451601562499999964e+01 3.878044847590573774e+00
1.451953125000000000e+01 3.874807221327371209e+00
1.452304687500000036e+01 3.871571624197432282e+00
1.452656250000000071e+01 3.868338139711221757e+00
1.453007812500000107e+01 3.865106849728053184e+00
1.453359374999999964e+01 3.861877834400534226e+00
1.453710937500000000e+01 3.858651172123285455e+00
1.454062500000000036e+01 3.855426939486007232e+00
1.454414062500000071e+01 3.852205211230902648e+00
1.454765625000000107e+01 3.848986060214486749e+00
1.455117187499999964e+01 3.845769557373748704e+00
1.455468750000000000e+01 3.842555771696604339e+00
1.455820312500000036e+01 3.839344770196543521e+00
1.456171875000000071e+01 3.836136617891340528e+00
1.456523437500000107e+01 3.832931377785624427e+00
1.456874999999999964e+01 3.829729110857138075e+00
1.457226562500000000e+01 3.826529876046409484e+00
1.457578125000000036e+01 3.823333730249590445e+00
1.457929687500000071e+01 3.820140728314176393e+00
1.458281250000000107e+01 3.816950923037302879e+00
1.458632812499999964e+01 3.813764365166323334e+00
1.458984375000000000e+01 3.810581103401342151e+00
1.459335937500000036e+01 3.807401184399398009e+00
1.459687500000000071e+01 3.804224652779965687e+00
1.460039062500000107e+01 3.801051551131463313e+00
1.460390624999999964e+01 3.797881920018435054e+00
1.460742187500000000e+01 3.794715797989098860e+00
1.461093750000000036e+01 3.791553221582916855e+00
1.461445312500000071e+01 3.788394225337905041e+00
1.461796875000000107e+01 3.785238841797346154e+00
1.462148437499999964e+01 3.782087101515637428e+00
1.462500000000000000e+01 3.778939033062981068e+00
1.462851562500000036e+01 3.775794663028686493e+00
1.463203125000000071e+01 3.772654016022852552e+00
1.463554687500000107e+01 3.769517114676254721e+00
1.463906249999999964e+01 3.766383979638295187e+00
1.464257812500000000e+01 3.763254629572912791e+00
1.464609375000000036e+01 3.760129081152412844e+00
1.464960937500000071e+01 3.757007349049187539e+00
1.465312500000000107e+01 3.753889445925391755e+00
1.465664062499999964e+01 3.750775382420640902e+00
1.466015625000000000e+01 3.747665167137863573e+00
1.466367187500000036e+01 3.744558806627470204e+00
1.466718750000000071e+01 3.741456305370034041e+00
1.467070312500000107e+01 3.738357665757732207e+00
1.467421874999999964e+01 3.735262888074791121e+00
1.467773437500000000e+01 3.732171970477248024e+00
1.468125000000000036e+01 3.729084908972348344e+00
1.468476562500000071e+01 3.726001697397921752e+00
1.468828125000000107e+01 3.722922327402125475e+00
1.469179687499999964e+01 3.719846788423965656e+00
1.469531250000000000e+01 3.716775067675012867e+00
1.469882812500000036e+01 3.713707150122781631e+00
1.470234375000000071e+01 3.710643018476253552e+00
1.470585937500000107e+01 3.707582653174032572e+00
1.470937499999999964e+01 3.704526032375649258e+00
1.471289062500000000e+01 3.701473131956532381e+00
1.471640625000000036e+01 3.698423925507166476e+00
1.471992187500000071e+01 3.695378384336954980e+00
1.472343750000000107e+01 3.692336477483292079e+00
1.472695312499999964e+01 3.689298171726330011e+00
1.473046875000000000e+01 3.686263431609913432e+00
1.473398437500000036e+01 3.683232219469112056e+00
1.473750000000000071e+01 3.680204495464760139e+00
1.474101562500000107e+01 3.677180217625383385e+00
1.474453124999999964e+01 3.674159341896849895e+00
1.474804687500000000e+01 3.671141822200049365e+00
1.475156250000000036e+01 3.668127610496884738e+00
1.475507812500000071e+01 3.665116656864817024e+00
1.475859375000000107e+01 3.662108909580174210e+00
1.476210937499999964e+01 3.659104315210422786e+00
1.476562500000000000e+01 3.656102818715556424e+00
1.476914062500000036e+01 3.653104363558742129e+00
1.477265625000000071e+01 3.650108891826329582e+00
1.477617187500000107e+01 3.647116344357310691e+00
1.477968749999999964e+01 3.644126660882274216e+00
1.478320312500000000e+01 3.641139780171871898e+00
1.478671875000000036e+01 3.638155640194763230e+00
1.479023437500000071e+01 3.635174178284965141e+00
1.479375000000000107e+01 3.632195331318478715e+00
1.479726562499999964e+01 3.629219035898984647e+00
1.480078125000000000e+01 3.626245228552359645e+00
1.480429687500000036e+01 3.623273845929651404e+00
1.480781250000000071e+01 3.620304825018091144e+00
1.481132812500000107e+01 3.617338103359618806e+00
1.481484374999999964e+01 3.614373619276295635e+00
1.481835937500000000e+01 3.611411312101885152e+00
1.482187500000000036e+01 3.608451122418770751e+00
1.482539062500000071e+01 3.605492992299279109e+00
1.482890625000000107e+01 3.602536865550365341e+00
1.483242187499999964e+01 3.599582687960527494e+00
1.483593750000000000e+01 3.596630407547712238e+00
1.483945312500000036e+01 3.593679974806879951e+00
1.484296875000000071e+01 3.590731342955838734e+00
1.484648437500000107e+01 3.587784468177867225e+00
1.484999999999999964e+01 3.584839309859600753e+00
1.485351562500000000e+01 3.581895830822625193e+00
1.485703125000000036e+01 3.578953997547175359e+00
1.486054687500000071e+01 3.576013780386363194e+00
1.486406250000000107e+01 3.573075153769336154e+00
1.486757812499999964e+01 3.570138096391837657e+00
1.487109375000000000e+01 3.567202591392644617e+00
1.487460937500000036e+01 3.564268626514479621e+00
1.487812500000000071e+01 3.561336194248029940e+00
1.488164062500000107e+01 3.558405291957845940e+00
1.488515624999999964e+01 3.555475921988989985e+00
1.488867187500000000e+01 3.552548091753455317e+00
1.489218750000000036e+01 3.549621813795503122e+00
1.489570312500000071e+01 3.546697105835241004e+00
1.489921875000000107e+01 3.543773990789925055e+00
1.490273437499999964e+01 3.540852496772633806e+00
1.490625000000000000e+01 3.537932657068159070e+00
1.490976562500000036e+01 3.535014510086123884e+00
1.491328125000000071e+01 3.532098099291525184e+00
1.491679687500000107e+01 3.529183473113085334e+00
1.492031249999999964e+01 3.526270684829968971e+00
1.492382812500000000e+01 3.523359792437593896e+00
1.492734375000000036e+01 3.520450858493435753e+00
1.493085937500000071e+01 3.517543949943879866e+00
1.493437500000000107e+01 3.514639137933316615e+00
1.493789062499999964e+01 3.511736497596828599e+00
1.494140625000000000e+01 3.508836107837911555e+00
1.494492187500000036e+01 3.505938051092802432e+00
1.494843750000000071e+01 3.503042413083083062e+00
1.495195312500000107e+01 3.500149282558268293e+00
1.495546874999999964e+01 3.497258751030191348e+00
1.495898437500000000e+01 3.494370912501007176e+00
1.496250000000000036e+01 3.491485863186666982e+00
1.496601562500000071e+01 3.488603701237711352e+00
1.496953125000000107e+01 3.485724526459226702e+00
1.497304687499999964e+01 3.482848440031738768e+00
1.497656250000000000e+01 3.479975544234803486e+00
1.498007812500000036e+01 3.477105942174923747e+00
1.498359375000000071e+01 3.474239737519373872e+00
1.498710937500000107e+01 3.471377034237359993e+00
1.499062499999999964e+01 3.468517936349839292e+00
1.499414062500000000e+01 3.465662547689160711e+00
1.499765625000000036e+01 3.462810971669551208e+00
1.500117187500000071e+01 3.459963311069285119e+00
1.500468750000000107e+01 3.457119667825236498e+00
1.500820312499999964e+01 3.454280142840318923e+00
1.501171875000000000e+01 3.451444835804162281e+00
1.501523437500000036e+01 3.448613845027219682e+00
1.501875000000000071e+01 3.445787267288335620e+00
1.502226562500000107e+01 3.442965197695674107e+00
1.502578124999999964e+01 3.440147729560788292e+00
1.502929687500000000e+01 3.437334954285489630e+00
1.503281250000000036e+01 3.434526961261104461e+00
1.503632812500000071e+01 3.431723837779629527e+00
1.503984375000000107e+01 3.428925668956244621e+00
1.504335937499999964e+01 3.426132537662629929e+00
1.504687500000000000e+01 3.423344524470480543e+00
1.505039062500000036e+01 3.420561707604669266e+00
1.505390625000000071e+01 3.417784162905460832e+00
1.505742187500000107e+01 3.415011963799250871e+00
1.506093749999999964e+01 3.412245181277306472e+00
1.506445312500000000e+01 3.409483883882024280e+00
1.506796875000000036e+01 3.406728137700250514e+00
1.507148437500000071e+01 3.403978006363253872e+00
1.507500000000000107e+01 3.401233551052950332e+00
1.507851562499999964e+01 3.398494830514012577e+00
1.508203125000000000e+01 3.395761901071517208e+00
1.508554687500000036e+01 3.393034816653784702e+00
1.508906250000000071e+01 3.390313628820074143e+00
1.509257812500000107e+01 3.387598386792801008e+00
1.509609374999999964e+01 3.384889137493922284e+00
1.509960937500000000e+01 3.382185925585142527e+00
1.510312500000000036e+01 3.379488793511569611e+00
1.510664062500000071e+01 3.376797781548432020e+00
1.511015625000000107e+01 3.374112927850470900e+00
1.511367187499999964e+01 3.371434268503593401e+00
1.511718750000000000e+01 3.368761837578374774e+00
1.512070312500000036e+01 3.366095667184979767e+00
1.512421875000000071e+01 3.363435787529112098e+00
1.512773437500000107e+01 3.360782226968539455e+00
1.513124999999999964e+01 3.358135012069842773e+00
1.513476562500000000e+01 3.355494167664972771e+00
1.513828125000000036e+01 3.352859716907289567e+00
1.514179687500000071e+01 3.350231681326758082e+00
1.514531250000000107e+01 3.347610080884007022e+00
1.514882812499999964e+01 3.344994934023031163e+00
1.515234375000000000e+01 3.342386257722322007e+00
1.515585937500000036e+01 3.339784067544286472e+00
1.515937500000000071e+01 3.337188377682848373e+00
1.516289062500000107e+01 3.334599201009175395e+00
1.516640624999999964e+01 3.332016549115520476e+00
1.516992187500000000e+01 3.329440432357208213e+00
1.517343750000000036e+01 3.326870859892827603e+00
1.517695312500000071e+01 3.324307839722745683e+00
1.518046875000000107e+01 3.321751378726052639e+00
1.518398437499999964e+01 3.319201482696112038e+00
1.518750000000000000e+01 3.316658156374864497e+00
1.519101562500000036e+01 3.314121403486089079e+00
1.519453125000000071e+01 3.311591226767790275e+00
1.519804687500000107e+01 3.309067628003921069e+00
1.520156249999999964e+01 3.306550608055617513e+00
1.520507812500000000e+01 3.304040166892134867e+00
1.520859375000000036e+01 3.301536303621657176e+00
1.521210937500000071e+01 3.299039016522133938e+00
1.521562500000000107e+01 3.296548303072284636e+00
1.521914062499999964e+01 3.294064159982896811e+00
1.522265625000000000e+01 3.291586583228498064e+00
1.522617187500000036e+01 3.289115568079486351e+00
1.522968750000000071e+01 3.286651109134740789e+00
1.523320312500000107e+01 3.284193200354737385e+00
1.523671874999999964e+01 3.281741835095143500e+00
1.524023437500000000e+01 3.279297006140836857e+00
1.524375000000000036e+01 3.276858705740294919e+00
1.524726562500000071e+01 3.274426925640238295e+00
1.525078125000000107e+01 3.272001657120436668e+00
1.525429687499999964e+01 3.269582891028548044e+00
1.525781250000000000e+01 3.267170617814881162e+00
1.526132812500000036e+01 3.264764827566957628e+00
1.526484375000000071e+01 3.262365510043784056e+00
1.526835937500000107e+01 3.259972654709748952e+00
1.527187499999999964e+01 3.257586250768090164e+00
1.527539062500000000e+01 3.255206287193911141e+00
1.527890625000000036e+01 3.252832752766741109e+00
1.528242187500000071e+01 3.250465636102673805e+00
1.528593750000000107e+01 3.248104925686125188e+00
1.528945312499999964e+01 3.245750609901287387e+00
1.529296875000000000e+01 3.243402677063337958e+00
1.529648437500000036e+01 3.241061115449484831e+00
1.530000000000000071e+01 3.238725913329893569e+00
1.530351562500000107e+01 3.236397058998546239e+00
1.530703124999999964e+01 3.234074540804035447e+00
1.531054687500000000e+01 3.231758347180279767e+00
1.531406250000000036e+01 3.229448466677104168e+00
1.531757812500000071e+01 3.227144887990606392e+00
1.532109375000000107e+01 3.224847599993204916e+00
1.532460937499999964e+01 3.222556591763226397e+00
1.532812500000000000e+01 3.220271852613906916e+00
1.533164062500000036e+01 3.217993372121651596e+00
1.533515625000000071e+01 3.215721140153426472e+00
1.533867187500000107e+01 3.213455146893153369e+00
1.534218749999999964e+01 3.211195382867015446e+00
1.534570312500000000e+01 3.208941838967593441e+00
1.534921875000000036e+01 3.206694506476788220e+00
1.535273437500000071e+01 3.204453377087505661e+00
1.535625000000000107e+01 3.202218442924098962e+00
1.535976562499999964e+01 3.199989696561578167e+00
1.536328125000000000e+01 3.197767131043599775e+00
1.536679687500000036e+01 3.195550739899247539e+00
1.537031250000000071e+01 3.193340517158599567e+00
1.537382812500000107e+01 3.191136457367064416e+00
1.537734374999999964e+01 3.188938555598442193e+00
1.538085937500000000e+01 3.186746807466649400e+00
1.538437500000000036e+01 3.184561209136013815e+00
1.538789062500000071e+01 3.182381757330039029e+00
1.539140625000000107e+01 3.180208449338533860e+00
1.539492187499999964e+01 3.178041283022976948e+00
1.539843750000000000e+01 3.175880256820030390e+00
1.540195312500000036e+01 3.173725369743099378e+00
1.540546875000000071e+01 3.171576621381894334e+00
1.540898437500000107e+01 3.169434011899957770e+00
1.541249999999999964e+01 3.167297542030178548e+00
1.541601562500000000e+01 3.165167213068325047e+00
1.541953125000000036e+01 3.163043026864700735e+00
1.542304687500000071e+01 3.160924985814016264e+00
1.542656250000000107e+01 3.158813092843625991e+00
1.543007812499999964e+01 3.156707351400262151e+00
1.543359375000000000e+01 3.154607765435425648e+00
1.543710937500000036e+01 3.152514339389572928e+00
1.544062500000000071e+01 3.150427078175222828e+00
1.544414062500000107e+01 3.148345987159090864e+00
1.544765624999999964e+01 3.146271072143337122e+00
1.545117187500000000e+01 3.144202339345971264e+00
1.545468750000000036e+01 3.142139795380463063e+00
1.545820312500000071e+01 3.140083447234555791e+00
1.546171875000000107e+01 3.138033302248293133e+00
1.546523437499999964e+01 3.135989368091250284e+00
1.546875000000000000e+01 3.133951652738971916e+00
1.547226562500000036e+01 3.131920164448620092e+00
1.547578125000000071e+01 3.129894911733870799e+00
1.547929687500000107e+01 3.127875903339099928e+00
1.548281249999999964e+01 3.125863148212935094e+00
1.548632812500000000e+01 3.123856655481278999e+00
1.548984375000000036e+01 3.121856434419920667e+00
1.549335937500000071e+01 3.119862494426874466e+00
1.549687500000000107e+01 3.117874844994594330e+00
1.550039062499999964e+01 3.115893495682223069e+00
1.550390625000000000e+01 3.113918456088008213e+00
1.550742187500000036e+01 3.111949735822032714e+00
1.551093750000000071e+01 3.109987344479356430e+00
1.551445312500000107e+01 3.108031291613667868e+00
1.551796874999999964e+01 3.106081586711498588e+00
1.552148437500000000e+01 3.104138239167020252e+00
1.552500000000000036e+01 3.102201258257448746e+00
1.552851562500000071e+01 3.100270653119014952e+00
1.553203125000000107e+01 3.098346432723482646e+00
1.553554687499999964e+01 3.096428605855167326e+00
1.553906250000000000e+01 3.094517181088420887e+00
1.554257812500000036e+01 3.092612166765548842e+00
1.554609375000000071e+01 3.090713570975160973e+00
1.554960937500000107e+01 3.088821401530954081e+00
1.555312499999999964e+01 3.086935665950980123e+00
1.555664062500000000e+01 3.085056371437463252e+00
1.556015625000000036e+01 3.083183524857259439e+00
1.556367187500000071e+01 3.081317132723068841e+00
1.556718750000000107e+01 3.079457201175540781e+00
1.557070312499999964e+01 3.077603735966379261e+00
1.557421875000000000e+01 3.075756742442584901e+00
1.557773437500000036e+01 3.073916225531924340e+00
1.558125000000000071e+01 3.072082189729691493e+00
1.558476562500000107e+01 3.070254639086797965e+00
1.558828124999999964e+01 3.068433577199154882e+00
1.559179687500000000e+01 3.066619007198290170e+00
1.559531250000000036e+01 3.064810931743062739e+00
1.559882812500000071e+01 3.063009353012313696e+00
1.560234375000000107e+01 3.061214272698241423e+00
1.560585937499999964e+01 3.059425692000256269e+00
1.560937500000000000e+01 3.057643611619074164e+00
1.561289062500000036e+01 3.055868031750786695e+00
1.561640625000000071e+01 3.054098952080679830e+00
1.561992187500000107e+01 3.052336371776585455e+00
1.562343749999999964e+01 3.050580289481623630e+00
1.562695312500000000e+01 3.048830703306211198e+00
1.563046875000000036e+01 3.047087610819305681e+00
1.563398437500000071e+01 3.045351009038889778e+00
1.563750000000000107e+01 3.043620894421786183e+00
1.564101562499999964e+01 3.041897262852926609e+00
1.564453125000000000e+01 3.040180109634257111e+00
1.564804687500000036e+01 3.038469429473477312e+00
1.565156250000000071e+01 3.036765216472841367e+00
1.565507812500000107e+01 3.035067464118243130e+00
1.565859374999999964e+01 3.033376165268779623e+00
1.566210937500000000e+01 3.031691312146977957e+00
1.566562500000000036e+01 3.030012896329814076e+00
1.566914062500000071e+01 3.028340908740613457e+00
1.567265625000000107e+01 3.026675339641858642e+00
1.567617187499999964e+01 3.025016178628900043e+00
1.567968750000000000e+01 3.023363414624497203e+00
1.568320312500000036e+01 3.021717035874097235e+00
1.568671875000000071e+01 3.020077029941719893e+00
1.569023437500000107e+01 3.018443383706319594e+00
1.569374999999999964e+01 3.016816083358476952e+00
1.569726562500000000e+01 3.015195114397307918e+00
1.570078125000000036e+01 3.013580461627499041e+00
1.570429687500000071e+01 3.011972109156406674e+00
1.570781250000000107e+01 3.010370040391217916e+00
1.571132812499999964e+01 3.008774238036217241e+00
1.571484375000000000e+01 3.007184684090237425e+00
1.571835937500000036e+01 3.005601359844447984e+00
1.572187500000000071e+01 3.004024245880637878e+00
1.572539062500000107e+01 3.002453322070208763e+00
1.572890624999999964e+01 3.000888567574094168e+00
1.573242187500000000e+01 2.999329960843825749e+00
1.573593750000000036e+01 2.997777479623965569e+00
1.573945312500000071e+01 2.996231100956097571e+00
1.574296875000000107e+01 2.994690801184534124e+00
1.574648437499999964e+01 2.993156555963857546e+00
1.575000000000000000e+01 2.991628340268379205e+00
1.575351562500000036e+01 2.990106128403514418e+00
1.575703125000000071e+01 2.988589894019068716e+00
1.576054687500000107e+01 2.987079610124347528e+00
1.576406249999999964e+01 2.985575249104960527e+00
1.576757812500000000e+01 2.984076782741191813e+00
1.577109375000000036e+01 2.982584182227737912e+00
1.577460937500000071e+01 2.981097418194617710e+00
1.577812500000000107e+01 2.979616460729076266e+00
1.578164062499999964e+01 2.978141279398252905e+00
1.578515625000000000e+01 2.976671843272457707e+00
1.578867187500000036e+01 2.975208120948868995e+00
1.579218750000000071e+01 2.973750080575515931e+00
1.579570312500000107e+01 2.972297689875426308e+00
1.579921874999999964e+01 2.970850916170848954e+00
1.580273437500000000e+01 2.969409726407486794e+00
1.580625000000000036e+01 2.967974087178689935e+00
1.580976562500000071e+01 2.966543964749604356e+00
1.581328125000000107e+01 2.965119325081245982e+00
1.581679687499999964e+01 2.963700133854523244e+00
1.582031250000000000e+01 2.962286356494190809e+00
1.582382812500000036e+01 2.960877958192753123e+00
1.582734375000000071e+01 2.959474903934300016e+00
1.583085937500000107e+01 2.958077158518261029e+00
1.583437499999999964e+01 2.956684686583040289e+00
1.583789062500000000e+01 2.955297452629479960e+00
1.584140625000000036e+01 2.953915421044079004e+00
1.584492187500000071e+01 2.952538556121878877e+00
1.584843750000000107e+01 2.951166822088897135e+00
1.585195312499999964e+01 2.949800183123988173e+00
1.585546875000000000e+01 2.948438603379989420e+00
1.585898437500000036e+01 2.947082047003998451e+00
1.586250000000000071e+01 2.945730478156631360e+00
1.586601562500000107e+01 2.944383861030102967e+00
1.586953124999999964e+01 2.943042159864982299e+00
1.587304687500000000e+01 2.941705338965479033e+00
1.587656250000000036e+01 2.940373362713140981e+00
1.588007812500000071e+01 2.939046195578861376e+00
1.588359375000000107e+01 2.937723802133107576e+00
1.588710937499999964e+01 2.936406147054325455e+00
1.589062500000000000e+01 2.935093195135492383e+00
1.589414062500000036e+01 2.933784911288819242e+00
1.589765625000000071e+01 2.932481260548641888e+00
1.590117187500000107e+01 2.931182208072551809e+00
1.590468749999999964e+01 2.929887719140846336e+00
1.590820312500000000e+01 2.928597759154405011e+00
1.591171875000000036e+01 2.927312293631095130e+00
1.591523437500000071e+01 2.926031288200823255e+00
1.591875000000000107e+01 2.924754708599365038e+00
1.592226562499999964e+01 2.923482520661069728e+00
1.592578125000000000e+01 2.922214690310572127e+00
1.592929687500000036e+01 2.920951183553581743e+00
1.593281250000000071e+01 2.919691966466861466e+00
1.593632812500000107e+01 2.918437005187437094e+00
1.593984374999999964e+01 2.917186265901121622e+00
1.594335937500000000e+01 2.915939714830371621e+00
1.594687500000000036e+01 2.914697318221548095e+00
1.595039062500000071e+01 2.913459042331583149e+00
1.595390625000000107e+01 2.912224853414119075e+00
1.595742187499999964e+01 2.910994717705146506e+00
1.596093750000000000e+01 2.909768601408202038e+00
1.596445312500000036e+01 2.908546470679194584e+00
1.596796875000000071e+01 2.907328291610936866e+00
1.597148437500000107e+01 2.906114030217487709e+00
1.597499999999999964e+01 2.904903652418398874e+00
1.597851562500000000e+01 2.903697124023008946e+00
1.598203125000000036e+01 2.902494410714890893e+00
1.598554687500000071e+01 2.901295478036592268e+00
1.598906250000000107e+01 2.900100291374783978e+00
1.599257812499999964e+01 2.898908815945932638e+00
1.599609375000000000e+01 2.897721016782600856e+00
1.599960937500000036e+01 2.896536858720438090e+00
1.600312500000000071e+01 2.895356306385939771e+00
1.600664062499999929e+01 2.894179324184995572e+00
1.601015625000000142e+01 2.893005876292252587e+00
1.601367187500000000e+01 2.891835926641284971e+00
1.601718750000000213e+01 2.890669438915546063e+00
1.602070312500000071e+01 2.889506376540088795e+00
1.602421874999999929e+01 2.888346702674003730e+00
1.602773437500000142e+01 2.887190380203554341e+00
1.603125000000000000e+01 2.886037371735973078e+00
1.603476562500000213e+01 2.884887639593901376e+00
1.603828125000000071e+01 2.883741145810472695e+00
1.604179687499999929e+01 2.882597852125034166e+00
1.604531250000000142e+01 2.881457719979542809e+00
1.604882812500000000e+01 2.880320710515659854e+00
1.605234375000000213e+01 2.879186784572594249e+00
1.605585937500000071e+01 2.878055902685743739e+00
1.605937499999999929e+01 2.876928025086193053e+00
1.606289062500000142e+01 2.875803111701112691e+00
1.606640625000000000e+01 2.874681122155116064e+00
1.606992187500000213e+01 2.873562015772600731e+00
1.607343750000000071e+01 2.872445751581098161e+00
1.607695312499999929e+01 2.871332288315647574e+00
1.608046875000000142e+01 2.870221584424171191e+00
1.608398437500000000e+01 2.869113598073830040e+00
1.608750000000000213e+01 2.868008287158313241e+00
1.609101562500000071e+01 2.866905609306004798e+00
1.609453124999999929e+01 2.865805521888955099e+00
1.609804687500000142e+01 2.864707982032570044e+00
1.610156250000000000e+01 2.863612946625939237e+00
1.610507812500000213e+01 2.862520372332696184e+00
1.610859375000000071e+01 2.861430215602334570e+00
1.611210937499999929e+01 2.860342432681873603e+00
1.611562500000000142e+01 2.859256979627788020e+00
1.611914062500000000e+01 2.858173812318130835e+00
1.612265625000000213e+01 2.857092886464758230e+00
1.612617187500000071e+01 2.856014157625607286e+00
1.612968749999999929e+01 2.854937581216957732e+00
1.613320312500000142e+01 2.853863112525643064e+00
1.613671875000000000e+01 2.852790706721167968e+00
1.614023437500000213e+01 2.851720318867711601e+00
1.614375000000000071e+01 2.850651903935995435e+00
1.614726562499999929e+01 2.849585416815013428e+00
1.615078125000000142e+01 2.848520812323616980e+00
1.615429687500000000e+01 2.847458045221971545e+00
1.615781250000000213e+01 2.846397070222877801e+00
1.616132812500000071e+01 2.845337842002991557e+00
1.616484374999999929e+01 2.844280315213939758e+00
1.616835937500000142e+01 2.843224444493359204e+00
1.617187500000000000e+01 2.842170184475873107e+00
1.617539062500000213e+01 2.841117489804013907e+00
1.617890625000000071e+01 2.840066315139112341e+00
1.618242187499999929e+01 2.839016615172161195e+00
1.618593750000000142e+01 2.837968344634658635e+00
1.618945312500000000e+01 2.836921458309447974e+00
1.619296875000000213e+01 2.835875911041554787e+00
1.619648437500000071e+01 2.834831657749025347e+00
1.619999999999999929e+01 2.833788653433786386e+00
1.620351562500000142e+01 2.832746853192513292e+00
1.620703125000000000e+01 2.831706212227532049e+00
1.621054687500000213e+01 2.830666685857755382e+00
1.621406250000000071e+01 2.829628229529653538e+00
1.621757812499999929e+01 2.828590798828269470e+00
1.622109375000000142e+01 2.827554349488279328e+00
1.622460937500000000e+01 2.826518837405084916e+00
1.622812500000000213e+01 2.825484218645927026e+00
1.623164062500000071e+01 2.824450449461007651e+00
1.623515624999999929e+01 2.823417486294574896e+00
1.623867187500000142e+01 2.822385285795945720e+00
1.624218750000000000e+01 2.821353804830419421e+00
1.624570312500000213e+01 2.820323000490018828e+00
1.624921875000000071e+01 2.819292830104017433e+00
1.625273437499999929e+01 2.818263251249195633e+00
1.625625000000000142e+01 2.817234221759763457e+00
1.625976562500000000e+01 2.816205699736920476e+00
1.626328125000000213e+01 2.815177643558012921e+00
1.626679687500000071e+01 2.814150011885267588e+00
1.627031249999999929e+01 2.813122763674103410e+00
1.627382812500000142e+01 2.812095858181037134e+00
1.627734375000000000e+01 2.811069254971207521e+00
1.628085937500000213e+01 2.810042913925569597e+00
1.628437500000000071e+01 2.809016795247823772e+00
1.628789062499999929e+01 2.807990859471133582e+00
1.629140625000000142e+01 2.806965067464720853e+00
1.629492187500000000e+01 2.805939380440393371e+00
1.629843750000000213e+01 2.804913759959082764e+00
1.630195312500000071e+01 2.803888167937432563e+00
1.630546874999999929e+01 2.802862566654484855e+00
1.630898437500000142e+01 2.801836918758481509e+00
1.631250000000000000e+01 2.800811187273782643e+00
1.631601562500000213e+01 2.799785335607889003e+00
1.631953125000000071e+01 2.798759327558532739e+00
1.632304687499999929e+01 2.797733127320804591e+00
1.632656250000000142e+01 2.796706699494245107e+00
1.633007812500000000e+01 2.795680009089876350e+00
1.633359375000000213e+01 2.794653021537093274e+00
1.633710937500000071e+01 2.793625702690383683e+00
1.634062499999999929e+01 2.792598018835846574e+00
1.634414062500000142e+01 2.791569936697475995e+00
1.634765625000000000e+01 2.790541423443219760e+00
1.635117187500000213e+01 2.789512446690801895e+00
1.635468750000000071e+01 2.788482974513351031e+00
1.635820312499999929e+01 2.787452975444852044e+00
1.636171875000000142e+01 2.786422418485455577e+00
1.636523437500000000e+01 2.785391273106691212e+00
1.636875000000000213e+01 2.784359509256606913e+00
1.637226562500000071e+01 2.783327097364865388e+00
1.637578124999999929e+01 2.782294008347791170e+00
1.637929687500000142e+01 2.781260213613394150e+00
1.638281250000000000e+01 2.780225685066312735e+00
1.638632812500000213e+01 2.779190395112670409e+00
1.638984375000000071e+01 2.778154316664784851e+00
1.639335937499999929e+01 2.777117423145666564e+00
1.639687500000000142e+01 2.776079688493265696e+00
1.640039062500000000e+01 2.775041087164376474e+00
1.640390625000000213e+01 2.774001594138171711e+00
1.640742187500000071e+01 2.772961184919296329e+00
1.641093749999999929e+01 2.771919835540512356e+00
1.641445312500000142e+01 2.770877522564862083e+00
1.641796875000000000e+01 2.769834223087362712e+00
1.642148437500000213e+01 2.768789914736258240e+00
1.642500000000000071e+01 2.767744575673855678e+00
1.642851562499999929e+01 2.766698184597010446e+00
1.643203125000000142e+01 2.765650720737310664e+00
1.643554687500000000e+01 2.764602163861026085e+00
1.643906250000000213e+01 2.763552494268887827e+00
1.644257812500000071e+01 2.762501692795745534e+00
1.644609374999999929e+01 2.761449740810149045e+00
1.644960937500000142e+01 2.760396620213882990e+00
1.645312500000000000e+01 2.759342313441462302e+00
1.645664062500000213e+01 2.758286803459587766e+00
1.646015625000000071e+01 2.757230073766542500e+00
1.646367187499999929e+01 2.756172108391480080e+00
1.646718750000000142e+01 2.755112891893580773e+00
1.647070312500000000e+01 2.754052409361007037e+00
1.647421875000000213e+01 2.752990646409613884e+00
1.647773437500000071e+01 2.751927589181363487e+00
1.648124999999999929e+01 2.750863224342401381e+00
1.648476562500000142e+01 2.749797539080765851e+00
1.648828125000000000e+01 2.748730521103701196e+00
1.649179687500000213e+01 2.747662158634584184e+00
1.649531250000000071e+01 2.746592440409462821e+00
1.649882812499999929e+01 2.745521355673229635e+00
1.650234375000000142e+01 2.744448894175464115e+00
1.650585937500000000e+01 2.743375046165978048e+00
1.650937500000000213e+01 2.742299802390110397e+00
1.651289062500000071e+01 2.741223154083810343e+00
1.651640624999999929e+01 2.740145092968548468e+00
1.651992187500000142e+01 2.739065611246093823e+00
1.652343750000000000e+01 2.737984701593177306e+00
1.652695312500000213e+01 2.736902357156056453e+00
1.653046875000000071e+01 2.735818571545000744e+00
1.653398437499999929e+01 2.734733338828676530e+00
1.653750000000000142e+01 2.733646653528440496e+00
1.654101562500000000e+01 2.732558510612514091e+00
1.654453125000000213e+01 2.731468905490025634e+00
1.654804687500000071e+01 2.730377834004896975e+00
1.655156249999999929e+01 2.729285292429558751e+00
1.655507812500000142e+01 2.728191277458473341e+00
1.655859375000000000e+01 2.727095786201457539e+00
1.656210937500000213e+01 2.725998816176797845e+00
1.656562500000000071e+01 2.724900365304154803e+00
1.656914062499999929e+01 2.723800431897268837e+00
1.657265625000000142e+01 2.722699014656465799e+00
1.657617187500000000e+01 2.721596112660991551e+00
1.657968750000000213e+01 2.720491725361180890e+00
1.658320312500000071e+01 2.719385852570483486e+00
1.658671874999999929e+01 2.718278494457369909e+00
1.659023437500000142e+01 2.717169651537126196e+00
1.659375000000000000e+01 2.716059324663562258e+00
1.659726562500000213e+01 2.714947515020641688e+00
1.660078125000000071e+01 2.713834224114050286e+00
1.660429687499999929e+01 2.712719453762703736e+00
1.660781250000000142e+01 2.711603206090216212e+00
1.661132812500000000e+01 2.710485483516317906e+00
1.661484375000000213e+01 2.709366288748245921e+00
1.661835937500000071e+01 2.708245624772101401e+00
1.662187499999999929e+01 2.707123494844188905e+00
1.662539062500000142e+01 2.705999902482338904e+00
1.662890625000000000e+01 2.704874851457224949e+00
1.663242187500000213e+01 2.703748345783693274e+00
1.663593750000000071e+01 2.702620389712095950e+00
1.663945312499999929e+01 2.701490987719661341e+00
1.664296875000000142e+01 2.700360144501892545e+00
1.664648437500000000e+01 2.699227864964007573e+00
1.665000000000000213e+01 2.698094154212435036e+00
1.665351562500000071e+01 2.696959017546350257e+00
1.665703124999999929e+01 2.695822460449270430e+00
1.666054687500000142e+01 2.694684488580695092e+00
1.666406250000000000e+01 2.693545107767785218e+00
1.666757812500000213e+01 2.692404323997085847e+00
1.667109375000000071e+01 2.691262143406267349e+00
1.667460937499999929e+01 2.690118572275896014e+00
1.667812500000000142e+01 2.688973617021210849e+00
1.668164062500000000e+01 2.687827284183915921e+00
1.668515625000000213e+01 2.686679580423980696e+00
1.668867187500000071e+01 2.685530512511448364e+00
1.669218749999999929e+01 2.684380087318275265e+00
1.669570312500000142e+01 2.683228311810193389e+00
1.669921875000000000e+01 2.682075193038628846e+00
1.670273437500000213e+01 2.680920738132689607e+00
1.670625000000000071e+01 2.679764954291239398e+00
1.670976562499999929e+01 2.678607848775094613e+00
1.671328125000000142e+01 2.677449428899352668e+00
1.671679687500000000e+01 2.676289702025881567e+00
1.672031250000000213e+01 2.675128675555986213e+00
1.672382812500000071e+01 2.673966356923265231e+00
1.672734374999999929e+01 2.672802753586665858e+00
1.673085937500000142e+01 2.671637873023745335e+00
1.673437500000000000e+01 2.670471722724127250e+00
1.673789062500000213e+01 2.669304310183155948e+00
1.674140625000000071e+01 2.668135642895733461e+00
1.674492187499999929e+01 2.666965728350318976e+00
1.674843750000000142e+01 2.665794574023084174e+00
1.675195312500000000e+01 2.664622187372202688e+00
1.675546875000000213e+01 2.663448575832254139e+00
1.675898437500000071e+01 2.662273746808738295e+00
1.676249999999999929e+01 2.661097707672682944e+00
1.676601562500000142e+01 2.659920465755342800e+00
1.676953125000000000e+01 2.658742028342992114e+00
1.677304687500000213e+01 2.657562402671812762e+00
1.677656250000000071e+01 2.656381595922892025e+00
1.678007812499999929e+01 2.655199615217342490e+00
1.678359375000000142e+01 2.654016467611564956e+00
1.678710937500000000e+01 2.652832160092671643e+00
1.679062500000000213e+01 2.651646699574095489e+00
1.679414062500000071e+01 2.650460092891404607e+00
1.679765624999999929e+01 2.649272346798339672e+00
1.680117187500000142e+01 2.648083467963091575e+00
1.680468750000000000e+01 2.646893462964833077e+00
1.680820312500000213e+01 2.645702338290506273e+00
1.681171875000000071e+01 2.644510100331880942e+00
1.681523437499999929e+01 2.643316755382862038e+00
1.681875000000000142e+01 2.642122309637060518e+00
1.682226562500000000e+01 2.640926769185603540e+00
1.682578125000000213e+01 2.639730140015174253e+00
1.682929687500000071e+01 2.638532428006270969e+00
1.683281249999999929e+01 2.637333638931663504e+00
1.683632812500000142e+01 2.636133778455038712e+00
1.683984375000000000e+01 2.634932852129815206e+00
1.684335937500000213e+01 2.633730865398124621e+00
1.684687500000000071e+01 2.632527823589943861e+00
1.685039062499999929e+01 2.631323731922376563e+00
1.685390625000000142e+01 2.630118595499088663e+00
1.685742187500000000e+01 2.628912419309889614e+00
1.686093750000000213e+01 2.627705208230469047e+00
1.686445312500000071e+01 2.626496967022301288e+00
1.686796874999999929e+01 2.625287700332712859e+00
1.687148437500000142e+01 2.624077412695130285e+00
1.687500000000000000e+01 2.622866108529515294e+00
1.687851562500000213e+01 2.621653792142987882e+00
1.688203125000000071e+01 2.620440467730645651e+00
1.688554687499999929e+01 2.619226139376577223e+00
1.688906250000000142e+01 2.618010811055074161e+00
1.689257812500000000e+01 2.616794486632026739e+00
1.689609375000000213e+01 2.615577169866504459e+00
1.689960937500000071e+01 2.614358864412505312e+00
1.690312499999999929e+01 2.613139573820866701e+00
1.690664062500000142e+01 2.611919301541316685e+00
1.691015625000000000e+01 2.610698050924655345e+00
1.691367187500000213e+01 2.609475825225056944e+00
1.691718750000000071e+01 2.608252627602459128e+00
1.692070312499999929e+01 2.607028461125056040e+00
1.692421875000000142e+01 2.605803328771851390e+00
1.692773437500000000e+01 2.604577233435287908e+00
1.693125000000000213e+01 2.603350177923932307e+00
1.693476562500000071e+01 2.602122164965215312e+00
1.693828124999999929e+01 2.600893197208224095e+00
1.694179687500000142e+01 2.599663277226540892e+00
1.694531250000000000e+01 2.598432407521140242e+00
1.694882812500000213e+01 2.597200590523329744e+00
1.695234375000000071e+01 2.595967828597754767e+00
1.695585937499999929e+01 2.594734124045452006e+00
1.695937500000000142e+01 2.593499479106961214e+00
1.696289062500000000e+01 2.592263895965502662e+00
1.696640625000000213e+01 2.591027376750200784e+00
1.696992187500000071e+01 2.589789923539372651e+00
1.697343749999999929e+01 2.588551538363862203e+00
1.697695312500000142e+01 2.587312223210424644e+00
1.698046875000000000e+01 2.586071980025149486e+00
1.698398437500000213e+01 2.584830810716916449e+00
1.698750000000000071e+01 2.583588717160876236e+00
1.699101562499999929e+01 2.582345701201949950e+00
1.699453125000000142e+01 2.581101764658328968e+00
1.699804687500000000e+01 2.579856909324979242e+00
1.700156250000000213e+01 2.578611136977133178e+00
1.700507812500000071e+01 2.577364449373762412e+00
1.700859374999999929e+01 2.576116848261027492e+00
1.701210937500000142e+01 2.574868335375692041e+00
1.701562500000000000e+01 2.573618912448508489e+00
1.701914062500000213e+01 2.572368581207552296e+00
1.702265625000000071e+01 2.571117343381521092e+00
1.702617187499999929e+01 2.569865200702976082e+00
1.702968750000000142e+01 2.568612154911539047e+00
1.703320312500000000e+01 2.567358207757029387e+00
1.703671875000000213e+01 2.566103361002544325e+00
1.704023437500000071e+01 2.564847616427478272e+00
1.704374999999999929e+01 2.563590975830472463e+00
1.704726562500000142e+01 2.562333441032299319e+00
1.705078125000000000e+01 2.561075013878663320e+00
1.705429687500000213e+01 2.559815696242927707e+00
1.705781250000000071e+01 2.558555490028748380e+00
1.706132812499999929e+01 2.557294397172615419e+00
1.706484375000000142e+01 2.556032419646294240e+00
1.706835937500000000e+01 2.554769559459158401e+00
1.707187500000000213e+01 2.553505818660410931e+00
1.707539062500000071e+01 2.552241199341183986e+00
1.707890624999999929e+01 2.550975703636517267e+00
1.708242187500000142e+01 2.549709333727204541e+00
1.708593750000000000e+01 2.548442091841509605e+00
1.708945312500000213e+01 2.547173980256744574e+00
1.709296875000000071e+01 2.545905001300713177e+00
1.709648437499999929e+01 2.544635157353011046e+00
1.710000000000000142e+01 2.543364450846188340e+00
1.710351562500000000e+01 2.542092884266768049e+00
1.710703125000000213e+01 2.540820460156126614e+00
1.711054687500000071e+01 2.539547181111228014e+00
1.711406249999999929e+01 2.538273049785222391e+00
1.711757812500000142e+01 2.536998068887894142e+00
1.712109375000000000e+01 2.535722241185971448e+00
1.712460937500000213e+01 2.534445569503290585e+00
1.712812500000000071e+01 2.533168056720810135e+00
1.713164062499999929e+01 2.531889705776475541e+00
1.713515625000000142e+01 2.530610519664936220e+00
1.713867187500000000e+01 2.529330501437100587e+00
1.714218750000000213e+01 2.528049654199534757e+00
1.714570312500000071e+01 2.526767981113696493e+00
1.714921874999999929e+01 2.525485485395002172e+00
1.715273437500000142e+01 2.524202170311728999e+00
1.715625000000000000e+01 2.522918039183730698e+00
1.715976562500000213e+01 2.521633095380993339e+00
1.716328125000000071e+01 2.520347342322006412e+00
1.716679687499999929e+01 2.519060783471953613e+00
1.717031250000000142e+01 2.517773422340737532e+00
1.717382812500000000e+01 2.516485262480815166e+00
1.717734375000000213e+01 2.515196307484874438e+00
1.718085937500000071e+01 2.513906560983334870e+00
1.718437499999999929e+01 2.512616026641683042e+00
1.718789062500000142e+01 2.511324708157656183e+00
1.719140625000000000e+01 2.510032609258268543e+00
1.719492187500000213e+01 2.508739733696695673e+00
1.719843750000000071e+01 2.507446085249021017e+00
1.720195312499999929e+01 2.506151667710851072e+00
1.720546875000000142e+01 2.504856484893815960e+00
1.720898437500000000e+01 2.503560540621950103e+00
1.721250000000000213e+01 2.502263838727969425e+00
1.721601562500000071e+01 2.500966383049455288e+00
1.721953124999999929e+01 2.499668177424947846e+00
1.722304687500000142e+01 2.498369225689953232e+00
1.722656250000000000e+01 2.497069531672885478e+00
1.723007812500000213e+01 2.495769099190933815e+00
1.723359375000000071e+01 2.494467932045876246e+00
1.723710937499999929e+01 2.493166034019836719e+00
1.724062500000000142e+01 2.491863408870997887e+00
1.724414062500000000e+01 2.490560060329274794e+00
1.724765625000000213e+01 2.489255992091958802e+00
1.725117187500000071e+01 2.487951207819333543e+00
1.725468749999999929e+01 2.486645711130278436e+00
1.725820312500000142e+01 2.485339505597856657e+00
1.726171875000000000e+01 2.484032594744908895e+00
1.726523437500000213e+01 2.482724982039646200e+00
1.726875000000000071e+01 2.481416670891262388e+00
1.727226562499999929e+01 2.480107664645569088e+00
1.727578125000000142e+01 2.478797966580662759e+00
1.727929687500000000e+01 2.477487579902629022e+00
1.728281250000000213e+01 2.476176507741304711e+00
1.728632812500000071e+01 2.474864753146093221e+00
1.728984374999999929e+01 2.473552319081849138e+00
1.729335937500000142e+01 2.472239208424844570e+00
1.729687500000000000e+01 2.470925423958815870e+00
1.730039062500000213e+01 2.469610968371116488e+00
1.730390625000000071e+01 2.468295844248965309e+00
1.730742187499999929e+01 2.466980054075818440e+00
1.731093750000000142e+01 2.465663600227859575e+00
1.731445312500000000e+01 2.464346484970628026e+00
1.731796875000000213e+01 2.463028710455788861e+00
1.732148437500000071e+01 2.461710278718052258e+00
1.732499999999999929e+01 2.460391191672256284e+00
1.732851562500000142e+01 2.459071451110622863e+00
1.733203125000000000e+01 2.457751058700184732e+00
1.733554687500000213e+01 2.456430015980407333e+00
1.733906250000000071e+01 2.455108324361005234e+00
1.734257812499999929e+01 2.453785985119960600e+00
1.734609375000000142e+01 2.452462999401755273e+00
1.734960937500000000e+01 2.451139368215824454e+00
1.735312500000000213e+01 2.449815092435232877e+00
1.735664062500000071e+01 2.448490172795587227e+00
1.736015624999999929e+01 2.447164609894183940e+00
1.736367187500000142e+01 2.445838404189403903e+00
1.736718750000000000e+01 2.444511556000348751e+00
1.737070312500000213e+01 2.443184065506730285e+00
1.737421875000000071e+01 2.441855932749012581e+00
1.737773437499999929e+01 2.440527157628804567e+00
1.738125000000000142e+01 2.439197739909507945e+00
1.738476562500000000e+01 2.437867679217212480e+00
1.738828125000000213e+01 2.436536975041848407e+00
1.739179687500000071e+01 2.435205626738580875e+00
1.739531249999999929e+01 2.433873633529446856e+00
1.739882812500000142e+01 2.432540994505235421e+00
1.740234375000000000e+01 2.431207708627597608e+00
1.740585937500000213e+01 2.429873774731380998e+00
1.740937500000000071e+01 2.428539191527192109e+00
1.741289062499999929e+01 2.427203957604163964e+00
1.741640625000000142e+01 2.425868071432930595e+00
1.741992187500000000e+01 2.424531531368800064e+00
1.742343750000000213e+01 2.423194335655112663e+00
1.742695312500000071e+01 2.421856482426782975e+00
1.743046874999999929e+01 2.420517969714003570e+00
1.743398437500000142e+01 2.419178795446120134e+00
1.743750000000000000e+01 2.417838957455649140e+00
1.744101562500000213e+01 2.416498453482440301e+00
1.744453125000000071e+01 2.415157281177974458e+00
1.744804687499999929e+01 2.413815438109780942e+00
1.745156250000000142e+01 2.412472921765968170e+00
1.745507812500000000e+01 2.411129729559858603e+00
1.745859375000000213e+01 2.409785858834720074e+00
1.746210937500000071e+01 2.408441306868576604e+00
1.746562499999999929e+01 2.407096070879098271e+00
1.746914062500000142e+01 2.405750148028553248e+00
1.747265625000000000e+01 2.404403535428820682e+00
1.747617187500000213e+01 2.403056230146439542e+00
1.747968750000000071e+01 2.401708229207708101e+00
1.748320312499999929e+01 2.400359529603798503e+00
1.748671875000000142e+01 2.399010128295897548e+00
1.749023437500000000e+01 2.397660022220354126e+00
1.749375000000000213e+01 2.396309208293825321e+00
1.749726562500000071e+01 2.394957683418418082e+00
1.750078124999999929e+01 2.393605444486812672e+00
1.750429687500000142e+01 2.392252488387355491e+00
1.750781250000000000e+01 2.390898812009131014e+00
1.751132812500000213e+01 2.389544412246977778e+00
1.751484375000000071e+01 2.388189286006468404e+00
1.751835937499999929e+01 2.386833430208822993e+00
1.752187500000000142e+01 2.385476841795769687e+00
1.752539062500000000e+01 2.384119517734325733e+00
1.752890625000000213e+01 2.382761455021506602e+00
1.753242187500000071e+01 2.381402650688953404e+00
1.753593749999999929e+01 2.380043101807466588e+00
1.753945312500000142e+01 2.378682805491449059e+00
1.754296875000000000e+01 2.377321758903246263e+00
1.754648437500000213e+01 2.375959959257381904e+00
1.755000000000000071e+01 2.374597403824681763e+00
1.755351562499999929e+01 2.373234089936281155e+00
1.755703125000000142e+01 2.371870014987514708e+00
1.756054687500000000e+01 2.370505176441678685e+00
1.756406250000000213e+01 2.369139571833667191e+00
1.756757812500000071e+01 2.367773198773472476e+00
1.757109374999999929e+01 2.366406054949555138e+00
1.757460937500000142e+01 2.365038138132072643e+00
1.757812500000000000e+01 2.363669446175962641e+00
1.758164062500000213e+01 2.362299977023891273e+00
1.758515625000000071e+01 2.360929728709048270e+00
1.758867187499999929e+01 2.359558699357797273e+00
1.759218750000000142e+01 2.358186887192180947e+00
1.759570312500000000e+01 2.356814290532268874e+00
1.759921875000000213e+01 2.355440907798364236e+00
1.760273437500000071e+01 2.354066737513053731e+00
1.760624999999999929e+01 2.352691778303112713e+00
1.760976562500000142e+01 2.351316028901258015e+00
1.761328125000000000e+01 2.349939488147751554e+00
1.761679687500000213e+01 2.348562154991863160e+00
1.762031250000000071e+01 2.347184028493180641e+00
1.762382812499999929e+01 2.345805107822779512e+00
1.762734375000000142e+01 2.344425392264253283e+00
1.763085937500000000e+01 2.343044881214600750e+00
1.763437500000000213e+01 2.341663574184981833e+00
1.763789062500000071e+01 2.340281470801331309e+00
1.764140624999999929e+01 2.338898570804853527e+00
1.764492187500000142e+01 2.337514874052379454e+00
1.764843750000000000e+01 2.336130380516604710e+00
1.765195312500000213e+01 2.334745090286206803e+00
1.765546875000000071e+01 2.333359003565845136e+00
1.765898437499999929e+01 2.331972120676045535e+00
1.766250000000000142e+01 2.330584442052978211e+00
1.766601562500000000e+01 2.329195968248132687e+00
1.766953125000000213e+01 2.327806699927887912e+00
1.767304687500000071e+01 2.326416637872986470e+00
1.767656249999999929e+01 2.325025782977919064e+00
1.768007812500000142e+01 2.323634136250219306e+00
1.768359375000000000e+01 2.322241698809679455e+00
1.768710937500000213e+01 2.320848471887481779e+00
1.769062500000000071e+01 2.319454456825262412e+00
1.769414062499999929e+01 2.318059655074100167e+00
1.769765625000000142e+01 2.316664068193452053e+00
1.770117187500000000e+01 2.315267697850017292e+00
1.770468750000000213e+01 2.313870545816556934e+00
1.770820312500000071e+01 2.312472613970658841e+00
1.771171874999999929e+01 2.311073904293461823e+00
1.771523437500000142e+01 2.309674418868337575e+00
1.771875000000000000e+01 2.308274159879539766e+00
1.772226562500000213e+01 2.306873129610822915e+00
1.772578125000000071e+01 2.305471330444035516e+00
1.772929687499999929e+01 2.304068764857691853e+00
1.773281250000000142e+01 2.302665435425530038e+00
1.773632812500000000e+01 2.301261344815055843e+00
1.773984375000000213e+01 2.299856495786081645e+00
1.774335937500000071e+01 2.298450891189259604e+00
1.774687499999999929e+01 2.297044533964620161e+00
1.775039062500000142e+01 2.295637427140109210e+00
1.775390625000000000e+01 2.294229573830142144e+00
1.775742187500000213e+01 2.292820977234162783e+00
1.776093750000000071e+01 2.291411640635224511e+00
1.776445312499999929e+01 2.290001567398588733e+00
1.776796875000000142e+01 2.288590760970344640e+00
1.777148437500000000e+01 2.287179224876056516e+00
1.777500000000000213e+01 2.285766962719441242e+00
1.777851562500000071e+01 2.284353978181071998e+00
1.778203124999999929e+01 2.282940275017120602e+00
1.778554687500000142e+01 2.281525857058130047e+00
1.778906250000000000e+01 2.280110728207829229e+00
1.779257812500000213e+01 2.278694892441985420e+00
1.779609375000000071e+01 2.277278353807291822e+00
1.779960937499999929e+01 2.275861116420302643e+00
1.780312500000000142e+01 2.274443184466408141e+00
1.780664062500000000e+01 2.273024562198850518e+00
1.781015625000000213e+01 2.271605253937782898e+00
1.781367187500000071e+01 2.270185264069373154e+00
1.781718749999999929e+01 2.268764597044947262e+00
1.782070312500000142e+01 2.267343257380177945e+00
1.782421875000000000e+01 2.265921249654309744e+00
1.782773437500000213e+01 2.264498578509432924e+00
1.783125000000000071e+01 2.263075248649785820e+00
1.783476562499999929e+01 2.261651264841105569e+00
1.783828125000000142e+01 2.260226631910009942e+00
1.784179687500000000e+01 2.258801354743416034e+00
1.784531250000000213e+01 2.257375438287990921e+00
1.784882812500000071e+01 2.255948887549639181e+00
1.785234374999999929e+01 2.254521707593013513e+00
1.785585937500000142e+01 2.253093903541058207e+00
1.785937500000000000e+01 2.251665480574575717e+00
1.786289062500000213e+01 2.250236443931819874e+00
1.786640625000000071e+01 2.248806798908106863e+00
1.786992187499999929e+01 2.247376550855449295e+00
1.787343750000000142e+01 2.245945705182205820e+00
1.787695312500000000e+01 2.244514267352742287e+00
1.788046875000000213e+01 2.243082242887114219e+00
1.788398437500000071e+01 2.241649637360749736e+00
1.788749999999999929e+01 2.240216456404149348e+00
1.789101562500000142e+01 2.238782705702585751e+00
1.789453125000000000e+01 2.237348390995811620e+00
1.789804687500000213e+01 2.235913518077768281e+00
1.790156250000000071e+01 2.234478092796295723e+00
1.790507812499999929e+01 2.233042121052839502e+00
1.790859375000000142e+01 2.231605608802158969e+00
1.791210937500000000e+01 2.230168562052025294e+00
1.791562500000000213e+01 2.228730986862921704e+00
1.791914062500000071e+01 2.227292889347726845e+00
1.792265624999999929e+01 2.225854275671402149e+00
1.792617187500000142e+01 2.224415152050661870e+00
1.792968750000000000e+01 2.222975524753636911e+00
1.793320312500000213e+01 2.221535400099531543e+00
1.793671875000000071e+01 2.220094784458264137e+00
1.794023437499999929e+01 2.218653684250104341e+00
1.794375000000000142e+01 2.217212105945293388e+00
1.794726562500000000e+01 2.215770056063660398e+00
1.795078125000000213e+01 2.214327541174225367e+00
1.795429687500000071e+01 2.212884567894786159e+00
1.795781249999999929e+01 2.211441142891509060e+00
1.796132812500000142e+01 2.209997272878498009e+00
1.796484375000000000e+01 2.208552964617357617e+00
1.796835937500000213e+01 2.207108224916753514e+00
1.797187500000000071e+01 2.205663060631955386e+00
1.797539062499999929e+01 2.204217478664378227e+00
1.797890625000000142e+01 2.202771485961114717e+00
1.798242187500000000e+01 2.201325089514460487e+00
1.798593750000000213e+01 2.199878296361434948e+00
1.798945312500000071e+01 2.198431113583289687e+00
1.799296874999999929e+01 2.196983548305022182e+00
1.799648437500000142e+01 2.195535607694873992e+00
1.800000000000000000e+01 2.194087298963829369e+00
1.800351562500000213e+01 2.192638629365109448e+00
1.800703125000000071e+01 2.191189606193657546e+00
1.801054687499999929e+01 2.189740236785628458e+00
1.801406250000000142e+01 2.188290528517865319e+00
1.801757812500000000e+01 2.186840488807378691e+00
1.802109375000000213e+01 2.185390125110816761e+00
1.802460937500000071e+01 2.183939444923939988e+00
1.802812499999999929e+01 2.182488455781081083e+00
1.803164062500000142e+01 2.181037165254609889e+00
1.803515625000000000e+01 2.179585580954392920e+00
1.803867187500000213e+01 2.178133710527242251e+00
1.804218750000000071e+01 2.176681561656370167e+00
1.804570312499999929e+01 2.175229142060832288e+00
1.804921875000000142e+01 2.173776459494966229e+00
1.805273437500000000e+01 2.172323521747828945e+00
1.805625000000000213e+01 2.170870336642624299e+00
1.805976562500000071e+01 2.169416912036128853e+00
1.806328124999999929e+01 2.167963255818106560e+00
1.806679687500000142e+01 2.166509375910722124e+00
1.807031250000000000e+01 2.165055280267945470e+00
1.807382812500000213e+01 2.163600976874946458e+00
1.807734375000000071e+01 2.162146473747487363e+00
1.808085937499999929e+01 2.160691778931305596e+00
1.808437500000000142e+01 2.159236900501488421e+00
1.808789062500000000e+01 2.157781846561841910e+00
1.809140625000000213e+01 2.156326625244252337e+00
1.809492187500000071e+01 2.154871244708039590e+00
1.809843749999999929e+01 2.153415713139307464e+00
1.810195312500000142e+01 2.151960038750283744e+00
1.810546875000000000e+01 2.150504229778656740e+00
1.810898437500000213e+01 2.149048294486909594e+00
1.811250000000000071e+01 2.147592241161645266e+00
1.811601562499999929e+01 2.146136078112912848e+00
1.811953125000000142e+01 2.144679813673532554e+00
1.812304687500000000e+01 2.143223456198411814e+00
1.812656250000000213e+01 2.141767014063872931e+00
1.813007812500000071e+01 2.140310495666971402e+00
1.813359374999999929e+01 2.138853909424821786e+00
1.813710937500000142e+01 2.137397263773927580e+00
1.814062500000000000e+01 2.135940567169509752e+00
1.814414062500000213e+01 2.134483828084848156e+00
1.814765625000000071e+01 2.133027055010623840e+00
1.815117187499999929e+01 2.131570256454271561e+00
1.815468750000000142e+01 2.130113440939342517e+00
1.815820312500000000e+01 2.128656617004873297e+00
1.816171875000000213e+01 2.127199793204766820e+00
1.816523437500000071e+01 2.125742978107186598e+00
1.816874999999999929e+01 2.124286180293962545e+00
1.817226562500000142e+01 2.122829408360006109e+00
1.817578125000000000e+01 2.121372670912746283e+00
1.817929687500000213e+01 2.119915976571572713e+00
1.818281250000000071e+01 2.118459333967297020e+00
1.818632812499999929e+01 2.117002751741630107e+00
1.818984375000000142e+01 2.115546238546670121e+00
1.819335937500000000e+01 2.114089803044411742e+00
1.819687500000000213e+01 2.112633453906263892e+00
1.820039062500000071e+01 2.111177199812588334e+00
1.820390624999999929e+01 2.109721049452249808e+00
1.820742187500000142e+01 2.108265011522180821e+00
1.821093750000000000e+01 2.106809094726960652e+00
1.821445312500000213e+01 2.105353307778403682e+00
1.821796875000000071e+01 2.103897659395168152e+00
1.822148437499999929e+01 2.102442158302363584e+00
1.822500000000000142e+01 2.100986813231179529e+00
1.822851562500000000e+01 2.099531632918513857e+00
1.823203125000000213e+01 2.098076626106612164e+00
1.823554687500000071e+01 2.096621801542713825e+00
1.823906249999999929e+01 2.095167167978695844e+00
1.824257812500000142e+01 2.093712734170727785e+00
1.824609375000000000e+01 2.092258508878918288e+00
1.824960937500000213e+01 2.090804500866966009e+00
1.825312500000000071e+01 2.089350718901807458e+00
1.825664062499999929e+01 2.087897171753256398e+00
1.826015625000000142e+01 2.086443868193643691e+00
1.826367187500000000e+01 2.084990816997442487e+00
1.826718750000000213e+01 2.083538026940889853e+00
1.827070312500000071e+01 2.082085506801595987e+00
1.827421874999999929e+01 2.080633265358139639e+00
1.827773437500000142e+01 2.079181311389654674e+00
1.828125000000000000e+01 2.077729653675399302e+00
1.828476562500000213e+01 2.076278300994311987e+00
1.828828125000000071e+01 2.074827262124550931e+00
1.829179687499999929e+01 2.073376545843017116e+00
1.829531250000000142e+01 2.071926160924860039e+00
1.829882812500000000e+01 2.070476116142966561e+00
1.830234375000000213e+01 2.069026420267429334e+00
1.830585937500000071e+01 2.067577082065001015e+00
1.830937499999999929e+01 2.066128110298525833e+00
1.831289062500000142e+01 2.064679513726355164e+00
1.831640625000000000e+01 2.063231301101744908e+00
1.831992187500000213e+01 2.061783481172234200e+00
1.832343750000000071e+01 2.060336062679005931e+00
1.832695312499999929e+01 2.058889054356230819e+00
1.833046875000000142e+01 2.057442464930395509e+00
1.833398437500000000e+01 2.055996303119616453e+00
1.833750000000000213e+01 2.054550577632932473e+00
1.834101562500000071e+01 2.053105297169592447e+00
1.834453124999999929e+01 2.051660470418324778e+00
1.834804687500000142e+01 2.050216106056594878e+00
1.835156250000000000e+01 2.048772212749856880e+00
1.835507812500000213e+01 2.047328799150791578e+00
1.835859375000000071e+01 2.045885873898540819e+00
1.836210937499999929e+01 2.044443445617933008e+00
1.836562500000000142e+01 2.043001522918705071e+00
1.836914062500000000e+01 2.041560114394723069e+00
1.837265625000000213e+01 2.040119228623197944e+00
1.837617187500000071e+01 2.038678874163905252e+00
1.837968749999999929e+01 2.037239059558401344e+00
1.838320312500000142e+01 2.035799793329246210e+00
1.838671875000000000e+01 2.034361083979228546e+00
1.839023437500000213e+01 2.032922939990597033e+00
1.839375000000000071e+01 2.031485369824294729e+00
1.839726562499999929e+01 2.030048381919204115e+00
1.840078125000000142e+01 2.028611984691397474e+00
1.840429687500000000e+01 2.027176186533399260e+00
1.840781250000000213e+01 2.025740995813451573e+00
1.841132812500000071e+01 2.024306420874795620e+00
1.841484374999999929e+01 2.022872470034957626e+00
1.841835937500000142e+01 2.021439151585048943e+00
1.842187500000000000e+01 2.020006473789071944e+00
1.842539062500000213e+01 2.018574444883237007e+00
1.842890625000000071e+01 2.017143073075289283e+00
1.843242187499999929e+01 2.015712366543840339e+00
1.843593750000000142e+01 2.014282333437712236e+00
1.843945312500000000e+01 2.012852981875283387e+00
1.844296875000000213e+01 2.011424319943843297e+00
1.844648437500000071e+01 2.009996355698949966e+00
1.844999999999999929e+01 2.008569097163791728e+00
1.845351562500000142e+01 2.007142552328548657e+00
1.845703125000000000e+01 2.005716729149757960e+00
1.846054687500000213e+01 2.004291635549674488e+00
1.846406250000000071e+01 2.002867279415631252e+00
1.846757812499999929e+01 2.001443668599396819e+00
1.847109375000000142e+01 2.000020810916524727e+00
1.847460937500000000e+01 1.998598714145698008e+00
1.847812500000000213e+01 1.997177386028067936e+00
1.848164062500000071e+01 1.995756834266580571e+00
1.848515624999999929e+01 1.994337066525296631e+00
1.848867187500000142e+01 1.992918090428700495e+00
1.849218750000000000e+01 1.991499913560996760e+00
1.849570312500000213e+01 1.990082543465399034e+00
1.849921875000000071e+01 1.988665987643404742e+00
1.850273437499999929e+01 1.987250253554062374e+00
1.850625000000000142e+01 1.985835348613223861e+00
1.850976562500000000e+01 1.984421280192792514e+00
1.851328125000000213e+01 1.983008055619956522e+00
1.851679687500000071e+01 1.981595682176421569e+00
1.852031249999999929e+01 1.980184167097629011e+00
1.852382812500000142e+01 1.978773517571977170e+00
1.852734375000000000e+01 1.977363740740034626e+00
1.853085937500000213e+01 1.975954843693754182e+00
1.853437500000000071e+01 1.974546833475687713e+00
1.853789062499999929e+01 1.973139717078203237e+00
1.854140625000000142e+01 1.971733501442710423e+00
1.854492187500000000e+01 1.970328193458890542e+00
1.854843750000000213e+01 1.968923799963938404e+00
1.855195312500000071e+01 1.967520327741818065e+00
1.855546874999999929e+01 1.966117783522531859e+00
1.855898437500000142e+01 1.964716173981408964e+00
1.856250000000000000e+01 1.963315505738412181e+00
1.856601562500000213e+01 1.961915785357469577e+00
1.856953125000000071e+01 1.960517019345827894e+00
1.857304687499999929e+01 1.959119214153433486e+00
1.857656250000000142e+01 1.957722376172343459e+00
1.858007812500000000e+01 1.956326511736162121e+00
1.858359375000000213e+01 1.954931627119512960e+00
1.858710937500000071e+01 1.953537728537540374e+00
1.859062499999999929e+01 1.952144822145442493e+00
1.859414062500000142e+01 1.950752914038042629e+00
1.859765625000000000e+01 1.949362010249389821e+00
1.860117187500000213e+01 1.947972116752391791e+00
1.860468750000000071e+01 1.946583239458485881e+00
1.860820312499999929e+01 1.945195384217335732e+00
1.861171875000000142e+01 1.943808556816563726e+00
1.861523437500000000e+01 1.942422762981511397e+00
1.861875000000000213e+01 1.941038008375025825e+00
1.862226562500000071e+01 1.939654298597274673e+00
1.862578124999999929e+01 1.938271639185586093e+00
1.862929687500000142e+01 1.936890035614307282e+00
1.863281250000000000e+01 1.935509493294686356e+00
1.863632812500000213e+01 1.934130017574769544e+00
1.863984375000000071e+01 1.932751613739314589e+00
1.864335937499999929e+01 1.931374287009717694e+00
1.864687500000000142e+01 1.929998042543950243e+00
1.865039062500000000e+01 1.928622885436505285e+00
1.865390625000000213e+01 1.927248820718351574e+00
1.865742187500000071e+01 1.925875853356890488e+00
1.866093749999999929e+01 1.924503988255919840e+00
1.866445312500000142e+01 1.923133230255600123e+00
1.866796875000000000e+01 1.921763584132420988e+00
1.867148437500000213e+01 1.920395054599170592e+00
1.867500000000000071e+01 1.919027646304907186e+00
1.867851562499999929e+01 1.917661363834930244e+00
1.868203125000000142e+01 1.916296211710754038e+00
1.868554687500000000e+01 1.914932194390086551e+00
1.868906250000000213e+01 1.913569316266807263e+00
1.869257812500000071e+01 1.912207581670955836e+00
1.869609374999999929e+01 1.910846994868723003e+00
1.869960937500000142e+01 1.909487560062453460e+00
1.870312500000000000e+01 1.908129281390656962e+00
1.870664062500000213e+01 1.906772162928033643e+00
1.871015625000000071e+01 1.905416208685516199e+00
1.871367187499999929e+01 1.904061422610324517e+00
1.871718750000000142e+01 1.902707808586046934e+00
1.872070312500000000e+01 1.901355370432736169e+00
1.872421875000000213e+01 1.900004111907036108e+00
1.872773437500000071e+01 1.898654036702328352e+00
1.873124999999999929e+01 1.897305148448910517e+00
1.873476562500000142e+01 1.895957450714204295e+00
1.873828125000000000e+01 1.894610947002989043e+00
1.874179687500000213e+01 1.893265640757671786e+00
1.874531250000000071e+01 1.891921535358586315e+00
1.874882812499999929e+01 1.890578634124326030e+00
1.875234375000000142e+01 1.889236940312106094e+00
1.875585937500000000e+01 1.887896457118160676e+00
1.875937500000000213e+01 1.886557187678168379e+00
1.876289062500000071e+01 1.885219135067708329e+00
1.876640624999999929e+01 1.883882302302745337e+00
1.876992187500000142e+01 1.882546692340140826e+00
1.877343750000000000e+01 1.881212308078188622e+00
1.877695312500000213e+01 1.879879152357175842e+00
1.878046875000000071e+01 1.878547227959961319e+00
1.878398437499999929e+01 1.877216537612575120e+00
1.878750000000000142e+01 1.875887083984834280e+00
1.879101562500000000e+01 1.874558869690970964e+00
1.879453125000000213e+01 1.873231897290274617e+00
1.879804687500000071e+01 1.871906169287740340e+00
1.880156249999999929e+01 1.870581688134729470e+00
1.880507812500000142e+01 1.869258456229631937e+00
1.880859375000000000e+01 1.867936475918533290e+00
1.881210937500000213e+01 1.866615749495885712e+00
1.881562500000000071e+01 1.865296279205178598e+00
1.881914062499999929e+01 1.863978067239609127e+00
1.882265625000000142e+01 1.862661115742754170e+00
1.882617187500000000e+01 1.861345426809236647e+00
1.882968750000000213e+01 1.860031002485395435e+00
1.883320312500000071e+01 1.858717844769948613e+00
1.883671874999999929e+01 1.857405955614659598e+00
1.884023437500000142e+01 1.856095336924997286e+00
1.884375000000000000e+01 1.854785990560799291e+00
1.884726562500000213e+01 1.853477918336933428e+00
1.885078125000000071e+01 1.852171122023956951e+00
1.885429687499999929e+01 1.850865603348782029e+00
1.885781250000000142e+01 1.849561363995336993e+00
1.886132812500000000e+01 1.848258405605235799e+00
1.886484375000000213e+01 1.846956729778445938e+00
1.886835937500000071e+01 1.845656338073963454e+00
1.887187499999999929e+01 1.844357232010490399e+00
1.887539062500000142e+01 1.843059413067117625e+00
1.887890625000000000e+01 1.841762882684013336e+00
1.888242187500000213e+01 1.840467642263117209e+00
1.888593750000000071e+01 1.839173693168838053e+00
1.888945312499999929e+01 1.837881036728759021e+00
1.889296875000000142e+01 1.836589674234347935e+00
1.889648437500000000e+01 1.835299606941670048e+00
1.890000000000000213e+01 1.834010836072109019e+00
1.890351562500000071e+01 1.832723362813088563e+00
1.890703124999999929e+01 1.831437188318798093e+00
1.891054687500000142e+01 1.830152313710922574e+00
1.891406250000000000e+01 1.828868740079370614e+00
1.891757812500000213e+01 1.827586468483007653e+00
1.892109375000000071e+01 1.826305499950382938e+00
1.892460937499999929e+01 1.825025835480461822e+00
1.892812500000000142e+01 1.823747476043350080e+00
1.893164062500000000e+01 1.822470422581017546e+00
1.893515625000000213e+01 1.821194676008018876e+00
1.893867187500000071e+01 1.819920237212204084e+00
1.894218749999999929e+01 1.818647107055428869e+00
1.894570312500000142e+01 1.817375286374252719e+00
1.894921875000000000e+01 1.816104775980632358e+00
1.895273437500000213e+01 1.814835576662604977e+00
1.895625000000000071e+01 1.813567689184961695e+00
1.895976562499999929e+01 1.812301114289912807e+00
1.896328125000000142e+01 1.811035852697741255e+00
1.896679687500000000e+01 1.809771905107445011e+00
1.897031250000000213e+01 1.808509272197369455e+00
1.897382812500000071e+01 1.807247954625828434e+00
1.897734374999999929e+01 1.805987953031710669e+00
1.898085937500000142e+01 1.804729268035079492e+00
1.898437500000000000e+01 1.803471900237757275e+00
1.898789062500000213e+01 1.802215850223898741e+00
1.899140625000000071e+01 1.800961118560554075e+00
1.899492187499999929e+01 1.799707705798220259e+00
1.899843750000000142e+01 1.798455612471379528e+00
1.900195312500000000e+01 1.797204839099030504e+00
1.900546875000000213e+01 1.795955386185203562e+00
1.900898437500000071e+01 1.794707254219471970e+00
1.901249999999999929e+01 1.793460443677447280e+00
1.901601562500000142e+01 1.792214955021271372e+00
1.901953125000000000e+01 1.790970788700092520e+00
1.902304687500000213e+01 1.789727945150539679e+00
1.902656250000000071e+01 1.788486424797183894e+00
1.903007812499999929e+01 1.787246228052995711e+00
1.903359375000000142e+01 1.786007355319792822e+00
1.903710937500000000e+01 1.784769806988685925e+00
1.904062500000000213e+01 1.783533583440514825e+00
1.904414062500000071e+01 1.782298685046282083e+00
1.904765624999999929e+01 1.781065112167583564e+00
1.905117187500000142e+01 1.779832865157033428e+00
1.905468750000000000e+01 1.778601944358690901e+00
1.905820312500000213e+01 1.777372350108479715e+00
1.906171875000000071e+01 1.776144082734611995e+00
1.906523437499999929e+01 1.774917142558007921e+00
1.906875000000000142e+01 1.773691529892719165e+00
1.907226562500000000e+01 1.772467245046350115e+00
1.907578125000000213e+01 1.771244288320483751e+00
1.907929687500000071e+01 1.770022660011106641e+00
1.908281249999999929e+01 1.768802360409039487e+00
1.908632812500000142e+01 1.767583389800368998e+00
1.908984375000000000e+01 1.766365748466881769e+00
1.909335937500000213e+01 1.765149436686506812e+00
1.909687500000000071e+01 1.763934454733756318e+00
1.910039062499999929e+01 1.762720802880174187e+00
1.910390625000000142e+01 1.761508481394788994e+00
1.910742187500000000e+01 1.760297490544569632e+00
1.911093750000000213e+01 1.759087830594887603e+00
1.911445312500000071e+01 1.757879501809982870e+00
1.911796874999999929e+01 1.756672504453434147e+00
1.912148437500000142e+01 1.755466838788635631e+00
1.912500000000000000e+01 1.754262505079275725e+00
1.912851562500000213e+01 1.753059503589821766e+00
1.913203125000000071e+01 1.751857834586007634e+00
1.913554687499999929e+01 1.750657498335326245e+00
1.913906250000000142e+01 1.749458495107523603e+00
1.914257812500000000e+01 1.748260825175098176e+00
1.914609375000000213e+01 1.747064488813800054e+00
1.914960937500000071e+01 1.745869486303134988e+00
1.915312499999999929e+01 1.744675817926866657e+00
1.915664062500000142e+01 1.743483483973524262e+00
1.916015625000000000e+01 1.742292484736906122e+00
1.916367187500000213e+01 1.741102820516585714e+00
1.916718750000000071e+01 1.739914491618417713e+00
1.917070312499999929e+01 1.738727498355039813e+00
1.917421875000000142e+01 1.737541841046375879e+00
1.917773437500000000e+01 1.736357520020133993e+00
1.918125000000000213e+01 1.735174535612302726e+00
1.918476562500000071e+01 1.733992888167641855e+00
1.918828124999999929e+01 1.732812578040169971e+00
1.919179687500000142e+01 1.731633605593645653e+00
1.919531250000000000e+01 1.730455971202040644e+00
1.919882812500000213e+01 1.729279675250007475e+00
1.920234375000000071e+01 1.728104718133338213e+00
1.920585937499999929e+01 1.726931100259411878e+00
1.920937500000000142e+01 1.725758822047634311e+00
1.921289062500000000e+01 1.724587883929863175e+00
1.921640625000000213e+01 1.723418286350823170e+00
1.921992187500000071e+01 1.722250029768505719e+00
1.922343749999999929e+01 1.721083114654552659e+00
1.922695312500000142e+01 1.719917541494627500e+00
1.923046875000000000e+01 1.718753310788765365e+00
1.923398437500000213e+01 1.717590423051708282e+00
1.923750000000000071e+01 1.716428878813218484e+00
1.924101562499999929e+01 1.715268678618372178e+00
1.924453125000000142e+01 1.714109823027833546e+00
1.924804687500000000e+01 1.712952312618104544e+00
1.925156250000000213e+01 1.711796147981751393e+00
1.925507812500000071e+01 1.710641329727608406e+00
1.925859374999999929e+01 1.709487858480956524e+00
1.926210937500000142e+01 1.708335734883674073e+00
1.926562500000000000e+01 1.707184959594364226e+00
1.926914062500000213e+01 1.706035533288451589e+00
1.927265625000000071e+01 1.704887456658255251e+00
1.927617187499999929e+01 1.703740730413028093e+00
1.927968750000000142e+01 1.702595355278973432e+00
1.928320312500000000e+01 1.701451331999227268e+00
1.928671875000000213e+01 1.700308661333814086e+00
1.929023437500000071e+01 1.699167344059572038e+00
1.929374999999999929e+01 1.698027380970049238e+00
1.929726562500000142e+01 1.696888772875370321e+00
1.930078125000000000e+01 1.695751520602072571e+00
1.930429687500000213e+01 1.694615624992914960e+00
1.930781250000000071e+01 1.693481086906656774e+00
1.931132812499999929e+01 1.692347907217808700e+00
1.931484375000000142e+01 1.691216086816355046e+00
1.931835937500000000e+01 1.690085626607449987e+00
1.932187500000000213e+01 1.688956527511086492e+00
1.932539062500000071e+01 1.687828790461737727e+00
1.932890624999999929e+01 1.686702416407975580e+00
1.933242187500000142e+01 1.685577406312061433e+00
1.933593750000000000e+01 1.684453761149515838e+00
1.933945312500000213e+01 1.683331481908662441e+00
1.934296875000000071e+01 1.682210569590150584e+00
1.934648437499999929e+01 1.681091025206455924e+00
1.935000000000000142e+01 1.679972849781361743e+00
1.935351562500000000e+01 1.678856044349416710e+00
1.935703125000000213e+01 1.677740609955377771e+00
1.936054687500000071e+01 1.676626547653632393e+00
1.936406249999999929e+01 1.675513858507605036e+00
1.936757812500000142e+01 1.674402543589147196e+00
1.937109375000000000e+01 1.673292603977911019e+00
1.937460937500000213e+01 1.672184040760712254e+00
1.937812500000000071e+01 1.671076855030876551e+00
1.938164062499999929e+01 1.669971047887575999e+00
1.938515625000000142e+01 1.668866620435154324e+00
1.938867187500000000e+01 1.667763573782441444e+00
1.939218750000000213e+01 1.666661909042059797e+00
1.939570312500000071e+01 1.665561627329722683e+00
1.939921874999999929e+01 1.664462729763526827e+00
1.940273437500000142e+01 1.663365217463235846e+00
1.940625000000000000e+01 1.662269091549563704e+00
1.940976562500000213e+01 1.661174353143449967e+00
1.941328125000000071e+01 1.660081003365335928e+00
1.941679687499999929e+01 1.658989043334436086e+00
1.942031250000000142e+01 1.657898474168013170e+00
1.942382812500000000e+01 1.656809296980648050e+00
1.942734375000000213e+01 1.655721512883517876e+00
1.943085937500000071e+01 1.654635122983669993e+00
1.943437499999999929e+01 1.653550128383305395e+00
1.943789062500000142e+01 1.652466530179063753e+00
1.944140625000000000e+01 1.651384329461312639e+00
1.944492187500000213e+01 1.650303527313447649e+00
1.944843750000000071e+01 1.649224124811194070e+00
1.945195312499999929e+01 1.648146123021919429e+00
1.945546875000000142e+01 1.647069523003955371e+00
1.945898437500000000e+01 1.645994325805924197e+00
1.946250000000000213e+01 1.644920532466078722e+00
1.946601562500000071e+01 1.643848144011649914e+00
1.946953124999999929e+01 1.642777161458204294e+00
1.947304687500000142e+01 1.641707585809012215e+00
1.947656250000000000e+01 1.640639418054426146e+00
1.948007812500000213e+01 1.639572659171268931e+00
1.948359375000000071e+01 1.638507310122235161e+00
1.948710937499999929e+01 1.637443371855299867e+00
1.949062500000000142e+01 1.636380845303140763e+00
1.949414062500000000e+01 1.635319731382570918e+00
1.949765625000000213e+01 1.634260030993982094e+00
1.950117187500000071e+01 1.633201745020799844e+00
1.950468749999999929e+01 1.632144874328949058e+00
1.950820312500000142e+01 1.631089419766333037e+00
1.951171875000000000e+01 1.630035382162319912e+00
1.951523437500000213e+01 1.628982762327244815e+00
1.951875000000000071e+01 1.627931561051920717e+00
1.952226562499999929e+01 1.626881779107159920e+00
1.952578125000000142e+01 1.625833417243310208e+00
1.952929687500000000e+01 1.624786476189797657e+00
1.953281250000000213e+01 1.623740956654684764e+00
1.953632812500000071e+01 1.622696859324237018e+00
1.953984374999999929e+01 1.621654184862500792e+00
1.954335937500000142e+01 1.620612933910893450e+00
1.954687500000000000e+01 1.619573107087802999e+00
1.955039062500000213e+01 1.618534704988200179e+00
1.955390625000000071e+01 1.617497728183259653e+00
1.955742187499999929e+01 1.616462177219994523e+00
1.956093750000000142e+01 1.615428052620897947e+00
1.956445312500000000e+01 1.614395354883600753e+00
1.956796875000000213e+01 1.613364084480534810e+00
1.957148437500000071e+01 1.612334241858609962e+00
1.957499999999999929e+01 1.611305827438900939e+00
1.957851562500000142e+01 1.610278841616343604e+00
1.958203125000000000e+01 1.609253284759443847e+00
1.958554687500000213e+01 1.608229157209993154e+00
1.958906250000000071e+01 1.607206459282796152e+00
1.959257812499999929e+01 1.606185191265406154e+00
1.959609375000000142e+01 1.605165353417872032e+00
1.959960937500000000e+01 1.604146945972490634e+00
1.960312500000000213e+01 1.603129969133570754e+00
1.960664062500000071e+01 1.602114423077203309e+00
1.961015624999999929e+01 1.601100307951042190e+00
1.961367187500000142e+01 1.600087623874088205e+00
1.961718750000000000e+01 1.599076370936487468e+00
1.962070312500000213e+01 1.598066549199330666e+00
1.962421875000000071e+01 1.597058158694466101e+00
1.962773437499999929e+01 1.596051199424313172e+00
1.963125000000000142e+01 1.595045671361690953e+00
1.963476562500000000e+01 1.594041574449647225e+00
1.963828125000000213e+01 1.593038908601299708e+00
1.964179687500000071e+01 1.592037673699681966e+00
1.964531249999999929e+01 1.591037869597597076e+00
1.964882812500000142e+01 1.590039496117479523e+00
1.965234375000000000e+01 1.589042553051262185e+00
1.965585937500000213e+01 1.588047040160253331e+00
1.965937500000000071e+01 1.587052957175017376e+00
1.966289062499999929e+01 1.586060303795266302e+00
1.966640625000000142e+01 1.585069079689755300e+00
1.966992187500000000e+01 1.584079284496185291e+00
1.967343750000000213e+01 1.583090917821115884e+00
1.967695312500000071e+01 1.582103979239880776e+00
1.968046874999999929e+01 1.581118468296512702e+00
1.968398437500000142e+01 1.580134384503674605e+00
1.968750000000000000e+01 1.579151727342597678e+00
1.969101562500000213e+01 1.578170496263025857e+00
1.969453125000000071e+01 1.577190690683166530e+00
1.969804687499999929e+01 1.576212309989650562e+00
1.970156250000000142e+01 1.575235353537494554e+00
1.970507812500000000e+01 1.574259820650073971e+00
1.970859375000000213e+01 1.573285710619100053e+00
1.971210937500000071e+01 1.572313022704603158e+00
1.971562499999999929e+01 1.571341756134925216e+00
1.971914062500000142e+01 1.570371910106713287e+00
1.972265625000000000e+01 1.569403483784925335e+00
1.972617187500000213e+01 1.568436476302836446e+00
1.972968750000000071e+01 1.567470886762055926e+00
1.973320312499999929e+01 1.566506714232546171e+00
1.973671875000000142e+01 1.565543957752649984e+00
1.974023437500000000e+01 1.564582616329123876e+00
1.974375000000000213e+01 1.563622688937175376e+00
1.974726562500000071e+01 1.562664174520508986e+00
1.975078124999999929e+01 1.561707071991374374e+00
1.975429687500000142e+01 1.560751380230622765e+00
1.975781250000000000e+01 1.559797098087770451e+00
1.976132812500000213e+01 1.558844224381063182e+00
1.976484375000000071e+01 1.557892757897551661e+00
1.976835937499999929e+01 1.556942697393167929e+00
1.977187500000000142e+01 1.555994041592811294e+00
1.977539062500000000e+01 1.555046789190436263e+00
1.977890625000000213e+01 1.554100938849149349e+00
1.978242187500000071e+01 1.553156489201307888e+00
1.978593749999999929e+01 1.552213438848626836e+00
1.978945312500000142e+01 1.551271786362291127e+00
1.979296875000000000e+01 1.550331530283070691e+00
1.979648437500000213e+01 1.549392669121444577e+00
1.980000000000000071e+01 1.548455201357728850e+00
1.980351562499999929e+01 1.547519125442210264e+00
1.980703125000000142e+01 1.546584439795285704e+00
1.981054687500000000e+01 1.545651142807607847e+00
1.981406250000000213e+01 1.544719232840234380e+00
1.981757812500000071e+01 1.543788708224785644e+00
1.982109374999999929e+01 1.542859567263604514e+00
1.982460937500000142e+01 1.541931808229925149e+00
1.982812500000000000e+01 1.541005429368041524e+00
1.983164062500000213e+01 1.540080428893485731e+00
1.983515625000000071e+01 1.539156804993208505e+00
1.983867187499999929e+01 1.538234555825762850e+00
1.984218750000000142e+01 1.537313679521495224e+00
1.984570312500000000e+01 1.536394174182737160e+00
1.984921875000000213e+01 1.535476037884003109e+00
1.985273437500000071e+01 1.534559268672191834e+00
1.985624999999999929e+01 1.533643864566789805e+00
1.985976562500000142e+01 1.532729823560081694e+00
1.986328125000000000e+01 1.531817143617361765e+00
1.986679687500000213e+01 1.530905822677152361e+00
1.987031250000000071e+01 1.529995858651423291e+00
1.987382812499999929e+01 1.529087249425816530e+00
1.987734375000000142e+01 1.528179992859878489e+00
1.988085937500000000e+01 1.527274086787289153e+00
1.988437500000000213e+01 1.526369529016103233e+00
1.988789062500000071e+01 1.525466317328989518e+00
1.989140624999999929e+01 1.524564449483476469e+00
1.989492187500000142e+01 1.523663923212199567e+00
1.989843750000000000e+01 1.522764736223155113e+00
1.990195312500000213e+01 1.521866886199952251e+00
1.990546875000000071e+01 1.520970370802072313e+00
1.990898437499999929e+01 1.520075187665126393e+00
1.991250000000000142e+01 1.519181334401119354e+00
1.991601562500000000e+01 1.518288808598713402e+00
1.991953125000000213e+01 1.517397607823494532e+00
1.992304687500000071e+01 1.516507729618242095e+00
1.992656249999999929e+01 1.515619171503201246e+00
1.993007812500000142e+01 1.514731930976354946e+00
1.993359375000000000e+01 1.513846005513704185e+00
1.993710937500000213e+01 1.512961392569545094e+00
1.994062500000000071e+01 1.512078089576754714e+00
1.994414062499999929e+01 1.511196093947074992e+00
1.994765625000000142e+01 1.510315403071403217e+00
1.995117187500000000e+01 1.509436014320081787e+00
1.995468750000000213e+01 1.508557925043195524e+00
1.995820312500000071e+01 1.507681132570864779e+00
1.996171874999999929e+01 1.506805634213545630e+00
1.996523437500000142e+01 1.505931427262327427e+00
1.996875000000000000e+01 1.505058508989234545e+00
1.997226562500000213e+01 1.504186876647525040e+00
1.997578125000000071e+01 1.503316527471993513e+00
1.997929687499999929e+01 1.502447458679269099e+00
1.998281250000000142e+01 1.501579667468117441e+00
1.998632812500000000e+01 1.500713151019740010e+00
1.998984375000000213e+01 1.499847906498073424e+00
1.999335937500000071e+01 1.498983931050089868e+00
1.999687499999999929e+01 1.498121221806096859e+00
2.000039062500000142e+01 1.497259775880035892e+00
